MANDT,MATNR,WERKS,PSTAT,LVORM,MMSTA,MMSTD,MAABC,EKGRP,DISMM,DISPO,PLIFZ,WEBAZ,EISBE,MINBE,MABST,BESKZ,SOBSL,LGPRO,LGFSB,PERKZ
100,10000,1000,KVED,,,,B,100,PD,005,25,5,0.0,0.0,13.2,F,,0001,0001,M
100,10000,2000,KVED,,,,A,200,PD,005,6,1,0.0,0.0,28.3,F,,0001,0001,M
100,10001,1000,KVED,,,,B,100,PD,002,15,2,0.0,0.0,20.6,F,,0001,0001,M
100,10001,2000,KVED,,,,C,200,PD,001,13,2,0.0,0.0,33.6,F,,0001,0001,M
100,10002,1000,KVED,,,,C,200,PD,002,25,3,0.0,0.0,32.6,F,,0001,0001,M
100,10002,2000,KVED,,,,A,300,PD,002,23,5,0.0,0.0,11.9,F,,0001,0001,M
100,10003,1000,KVED,,,,C,300,PD,005,15,5,0.0,0.0,6.9,F,,0001,0001,M
100,10003,2000,KVED,,,,A,100,PD,001,25,5,0.0,0.0,16.9,F,,0001,0001,M
100,10004,1000,KVED,,,,A,300,PD,004,24,1,0.0,0.0,27.4,F,,0001,0001,M
100,10004,2000,KVED,,,,C,300,PD,003,25,3,0.0,0.0,26.7,F,,0001,0001,M
100,10005,1000,KVED,,,,B,200,PD,004,7,1,97.0,48.5,12.1,F,,0001,0001,M
100,10005,2000,KVED,,,,B,200,PD,002,15,5,63.0,31.5,11.5,F,,0001,0001,M
100,10006,1000,KVED,,,,C,200,PD,004,9,3,50.0,25.0,28.2,F,,0001,0001,M
100,10006,2000,KVED,,,,B,100,PD,004,8,3,23.0,11.5,25.2,F,,0001,0001,M
100,10007,1000,KVED,,,,A,100,PD,003,17,5,28.0,14.0,23.8,F,,0001,0001,M
100,10007,2000,KVED,,,,B,300,PD,003,11,2,30.0,15.0,27.4,F,,0001,0001,M
100,10008,1000,KVED,,,,B,200,PD,003,20,1,75.0,37.5,9.1,F,,0001,0001,M
100,10008,2000,KVED,,,,C,200,PD,002,11,5,60.0,30.0,20.9,F,,0001,0001,M
100,10009,1000,KVED,,,,B,200,PD,005,25,4,16.0,8.0,17.9,F,,0001,0001,M
100,10009,2000,KVED,,,,A,200,PD,002,13,3,11.0,5.5,39.4,F,,0001,0001,M
100,10010,1000,KVED,,,,A,200,PD,001,23,5,56.0,28.0,13.8,F,,0001,0001,M
100,10010,2000,KVED,,,,B,100,PD,004,21,4,80.0,40.0,39.4,F,,0001,0001,M
100,10011,1000,KVED,,,,C,300,PD,005,8,2,45.0,22.5,48.9,F,,0001,0001,M
100,10011,2000,KVED,,,,B,200,PD,005,16,2,60.0,30.0,14.0,F,,0001,0001,M
100,10012,1000,KVED,,,,B,300,PD,001,6,1,75.0,37.5,11.2,F,,0001,0001,M
100,10012,2000,KVED,,,,B,300,PD,004,9,5,52.0,26.0,45.2,F,,0001,0001,M
100,10013,1000,KVED,,,,B,300,PD,003,10,4,27.0,13.5,49.6,F,,0001,0001,M
100,10013,2000,KVED,,,,C,200,PD,005,21,5,48.0,24.0,27.0,F,,0001,0001,M
100,10014,1000,KVED,,,,B,200,PD,001,16,3,82.0,41.0,35.3,F,,0001,0001,M
100,10014,2000,KVED,,,,C,200,PD,001,24,4,63.0,31.5,16.9,F,,0001,0001,M
100,10015,1000,KVED,,,,C,300,PD,002,28,1,93.0,46.5,31.3,F,,0001,0001,M
100,10015,2000,KVED,,,,C,300,PD,005,29,4,31.0,15.5,11.6,F,,0001,0001,M
100,10016,1000,KVED,,,,A,100,PD,005,27,1,97.0,48.5,13.6,F,,0001,0001,M
100,10016,2000,KVED,,,,B,200,PD,002,18,2,66.0,33.0,23.5,F,,0001,0001,M
100,10017,1000,KVED,,,,B,300,PD,001,27,2,88.0,44.0,28.3,F,,0001,0001,M
100,10017,2000,KVED,,,,B,300,PD,004,21,4,81.0,40.5,19.1,F,,0001,0001,M
100,10018,1000,KVED,,,,B,300,PD,003,22,3,32.0,16.0,35.4,F,,0001,0001,M
100,10018,2000,KVED,,,,C,300,PD,003,24,4,97.0,48.5,13.7,F,,0001,0001,M
100,10019,1000,KVED,,,,B,300,PD,003,12,3,41.0,20.5,39.7,F,,0001,0001,M
100,10019,2000,KVED,,,,A,300,PD,004,15,4,100.0,50.0,20.7,F,,0001,0001,M
100,10020,1000,KVED,,,,B,100,PD,005,26,5,45.0,22.5,22.1,F,,0001,0001,M
100,10020,2000,KVED,,,,B,100,PD,003,6,3,60.0,30.0,48.0,F,,0001,0001,M
100,10021,1000,KVED,,,,B,200,PD,003,28,4,20.0,10.0,14.6,F,,0001,0001,M
100,10021,2000,KVED,,,,B,300,PD,003,9,1,78.0,39.0,32.7,F,,0001,0001,M
100,10022,1000,KVED,,,,A,100,PD,001,26,5,85.0,42.5,15.2,F,,0001,0001,M
100,10022,2000,KVED,,,,A,100,PD,004,15,4,39.0,19.5,9.5,F,,0001,0001,M
100,10023,1000,KVED,,,,A,300,PD,002,18,4,27.0,13.5,26.5,F,,0001,0001,M
100,10023,2000,KVED,,,,B,200,PD,003,25,1,35.0,17.5,45.9,F,,0001,0001,M
100,10024,1000,KVED,,,,C,300,PD,002,22,1,21.0,10.5,46.1,F,,0001,0001,M
100,10024,2000,KVED,,,,B,100,PD,001,17,4,32.0,16.0,13.4,F,,0001,0001,M
100,10025,1000,KVED,,,,A,100,PD,003,23,5,47.0,23.5,9.8,F,,0001,0001,M
100,10025,2000,KVED,,,,B,200,PD,005,21,4,52.0,26.0,45.0,F,,0001,0001,M
100,10026,1000,KVED,,,,C,200,PD,003,11,1,27.0,13.5,19.9,F,,0001,0001,M
100,10026,2000,KVED,,,,C,200,PD,002,5,3,68.0,34.0,40.6,F,,0001,0001,M
100,10027,1000,KVED,,,,C,100,PD,002,24,4,82.0,41.0,42.2,F,,0001,0001,M
100,10027,2000,KVED,,,,B,100,PD,004,26,1,75.0,37.5,13.3,F,,0001,0001,M
100,10028,1000,KVED,,,,B,200,PD,002,5,3,27.0,13.5,22.3,F,,0001,0001,M
100,10028,2000,KVED,,,,B,200,PD,003,23,5,67.0,33.5,5.5,F,,0001,0001,M
100,10029,1000,KVED,,,,B,300,PD,002,6,1,93.0,46.5,25.9,F,,0001,0001,M
100,10029,2000,KVED,,,,B,300,PD,005,27,3,30.0,15.0,36.1,F,,0001,0001,M
100,10030,1000,KVED,,,,B,200,PD,005,12,2,91.0,45.5,48.1,F,,0001,0001,M
100,10030,2000,KVED,,,,A,200,PD,005,16,4,71.0,35.5,36.6,F,,0001,0001,M
100,10031,1000,KVED,,,,C,300,PD,002,29,2,70.0,35.0,35.6,F,,0001,0001,M
100,10031,2000,KVED,,,,A,300,PD,004,21,3,86.0,43.0,8.5,F,,0001,0001,M
100,10032,1000,KVED,,,,A,100,PD,005,21,2,82.0,41.0,30.8,F,,0001,0001,M
100,10032,2000,KVED,,,,A,200,PD,005,19,1,29.0,14.5,35.6,F,,0001,0001,M
100,10033,1000,KVED,,,,B,100,PD,005,19,1,84.0,42.0,25.4,F,,0001,0001,M
100,10033,2000,KVED,,,,B,200,PD,005,6,5,75.0,37.5,25.8,F,,0001,0001,M
100,10034,1000,KVED,,,,C,100,PD,004,13,1,49.0,24.5,38.6,F,,0001,0001,M
100,10034,2000,KVED,,,,A,100,PD,004,16,1,84.0,42.0,29.4,F,,0001,0001,M
100,10035,1000,KVED,,,,A,200,PD,001,14,4,17.0,8.5,13.1,F,,0001,0001,M
100,10035,2000,KVED,,,,C,300,PD,004,16,4,27.0,13.5,25.2,F,,0001,0001,M
100,10036,1000,KVED,,,,B,100,PD,005,9,3,58.0,29.0,10.3,F,,0001,0001,M
100,10036,2000,KVED,,,,B,300,PD,002,28,2,78.0,39.0,42.6,F,,0001,0001,M
100,10037,1000,KVED,,,,B,200,PD,005,18,5,12.0,6.0,22.1,F,,0001,0001,M
100,10037,2000,KVED,,,,A,200,PD,003,9,3,39.0,19.5,13.5,F,,0001,0001,M
100,10038,1000,KVED,,,,A,300,PD,004,24,1,24.0,12.0,15.8,F,,0001,0001,M
100,10038,2000,KVED,,,,A,300,PD,001,19,5,18.0,9.0,35.2,F,,0001,0001,M
100,10039,1000,KVED,,,,A,300,PD,001,17,4,16.0,8.0,15.5,F,,0001,0001,M
100,10039,2000,KVED,,,,A,100,PD,005,14,2,37.0,18.5,41.7,F,,0001,0001,M
100,10040,1000,KVED,,,,B,300,PD,005,29,3,83.0,41.5,15.7,F,,0001,0001,M
100,10040,2000,KVED,,,,C,300,PD,002,18,3,28.0,14.0,17.4,F,,0001,0001,M
100,10041,1000,KVED,,,,C,300,PD,002,25,4,81.0,40.5,30.0,F,,0001,0001,M
100,10041,2000,KVED,,,,B,300,PD,004,30,5,16.0,8.0,19.3,F,,0001,0001,M
100,10042,1000,KVED,,,,B,100,PD,003,17,2,63.0,31.5,38.9,F,,0001,0001,M
100,10042,2000,KVED,,,,A,100,PD,003,27,2,70.0,35.0,41.3,F,,0001,0001,M
100,10043,1000,KVED,,,,C,200,PD,004,22,5,17.0,8.5,11.0,F,,0001,0001,M
100,10043,2000,KVED,,,,B,100,PD,003,25,1,41.0,20.5,46.5,F,,0001,0001,M
100,10044,1000,KVED,,,,A,300,PD,002,6,3,57.0,28.5,22.0,F,,0001,0001,M
100,10044,2000,KVED,,,,C,100,PD,001,11,5,87.0,43.5,37.6,F,,0001,0001,M
100,10045,1000,KVED,,,,A,200,PD,002,15,3,81.0,40.5,48.1,F,,0001,0001,M
100,10045,2000,KVED,,,,A,100,PD,001,28,4,11.0,5.5,46.1,F,,0001,0001,M
100,10046,1000,KVED,,,,C,300,PD,002,17,2,99.0,49.5,29.8,F,,0001,0001,M
100,10046,2000,KVED,,,,B,200,PD,005,25,3,46.0,23.0,18.9,F,,0001,0001,M
100,10047,1000,KVED,,,,C,200,PD,004,8,4,56.0,28.0,39.3,F,,0001,0001,M
100,10047,2000,KVED,,,,A,200,PD,003,18,1,50.0,25.0,30.3,F,,0001,0001,M
100,10048,1000,KVED,,,,C,100,PD,001,13,5,38.0,19.0,47.1,F,,0001,0001,M
100,10048,2000,KVED,,,,C,200,PD,003,9,2,84.0,42.0,19.8,F,,0001,0001,M
100,10049,1000,KVED,,,,C,100,PD,004,22,3,58.0,29.0,16.6,F,,0001,0001,M
100,10049,2000,KVED,,,,C,300,PD,004,19,2,72.0,36.0,38.0,F,,0001,0001,M
100,10050,1000,KVED,,,,A,100,PD,005,20,2,55.0,27.5,46.3,F,,0001,0001,M
100,10050,2000,KVED,,,,C,100,PD,005,6,1,79.0,39.5,47.5,F,,0001,0001,M
100,10051,1000,KVED,,,,A,100,PD,004,9,2,95.0,47.5,8.1,F,,0001,0001,M
100,10051,2000,KVED,,,,A,100,PD,005,19,3,29.0,14.5,7.7,F,,0001,0001,M
100,10052,1000,KVED,,,,C,300,PD,004,26,4,91.0,45.5,5.7,F,,0001,0001,M
100,10052,2000,KVED,,,,C,200,PD,001,5,5,78.0,39.0,37.5,F,,0001,0001,M
100,10053,1000,KVED,,,,B,100,PD,005,27,4,78.0,39.0,41.3,F,,0001,0001,M
100,10053,2000,KVED,,,,A,100,PD,005,9,2,32.0,16.0,13.6,F,,0001,0001,M
100,10054,1000,KVED,,,,B,200,PD,003,30,4,77.0,38.5,8.6,F,,0001,0001,M
100,10054,2000,KVED,,,,B,300,PD,002,27,2,61.0,30.5,18.5,F,,0001,0001,M
100,10055,1000,KVED,,,,C,300,PD,001,7,4,20.0,10.0,22.1,F,,0001,0001,M
100,10055,2000,KVED,,,,B,100,PD,001,27,2,80.0,40.0,8.7,F,,0001,0001,M
100,10056,1000,KVED,,,,C,200,PD,005,8,5,65.0,32.5,46.4,F,,0001,0001,M
100,10056,2000,KVED,,,,A,300,PD,005,20,3,39.0,19.5,7.1,F,,0001,0001,M
100,10057,1000,KVED,,,,C,200,PD,005,23,1,19.0,9.5,13.1,F,,0001,0001,M
100,10057,2000,KVED,,,,A,100,PD,005,9,4,50.0,25.0,46.8,F,,0001,0001,M
100,10058,1000,KVED,,,,A,300,PD,002,23,4,48.0,24.0,35.5,F,,0001,0001,M
100,10058,2000,KVED,,,,B,200,PD,002,30,1,79.0,39.5,27.5,F,,0001,0001,M
100,10059,1000,KVED,,,,A,100,PD,004,12,1,54.0,27.0,20.3,F,,0001,0001,M
100,10059,2000,KVED,,,,C,200,PD,003,5,3,88.0,44.0,40.3,F,,0001,0001,M
100,10060,1000,KVED,,,,B,100,PD,003,22,4,67.0,33.5,24.4,F,,0001,0001,M
100,10060,2000,KVED,,,,C,300,PD,004,7,5,97.0,48.5,18.3,F,,0001,0001,M
100,10061,1000,KVED,,,,C,100,PD,001,13,2,41.0,20.5,22.1,F,,0001,0001,M
100,10061,2000,KVED,,,,A,300,PD,004,15,3,91.0,45.5,9.8,F,,0001,0001,M
100,10062,1000,KVED,,,,B,200,PD,003,29,3,10.0,5.0,9.6,F,,0001,0001,M
100,10062,2000,KVED,,,,A,200,PD,004,22,5,21.0,10.5,28.1,F,,0001,0001,M
100,10063,1000,KVED,,,,A,100,PD,003,22,1,23.0,11.5,31.9,F,,0001,0001,M
100,10063,2000,KVED,,,,B,100,PD,003,18,4,51.0,25.5,40.1,F,,0001,0001,M
100,10064,1000,KVED,,,,A,300,PD,005,10,4,81.0,40.5,12.6,F,,0001,0001,M
100,10064,2000,KVED,,,,B,200,PD,004,9,1,44.0,22.0,12.5,F,,0001,0001,M
100,10065,1000,KVED,,,,B,200,PD,004,30,1,45.0,22.5,21.3,F,,0001,0001,M
100,10065,2000,KVED,,,,C,300,PD,004,24,5,41.0,20.5,13.8,F,,0001,0001,M
100,10066,1000,KVED,,,,A,200,PD,001,17,3,23.0,11.5,42.9,F,,0001,0001,M
100,10066,2000,KVED,,,,B,200,PD,003,18,5,58.0,29.0,11.1,F,,0001,0001,M
100,10067,1000,KVED,,,,C,300,PD,002,20,3,51.0,25.5,13.0,F,,0001,0001,M
100,10067,2000,KVED,,,,B,200,PD,004,23,2,60.0,30.0,19.7,F,,0001,0001,M
100,10068,1000,KVED,,,,B,200,PD,001,23,2,45.0,22.5,31.7,F,,0001,0001,M
100,10068,2000,KVED,,,,A,300,PD,005,5,4,79.0,39.5,47.4,F,,0001,0001,M
100,10069,1000,KVED,,,,B,200,PD,001,30,4,36.0,18.0,35.3,F,,0001,0001,M
100,10069,2000,KVED,,,,C,200,PD,002,13,2,27.0,13.5,37.2,F,,0001,0001,M
100,10070,1000,KVED,,,,A,200,PD,005,20,5,58.0,29.0,23.0,F,,0001,0001,M
100,10070,2000,KVED,,,,C,200,PD,005,6,3,74.0,37.0,36.6,F,,0001,0001,M
100,10071,1000,KVED,,,,C,300,PD,001,8,2,78.0,39.0,34.6,F,,0001,0001,M
100,10071,2000,KVED,,,,A,300,PD,005,6,5,55.0,27.5,49.3,F,,0001,0001,M
100,10072,1000,KVED,,,,C,200,PD,003,30,4,96.0,48.0,9.8,F,,0001,0001,M
100,10072,2000,KVED,,,,B,100,PD,005,28,5,22.0,11.0,30.1,F,,0001,0001,M
100,10073,1000,KVED,,,,C,100,PD,004,16,4,98.0,49.0,25.8,F,,0001,0001,M
100,10073,2000,KVED,,,,C,300,PD,005,9,3,96.0,48.0,49.9,F,,0001,0001,M
100,10074,1000,KVED,,,,A,200,PD,004,7,1,71.0,35.5,42.4,F,,0001,0001,M
100,10074,2000,KVED,,,,B,200,PD,003,19,2,28.0,14.0,28.5,F,,0001,0001,M
100,10075,1000,KVED,,,,B,100,PD,004,28,4,54.0,27.0,19.4,F,,0001,0001,M
100,10075,2000,KVED,,,,A,300,PD,001,5,3,48.0,24.0,34.2,F,,0001,0001,M
100,10076,1000,KVED,,,,A,300,PD,002,21,2,96.0,48.0,29.8,F,,0001,0001,M
100,10076,2000,KVED,,,,C,200,PD,004,12,4,52.0,26.0,33.3,F,,0001,0001,M
100,10077,1000,KVED,,,,C,300,PD,004,17,1,33.0,16.5,38.2,F,,0001,0001,M
100,10077,2000,KVED,,,,B,300,PD,004,17,1,35.0,17.5,36.7,F,,0001,0001,M
100,10078,1000,KVED,,,,B,300,PD,001,23,1,36.0,18.0,41.0,F,,0001,0001,M
100,10078,2000,KVED,,,,A,200,PD,003,11,4,78.0,39.0,10.1,F,,0001,0001,M
100,10079,1000,KVED,,,,B,300,PD,003,24,4,95.0,47.5,32.5,F,,0001,0001,M
100,10079,2000,KVED,,,,A,200,PD,003,19,5,85.0,42.5,12.8,F,,0001,0001,M
100,10080,1000,KVED,,,,C,200,PD,005,23,1,96.0,48.0,35.2,F,,0001,0001,M
100,10080,2000,KVED,,,,A,100,PD,003,8,2,50.0,25.0,21.8,F,,0001,0001,M
100,10081,1000,KVED,,,,C,200,PD,004,24,2,28.0,14.0,30.9,F,,0001,0001,M
100,10081,2000,KVED,,,,A,200,PD,005,27,2,64.0,32.0,30.0,F,,0001,0001,M
100,10082,1000,KVED,,,,B,100,PD,002,15,4,72.0,36.0,32.9,F,,0001,0001,M
100,10082,2000,KVED,,,,A,200,PD,002,11,4,55.0,27.5,48.4,F,,0001,0001,M
100,10083,1000,KVED,,,,C,200,PD,004,26,4,74.0,37.0,23.7,F,,0001,0001,M
100,10083,2000,KVED,,,,B,100,PD,001,23,1,66.0,33.0,40.8,F,,0001,0001,M
100,10084,1000,KVED,,,,B,100,PD,003,12,5,38.0,19.0,18.0,F,,0001,0001,M
100,10084,2000,KVED,,,,C,300,PD,004,22,5,68.0,34.0,10.1,F,,0001,0001,M
100,10085,1000,KVED,,,,B,300,PD,003,22,1,24.0,12.0,39.2,F,,0001,0001,M
100,10085,2000,KVED,,,,C,100,PD,004,8,2,66.0,33.0,18.4,F,,0001,0001,M
100,10086,1000,KVED,,,,B,200,PD,003,7,4,14.0,7.0,43.9,F,,0001,0001,M
100,10086,2000,KVED,,,,A,100,PD,005,27,3,25.0,12.5,43.7,F,,0001,0001,M
100,10087,1000,KVED,,,,C,200,PD,002,24,2,88.0,44.0,40.3,F,,0001,0001,M
100,10087,2000,KVED,,,,A,300,PD,003,22,3,36.0,18.0,31.9,F,,0001,0001,M
100,10088,1000,KVED,,,,B,300,PD,003,14,5,31.0,15.5,17.0,F,,0001,0001,M
100,10088,2000,KVED,,,,C,100,PD,002,29,4,75.0,37.5,46.3,F,,0001,0001,M
100,10089,1000,KVED,,,,C,100,PD,002,12,2,45.0,22.5,37.0,F,,0001,0001,M
100,10089,2000,KVED,,,,C,200,PD,004,9,5,41.0,20.5,33.5,F,,0001,0001,M
100,10090,1000,KVED,,,,B,200,PD,004,7,1,90.0,45.0,23.1,F,,0001,0001,M
100,10090,2000,KVED,,,,C,200,PD,004,20,3,45.0,22.5,31.2,F,,0001,0001,M
100,10091,1000,KVED,,,,C,200,PD,003,7,5,21.0,10.5,22.9,F,,0001,0001,M
100,10091,2000,KVED,,,,A,200,PD,003,15,3,64.0,32.0,20.2,F,,0001,0001,M
100,10092,1000,KVED,,,,A,300,PD,004,30,3,83.0,41.5,45.2,F,,0001,0001,M
100,10092,2000,KVED,,,,A,100,PD,004,5,1,16.0,8.0,46.8,F,,0001,0001,M
100,10093,1000,KVED,,,,B,200,PD,001,18,2,30.0,15.0,49.8,F,,0001,0001,M
100,10093,2000,KVED,,,,C,200,PD,002,13,1,26.0,13.0,34.5,F,,0001,0001,M
100,10094,1000,KVED,,,,A,200,PD,002,6,4,42.0,21.0,33.2,F,,0001,0001,M
100,10094,2000,KVED,,,,A,200,PD,001,27,1,99.0,49.5,5.0,F,,0001,0001,M
100,10095,1000,KVED,,,,A,100,PD,005,12,5,71.0,35.5,35.6,F,,0001,0001,M
100,10095,2000,KVED,,,,A,300,PD,003,8,4,11.0,5.5,36.2,F,,0001,0001,M
100,10096,1000,KVED,,,,A,100,PD,004,7,1,71.0,35.5,9.6,F,,0001,0001,M
100,10096,2000,KVED,,,,B,100,PD,004,29,2,57.0,28.5,33.9,F,,0001,0001,M
100,10097,1000,KVED,,,,A,100,PD,005,23,1,96.0,48.0,32.5,F,,0001,0001,M
100,10097,2000,KVED,,,,B,200,PD,002,25,2,31.0,15.5,46.4,F,,0001,0001,M
100,10098,1000,KVED,,,,C,200,PD,002,7,1,88.0,44.0,11.3,F,,0001,0001,M
100,10098,2000,KVED,,,,C,300,PD,004,16,4,25.0,12.5,19.2,F,,0001,0001,M
100,10099,1000,KVED,,,,A,200,PD,001,12,5,27.0,13.5,32.0,F,,0001,0001,M
100,10099,2000,KVED,,,,B,300,PD,001,26,3,87.0,43.5,14.2,F,,0001,0001,M
100,10100,1000,KVED,,,,C,100,PD,004,14,1,87.0,43.5,40.3,F,,0001,0001,M
100,10100,2000,KVED,,,,B,200,PD,001,12,4,40.0,20.0,33.7,F,,0001,0001,M
100,10101,1000,KVED,,,,C,100,PD,003,15,2,19.0,9.5,22.4,F,,0001,0001,M
100,10101,2000,KVED,,,,B,200,PD,005,26,2,82.0,41.0,39.3,F,,0001,0001,M
100,10102,1000,KVED,,,,A,300,PD,001,5,3,19.0,9.5,14.7,F,,0001,0001,M
100,10102,2000,KVED,,,,B,300,PD,003,25,5,17.0,8.5,39.5,F,,0001,0001,M
100,10103,1000,KVED,,,,C,200,PD,001,25,5,64.0,32.0,29.2,F,,0001,0001,M
100,10103,2000,KVED,,,,B,100,PD,003,7,5,29.0,14.5,46.4,F,,0001,0001,M
100,10104,1000,KVED,,,,C,200,PD,004,23,1,29.0,14.5,19.0,F,,0001,0001,M
100,10104,2000,KVED,,,,C,100,PD,001,12,1,65.0,32.5,46.6,F,,0001,0001,M
100,10105,1000,KVED,,,,B,300,PD,005,6,3,24.0,12.0,35.0,F,,0001,0001,M
100,10105,2000,KVED,,,,C,100,PD,001,5,2,94.0,47.0,36.6,F,,0001,0001,M
100,10106,1000,KVED,,,,B,200,PD,005,21,3,30.0,15.0,12.5,F,,0001,0001,M
100,10106,2000,KVED,,,,C,200,PD,001,29,1,26.0,13.0,20.1,F,,0001,0001,M
100,10107,1000,KVED,,,,B,300,PD,001,13,5,64.0,32.0,33.2,F,,0001,0001,M
100,10107,2000,KVED,,,,B,300,PD,003,6,4,73.0,36.5,43.7,F,,0001,0001,M
100,10108,1000,KVED,,,,B,100,PD,003,29,1,31.0,15.5,45.2,F,,0001,0001,M
100,10108,2000,KVED,,,,C,100,PD,002,28,5,96.0,48.0,5.1,F,,0001,0001,M
100,10109,1000,KVED,,,,A,100,PD,004,16,4,11.0,5.5,46.4,F,,0001,0001,M
100,10109,2000,KVED,,,,A,300,PD,004,12,3,32.0,16.0,16.2,F,,0001,0001,M
100,10110,1000,KVED,,,,B,100,PD,005,16,1,50.0,25.0,27.6,F,,0001,0001,M
100,10110,2000,KVED,,,,A,100,PD,005,6,4,16.0,8.0,8.1,F,,0001,0001,M
100,10111,1000,KVED,,,,B,200,PD,003,7,5,69.0,34.5,25.6,F,,0001,0001,M
100,10111,2000,KVED,,,,A,200,PD,005,30,3,57.0,28.5,38.3,F,,0001,0001,M
100,10112,1000,KVED,,,,B,200,PD,005,20,2,41.0,20.5,38.0,F,,0001,0001,M
100,10112,2000,KVED,,,,A,100,PD,001,18,1,79.0,39.5,15.5,F,,0001,0001,M
100,10113,1000,KVED,,,,C,300,PD,001,15,1,54.0,27.0,39.2,F,,0001,0001,M
100,10113,2000,KVED,,,,C,300,PD,003,8,2,58.0,29.0,28.8,F,,0001,0001,M
100,10114,1000,KVED,,,,B,200,PD,001,9,3,40.0,20.0,9.2,F,,0001,0001,M
100,10114,2000,KVED,,,,C,200,PD,003,19,1,39.0,19.5,31.1,F,,0001,0001,M
100,10115,1000,KVED,,,,A,300,PD,004,7,5,74.0,37.0,30.6,F,,0001,0001,M
100,10115,2000,KVED,,,,C,100,PD,002,14,3,65.0,32.5,43.3,F,,0001,0001,M
100,10116,1000,KVED,,,,C,300,PD,003,15,4,60.0,30.0,17.2,F,,0001,0001,M
100,10116,2000,KVED,,,,A,100,PD,005,8,2,19.0,9.5,9.8,F,,0001,0001,M
100,10117,1000,KVED,,,,B,200,PD,004,8,5,67.0,33.5,21.1,F,,0001,0001,M
100,10117,2000,KVED,,,,B,200,PD,004,13,1,36.0,18.0,9.1,F,,0001,0001,M
100,10118,1000,KVED,,,,B,300,PD,005,6,2,97.0,48.5,42.6,F,,0001,0001,M
100,10118,2000,KVED,,,,A,100,PD,002,16,4,51.0,25.5,28.1,F,,0001,0001,M
100,10119,1000,KVED,,,,B,200,PD,002,5,4,96.0,48.0,43.5,F,,0001,0001,M
100,10119,2000,KVED,,,,C,300,PD,002,8,4,81.0,40.5,9.6,F,,0001,0001,M
100,10120,1000,KVED,,,,A,100,PD,001,29,2,27.0,13.5,10.9,F,,0001,0001,M
100,10120,2000,KVED,,,,B,300,PD,001,23,5,61.0,30.5,16.6,F,,0001,0001,M
100,10121,1000,KVED,,,,A,100,PD,002,25,4,19.0,9.5,41.4,F,,0001,0001,M
100,10121,2000,KVED,,,,B,100,PD,001,19,1,21.0,10.5,12.6,F,,0001,0001,M
100,10122,1000,KVED,,,,B,300,PD,004,20,1,83.0,41.5,22.2,F,,0001,0001,M
100,10122,2000,KVED,,,,A,200,PD,002,10,3,64.0,32.0,17.6,F,,0001,0001,M
100,10123,1000,KVED,,,,A,300,PD,005,24,2,29.0,14.5,34.1,F,,0001,0001,M
100,10123,2000,KVED,,,,B,300,PD,004,6,1,73.0,36.5,17.6,F,,0001,0001,M
100,10124,1000,KVED,,,,B,100,PD,005,12,5,27.0,13.5,40.8,F,,0001,0001,M
100,10124,2000,KVED,,,,C,200,PD,004,22,4,58.0,29.0,20.5,F,,0001,0001,M
100,10125,1000,KVED,,,,C,200,PD,004,13,2,82.0,41.0,6.2,F,,0001,0001,M
100,10125,2000,KVED,,,,A,100,PD,003,6,4,86.0,43.0,28.8,F,,0001,0001,M
100,10126,1000,KVED,,,,A,100,PD,001,12,2,84.0,42.0,17.0,F,,0001,0001,M
100,10126,2000,KVED,,,,A,300,PD,004,16,2,17.0,8.5,12.9,F,,0001,0001,M
100,10127,1000,KVED,,,,B,300,PD,003,23,1,85.0,42.5,36.7,F,,0001,0001,M
100,10127,2000,KVED,,,,C,300,PD,002,23,2,55.0,27.5,42.7,F,,0001,0001,M
100,10128,1000,KVED,,,,C,200,PD,002,20,1,73.0,36.5,9.1,F,,0001,0001,M
100,10128,2000,KVED,,,,C,100,PD,001,21,4,39.0,19.5,5.0,F,,0001,0001,M
100,10129,1000,KVED,,,,A,100,PD,003,27,2,88.0,44.0,46.3,F,,0001,0001,M
100,10129,2000,KVED,,,,A,100,PD,002,23,2,51.0,25.5,39.8,F,,0001,0001,M
100,10130,1000,KVED,,,,B,100,PD,003,27,4,77.0,38.5,31.4,F,,0001,0001,M
100,10130,2000,KVED,,,,B,200,PD,002,10,4,53.0,26.5,40.6,F,,0001,0001,M
100,10131,1000,KVED,,,,C,200,PD,002,27,5,72.0,36.0,36.2,F,,0001,0001,M
100,10131,2000,KVED,,,,B,100,PD,005,10,4,88.0,44.0,18.8,F,,0001,0001,M
100,10132,1000,KVED,,,,B,100,PD,002,28,1,98.0,49.0,47.7,F,,0001,0001,M
100,10132,2000,KVED,,,,B,300,PD,001,10,5,83.0,41.5,19.3,F,,0001,0001,M
100,10133,1000,KVED,,,,A,300,PD,005,8,4,88.0,44.0,11.3,F,,0001,0001,M
100,10133,2000,KVED,,,,A,200,PD,003,10,1,19.0,9.5,42.0,F,,0001,0001,M
100,10134,1000,KVED,,,,C,300,PD,003,19,1,95.0,47.5,16.9,F,,0001,0001,M
100,10134,2000,KVED,,,,C,100,PD,003,13,1,41.0,20.5,37.4,F,,0001,0001,M
100,10135,1000,KVED,,,,B,200,PD,004,10,4,16.0,8.0,27.2,F,,0001,0001,M
100,10135,2000,KVED,,,,B,300,PD,004,8,4,58.0,29.0,40.5,F,,0001,0001,M
100,10136,1000,KVED,,,,C,300,PD,002,10,4,83.0,41.5,8.3,F,,0001,0001,M
100,10136,2000,KVED,,,,B,100,PD,003,13,1,14.0,7.0,8.3,F,,0001,0001,M
100,10137,1000,KVED,,,,B,100,PD,001,22,1,31.0,15.5,20.2,F,,0001,0001,M
100,10137,2000,KVED,,,,B,300,PD,001,18,2,88.0,44.0,32.3,F,,0001,0001,M
100,10138,1000,KVED,,,,A,100,PD,001,15,2,65.0,32.5,48.8,F,,0001,0001,M
100,10138,2000,KVED,,,,C,300,PD,005,13,3,62.0,31.0,18.4,F,,0001,0001,M
100,10139,1000,KVED,,,,A,200,PD,005,22,4,22.0,11.0,11.9,F,,0001,0001,M
100,10139,2000,KVED,,,,A,200,PD,001,14,5,56.0,28.0,26.6,F,,0001,0001,M
100,10140,1000,KVED,,,,A,100,PD,002,25,3,22.0,11.0,49.0,F,,0001,0001,M
100,10140,2000,KVED,,,,A,200,PD,004,20,4,70.0,35.0,45.3,F,,0001,0001,M
100,10141,1000,KVED,,,,A,300,PD,005,17,2,43.0,21.5,21.7,F,,0001,0001,M
100,10141,2000,KVED,,,,B,100,PD,004,6,3,58.0,29.0,24.8,F,,0001,0001,M
100,10142,1000,KVED,,,,A,200,PD,005,6,2,43.0,21.5,38.9,F,,0001,0001,M
100,10142,2000,KVED,,,,A,100,PD,003,30,5,95.0,47.5,23.6,F,,0001,0001,M
100,10143,1000,KVED,,,,A,300,PD,001,17,5,85.0,42.5,23.8,F,,0001,0001,M
100,10143,2000,KVED,,,,C,200,PD,005,12,4,78.0,39.0,18.4,F,,0001,0001,M
100,10144,1000,KVED,,,,C,100,PD,005,23,5,60.0,30.0,41.0,F,,0001,0001,M
100,10144,2000,KVED,,,,C,100,PD,001,29,4,96.0,48.0,12.8,F,,0001,0001,M
100,10145,1000,KVED,,,,A,100,PD,002,6,4,31.0,15.5,8.5,F,,0001,0001,M
100,10145,2000,KVED,,,,B,100,PD,002,24,3,97.0,48.5,19.4,F,,0001,0001,M
100,10146,1000,KVED,,,,A,200,PD,005,17,5,18.0,9.0,19.7,F,,0001,0001,M
100,10146,2000,KVED,,,,C,200,PD,001,30,5,45.0,22.5,31.4,F,,0001,0001,M
100,10147,1000,KVED,,,,A,200,PD,002,9,5,63.0,31.5,31.5,F,,0001,0001,M
100,10147,2000,KVED,,,,A,300,PD,001,30,3,22.0,11.0,44.0,F,,0001,0001,M
100,10148,1000,KVED,,,,B,200,PD,004,25,4,54.0,27.0,30.7,F,,0001,0001,M
100,10148,2000,KVED,,,,A,100,PD,003,17,2,70.0,35.0,32.8,F,,0001,0001,M
100,10149,1000,KVED,,,,C,200,PD,001,17,3,97.0,48.5,36.1,F,,0001,0001,M
100,10149,2000,KVED,,,,C,200,PD,003,16,1,16.0,8.0,20.2,F,,0001,0001,M
100,10150,1000,KVED,,,,B,200,PD,004,27,1,48.0,24.0,48.8,F,,0001,0001,M
100,10150,2000,KVED,,,,A,200,PD,004,29,3,39.0,19.5,17.1,F,,0001,0001,M
100,10151,1000,KVED,,,,C,300,PD,001,11,4,63.0,31.5,14.5,F,,0001,0001,M
100,10151,2000,KVED,,,,C,200,PD,005,16,1,62.0,31.0,28.2,F,,0001,0001,M
100,10152,1000,KVED,,,,A,200,PD,005,17,2,30.0,15.0,40.1,F,,0001,0001,M
100,10152,2000,KVED,,,,C,100,PD,002,11,2,77.0,38.5,42.7,F,,0001,0001,M
100,10153,1000,KVED,,,,A,200,PD,001,16,2,41.0,20.5,17.3,F,,0001,0001,M
100,10153,2000,KVED,,,,C,200,PD,001,26,1,69.0,34.5,15.9,F,,0001,0001,M
100,10154,1000,KVED,,,,C,200,PD,002,20,5,72.0,36.0,29.8,F,,0001,0001,M
100,10154,2000,KVED,,,,A,200,PD,001,14,1,54.0,27.0,22.4,F,,0001,0001,M
100,10155,1000,KVED,,,,C,100,PD,002,25,2,30.0,15.0,35.5,F,,0001,0001,M
100,10155,2000,KVED,,,,C,200,PD,005,5,1,44.0,22.0,26.3,F,,0001,0001,M
100,10156,1000,KVED,,,,C,100,PD,005,30,1,26.0,13.0,15.1,F,,0001,0001,M
100,10156,2000,KVED,,,,B,300,PD,003,18,4,87.0,43.5,43.3,F,,0001,0001,M
100,10157,1000,KVED,,,,B,100,PD,004,14,5,68.0,34.0,42.1,F,,0001,0001,M
100,10157,2000,KVED,,,,C,100,PD,001,21,3,60.0,30.0,30.3,F,,0001,0001,M
100,10158,1000,KVED,,,,C,200,PD,003,26,1,86.0,43.0,26.7,F,,0001,0001,M
100,10158,2000,KVED,,,,B,300,PD,003,13,3,53.0,26.5,34.5,F,,0001,0001,M
100,10159,1000,KVED,,,,B,100,PD,002,21,2,93.0,46.5,45.5,F,,0001,0001,M
100,10159,2000,KVED,,,,B,300,PD,003,26,2,86.0,43.0,37.5,F,,0001,0001,M
100,10160,1000,KVED,,,,B,200,PD,003,18,4,93.0,46.5,22.5,F,,0001,0001,M
100,10160,2000,KVED,,,,C,300,PD,005,11,3,14.0,7.0,37.7,F,,0001,0001,M
100,10161,1000,KVED,,,,C,300,PD,004,26,3,38.0,19.0,27.8,F,,0001,0001,M
100,10161,2000,KVED,,,,C,300,PD,002,14,1,31.0,15.5,26.2,F,,0001,0001,M
100,10162,1000,KVED,,,,C,300,PD,002,26,3,43.0,21.5,34.4,F,,0001,0001,M
100,10162,2000,KVED,,,,B,100,PD,003,18,3,38.0,19.0,21.7,F,,0001,0001,M
100,10163,1000,KVED,,,,B,200,PD,001,20,1,84.0,42.0,44.0,F,,0001,0001,M
100,10163,2000,KVED,,,,C,300,PD,001,20,2,84.0,42.0,27.5,F,,0001,0001,M
100,10164,1000,KVED,,,,B,300,PD,003,18,1,97.0,48.5,44.2,F,,0001,0001,M
100,10164,2000,KVED,,,,A,100,PD,003,18,5,29.0,14.5,45.2,F,,0001,0001,M
100,10165,1000,KVED,,,,A,200,PD,002,29,1,68.0,34.0,26.9,F,,0001,0001,M
100,10165,2000,KVED,,,,A,200,PD,001,5,4,90.0,45.0,17.3,F,,0001,0001,M
100,10166,1000,KVED,,,,C,100,PD,004,30,1,31.0,15.5,10.8,F,,0001,0001,M
100,10166,2000,KVED,,,,C,200,PD,004,18,4,65.0,32.5,22.2,F,,0001,0001,M
100,10167,1000,KVED,,,,C,100,PD,003,5,3,14.0,7.0,39.1,F,,0001,0001,M
100,10167,2000,KVED,,,,A,100,PD,001,25,2,77.0,38.5,15.2,F,,0001,0001,M
100,10168,1000,KVED,,,,B,100,PD,001,17,5,54.0,27.0,31.5,F,,0001,0001,M
100,10168,2000,KVED,,,,A,100,PD,003,14,4,31.0,15.5,37.8,F,,0001,0001,M
100,10169,1000,KVED,,,,C,200,PD,004,26,2,86.0,43.0,20.4,F,,0001,0001,M
100,10169,2000,KVED,,,,B,100,PD,002,30,4,72.0,36.0,5.9,F,,0001,0001,M
100,10170,1000,KVED,,,,C,100,PD,002,28,1,38.0,19.0,31.5,F,,0001,0001,M
100,10170,2000,KVED,,,,A,200,PD,001,17,3,31.0,15.5,39.7,F,,0001,0001,M
100,10171,1000,KVED,,,,A,300,PD,001,26,1,89.0,44.5,34.4,F,,0001,0001,M
100,10171,2000,KVED,,,,A,300,PD,001,18,4,12.0,6.0,22.1,F,,0001,0001,M
100,10172,1000,KVED,,,,B,200,PD,002,11,1,80.0,40.0,18.6,F,,0001,0001,M
100,10172,2000,KVED,,,,A,300,PD,005,13,5,94.0,47.0,32.3,F,,0001,0001,M
100,10173,1000,KVED,,,,B,100,PD,005,28,5,27.0,13.5,10.3,F,,0001,0001,M
100,10173,2000,KVED,,,,A,200,PD,002,24,2,24.0,12.0,40.0,F,,0001,0001,M
100,10174,1000,KVED,,,,A,200,PD,004,14,2,76.0,38.0,6.8,F,,0001,0001,M
100,10174,2000,KVED,,,,A,300,PD,004,15,2,73.0,36.5,5.1,F,,0001,0001,M
100,10175,1000,KVED,,,,A,100,PD,005,26,4,95.0,47.5,11.7,F,,0001,0001,M
100,10175,2000,KVED,,,,C,100,PD,001,13,2,21.0,10.5,25.6,F,,0001,0001,M
100,10176,1000,KVED,,,,B,200,PD,001,8,2,47.0,23.5,44.3,F,,0001,0001,M
100,10176,2000,KVED,,,,B,300,PD,003,18,1,47.0,23.5,9.3,F,,0001,0001,M
100,10177,1000,KVED,,,,A,100,PD,002,15,3,15.0,7.5,45.3,F,,0001,0001,M
100,10177,2000,KVED,,,,B,300,PD,001,16,3,89.0,44.5,13.2,F,,0001,0001,M
100,10178,1000,KVED,,,,B,200,PD,003,17,4,61.0,30.5,41.0,F,,0001,0001,M
100,10178,2000,KVED,,,,A,100,PD,002,27,1,93.0,46.5,49.2,F,,0001,0001,M
100,10179,1000,KVED,,,,A,200,PD,005,20,5,30.0,15.0,35.5,F,,0001,0001,M
100,10179,2000,KVED,,,,C,200,PD,003,24,1,33.0,16.5,43.8,F,,0001,0001,M
100,10180,1000,KVED,,,,B,200,PD,001,18,4,26.0,13.0,7.1,F,,0001,0001,M
100,10180,2000,KVED,,,,C,200,PD,001,27,5,43.0,21.5,39.5,F,,0001,0001,M
100,10181,1000,KVED,,,,C,300,PD,002,26,3,83.0,41.5,28.4,F,,0001,0001,M
100,10181,2000,KVED,,,,C,300,PD,001,18,2,98.0,49.0,26.7,F,,0001,0001,M
100,10182,1000,KVED,,,,C,300,PD,004,9,5,94.0,47.0,45.1,F,,0001,0001,M
100,10182,2000,KVED,,,,A,100,PD,002,21,4,88.0,44.0,43.3,F,,0001,0001,M
100,10183,1000,KVED,,,,A,200,PD,003,12,3,31.0,15.5,48.7,F,,0001,0001,M
100,10183,2000,KVED,,,,C,100,PD,005,25,4,16.0,8.0,23.1,F,,0001,0001,M
100,10184,1000,KVED,,,,A,200,PD,004,30,5,40.0,20.0,25.2,F,,0001,0001,M
100,10184,2000,KVED,,,,B,200,PD,001,20,1,73.0,36.5,9.6,F,,0001,0001,M
100,10185,1000,KVED,,,,A,300,PD,005,5,1,62.0,31.0,40.6,F,,0001,0001,M
100,10185,2000,KVED,,,,C,200,PD,005,22,2,89.0,44.5,34.5,F,,0001,0001,M
100,10186,1000,KVED,,,,B,200,PD,001,12,4,68.0,34.0,19.9,F,,0001,0001,M
100,10186,2000,KVED,,,,C,200,PD,003,27,4,89.0,44.5,10.1,F,,0001,0001,M
100,10187,1000,KVED,,,,A,100,PD,003,16,3,94.0,47.0,29.6,F,,0001,0001,M
100,10187,2000,KVED,,,,C,100,PD,001,10,4,57.0,28.5,11.3,F,,0001,0001,M
100,10188,1000,KVED,,,,A,200,PD,005,11,2,62.0,31.0,10.4,F,,0001,0001,M
100,10188,2000,KVED,,,,A,200,PD,002,27,3,60.0,30.0,9.8,F,,0001,0001,M
100,10189,1000,KVED,,,,A,300,PD,005,8,4,63.0,31.5,25.6,F,,0001,0001,M
100,10189,2000,KVED,,,,C,100,PD,004,5,5,85.0,42.5,38.1,F,,0001,0001,M
100,10190,1000,KVED,,,,B,300,PD,004,21,2,80.0,40.0,36.1,F,,0001,0001,M
100,10190,2000,KVED,,,,C,100,PD,001,17,5,32.0,16.0,32.3,F,,0001,0001,M
100,10191,1000,KVED,,,,C,200,PD,004,24,2,51.0,25.5,17.3,F,,0001,0001,M
100,10191,2000,KVED,,,,B,200,PD,002,9,4,53.0,26.5,32.1,F,,0001,0001,M
100,10192,1000,KVED,,,,B,300,PD,005,15,5,75.0,37.5,33.5,F,,0001,0001,M
100,10192,2000,KVED,,,,A,300,PD,003,26,3,35.0,17.5,46.5,F,,0001,0001,M
100,10193,1000,KVED,,,,C,300,PD,002,21,5,26.0,13.0,36.2,F,,0001,0001,M
100,10193,2000,KVED,,,,C,100,PD,003,22,4,51.0,25.5,31.2,F,,0001,0001,M
100,10194,1000,KVED,,,,C,200,PD,005,14,4,95.0,47.5,41.4,F,,0001,0001,M
100,10194,2000,KVED,,,,A,100,PD,004,9,1,76.0,38.0,35.2,F,,0001,0001,M
100,10195,1000,KVED,,,,B,100,PD,003,26,3,35.0,17.5,11.6,F,,0001,0001,M
100,10195,2000,KVED,,,,C,200,PD,002,29,5,17.0,8.5,6.5,F,,0001,0001,M
100,10196,1000,KVED,,,,A,300,PD,005,12,5,67.0,33.5,22.5,F,,0001,0001,M
100,10196,2000,KVED,,,,C,200,PD,001,17,4,75.0,37.5,23.7,F,,0001,0001,M
100,10197,1000,KVED,,,,B,300,PD,001,5,3,97.0,48.5,14.1,F,,0001,0001,M
100,10197,2000,KVED,,,,A,300,PD,003,29,5,66.0,33.0,29.6,F,,0001,0001,M
100,10198,1000,KVED,,,,A,300,PD,002,14,4,87.0,43.5,13.0,F,,0001,0001,M
100,10198,2000,KVED,,,,A,100,PD,002,28,5,97.0,48.5,10.4,F,,0001,0001,M
100,10199,1000,KVED,,,,B,200,PD,005,13,2,15.0,7.5,12.2,F,,0001,0001,M
100,10199,2000,KVED,,,,A,200,PD,004,27,2,42.0,21.0,6.8,F,,0001,0001,M
100,10200,1000,KVED,,,,C,100,PD,005,26,3,51.0,25.5,27.1,F,,0001,0001,M
100,10200,2000,KVED,,,,C,200,PD,001,30,3,83.0,41.5,28.6,F,,0001,0001,M
100,10201,1000,KVED,,,,C,100,PD,005,10,4,33.0,16.5,29.4,F,,0001,0001,M
100,10201,2000,KVED,,,,A,200,PD,002,11,3,61.0,30.5,19.9,F,,0001,0001,M
100,10202,1000,KVED,,,,A,300,PD,005,20,5,47.0,23.5,42.1,F,,0001,0001,M
100,10202,2000,KVED,,,,A,100,PD,003,19,2,93.0,46.5,45.7,F,,0001,0001,M
100,10203,1000,KVED,,,,C,100,PD,001,26,3,88.0,44.0,22.2,F,,0001,0001,M
100,10203,2000,KVED,,,,B,200,PD,005,28,3,24.0,12.0,6.1,F,,0001,0001,M
100,10204,1000,KVED,,,,B,300,PD,005,19,4,76.0,38.0,7.0,F,,0001,0001,M
100,10204,2000,KVED,,,,A,200,PD,005,7,1,93.0,46.5,12.5,F,,0001,0001,M
100,10205,1000,KVED,,,,C,100,PD,001,11,2,78.0,39.0,43.9,F,,0001,0001,M
100,10205,2000,KVED,,,,A,100,PD,005,27,4,64.0,32.0,34.1,F,,0001,0001,M
100,10206,1000,KVED,,,,C,300,PD,002,5,4,19.0,9.5,37.3,F,,0001,0001,M
100,10206,2000,KVED,,,,A,100,PD,001,10,3,14.0,7.0,30.1,F,,0001,0001,M
100,10207,1000,KVED,,,,A,200,PD,004,17,4,83.0,41.5,33.4,F,,0001,0001,M
100,10207,2000,KVED,,,,B,100,PD,004,26,1,65.0,32.5,29.1,F,,0001,0001,M
100,10208,1000,KVED,,,,C,300,PD,001,29,5,92.0,46.0,7.0,F,,0001,0001,M
100,10208,2000,KVED,,,,B,300,PD,001,14,3,19.0,9.5,32.3,F,,0001,0001,M
100,10209,1000,KVED,,,,B,200,PD,004,26,1,46.0,23.0,26.3,F,,0001,0001,M
100,10209,2000,KVED,,,,A,100,PD,004,30,5,78.0,39.0,18.3,F,,0001,0001,M
100,10210,1000,KVED,,,,A,200,PD,003,5,5,91.0,45.5,44.4,F,,0001,0001,M
100,10210,2000,KVED,,,,A,100,PD,001,23,5,28.0,14.0,22.7,F,,0001,0001,M
100,10211,1000,KVED,,,,A,200,PD,002,28,3,80.0,40.0,14.5,F,,0001,0001,M
100,10211,2000,KVED,,,,C,100,PD,002,10,2,92.0,46.0,32.8,F,,0001,0001,M
100,10212,1000,KVED,,,,A,100,PD,002,26,5,42.0,21.0,43.4,F,,0001,0001,M
100,10212,2000,KVED,,,,B,300,PD,005,7,3,80.0,40.0,35.2,F,,0001,0001,M
100,10213,1000,KVED,,,,A,100,PD,005,20,3,42.0,21.0,21.1,F,,0001,0001,M
100,10213,2000,KVED,,,,C,100,PD,001,14,5,95.0,47.5,8.1,F,,0001,0001,M
100,10214,1000,KVED,,,,B,200,PD,004,15,5,34.0,17.0,34.7,F,,0001,0001,M
100,10214,2000,KVED,,,,C,100,PD,005,23,3,98.0,49.0,41.3,F,,0001,0001,M
100,10215,1000,KVED,,,,A,100,PD,003,12,2,64.0,32.0,37.0,F,,0001,0001,M
100,10215,2000,KVED,,,,B,200,PD,003,9,3,92.0,46.0,44.5,F,,0001,0001,M
100,10216,1000,KVED,,,,B,200,PD,003,20,5,69.0,34.5,9.9,F,,0001,0001,M
100,10216,2000,KVED,,,,C,100,PD,003,9,5,92.0,46.0,13.8,F,,0001,0001,M
100,10217,1000,KVED,,,,A,300,PD,001,5,5,90.0,45.0,33.4,F,,0001,0001,M
100,10217,2000,KVED,,,,C,200,PD,005,11,1,84.0,42.0,29.8,F,,0001,0001,M
100,10218,1000,KVED,,,,C,200,PD,002,16,4,79.0,39.5,15.0,F,,0001,0001,M
100,10218,2000,KVED,,,,C,200,PD,002,19,5,85.0,42.5,28.0,F,,0001,0001,M
100,10219,1000,KVED,,,,B,300,PD,001,26,2,60.0,30.0,43.2,F,,0001,0001,M
100,10219,2000,KVED,,,,C,100,PD,005,9,4,88.0,44.0,12.2,F,,0001,0001,M
100,10220,1000,KVED,,,,C,300,PD,002,28,4,82.0,41.0,47.3,F,,0001,0001,M
100,10220,2000,KVED,,,,A,200,PD,002,7,3,15.0,7.5,21.6,F,,0001,0001,M
100,10221,1000,KVED,,,,C,100,PD,005,30,3,15.0,7.5,22.5,F,,0001,0001,M
100,10221,2000,KVED,,,,A,100,PD,003,8,5,68.0,34.0,33.5,F,,0001,0001,M
100,10222,1000,KVED,,,,C,200,PD,005,22,5,45.0,22.5,12.8,F,,0001,0001,M
100,10222,2000,KVED,,,,B,200,PD,005,25,1,93.0,46.5,28.2,F,,0001,0001,M
100,10223,1000,KVED,,,,A,300,PD,004,16,3,58.0,29.0,26.9,F,,0001,0001,M
100,10223,2000,KVED,,,,C,100,PD,005,9,4,71.0,35.5,12.5,F,,0001,0001,M
100,10224,1000,KVED,,,,C,300,PD,003,11,2,19.0,9.5,13.4,F,,0001,0001,M
100,10224,2000,KVED,,,,C,300,PD,001,26,2,56.0,28.0,23.7,F,,0001,0001,M
100,10225,1000,KVED,,,,C,100,PD,004,26,4,52.0,26.0,26.6,F,,0001,0001,M
100,10225,2000,KVED,,,,A,300,PD,004,5,2,85.0,42.5,6.9,F,,0001,0001,M
100,10226,1000,KVED,,,,C,100,PD,002,25,5,83.0,41.5,6.8,F,,0001,0001,M
100,10226,2000,KVED,,,,A,100,PD,002,13,2,83.0,41.5,28.2,F,,0001,0001,M
100,10227,1000,KVED,,,,C,300,PD,001,28,3,61.0,30.5,47.6,F,,0001,0001,M
100,10227,2000,KVED,,,,B,300,PD,004,20,2,37.0,18.5,14.9,F,,0001,0001,M
100,10228,1000,KVED,,,,C,100,PD,005,29,2,62.0,31.0,33.0,F,,0001,0001,M
100,10228,2000,KVED,,,,B,100,PD,003,19,5,75.0,37.5,31.6,F,,0001,0001,M
100,10229,1000,KVED,,,,B,200,PD,002,8,1,39.0,19.5,14.1,F,,0001,0001,M
100,10229,2000,KVED,,,,C,200,PD,002,24,1,74.0,37.0,13.0,F,,0001,0001,M
100,10230,1000,KVED,,,,C,100,PD,005,21,1,88.0,44.0,9.2,F,,0001,0001,M
100,10230,2000,KVED,,,,A,300,PD,005,5,4,94.0,47.0,28.5,F,,0001,0001,M
100,10231,1000,KVED,,,,A,300,PD,005,18,2,57.0,28.5,47.2,F,,0001,0001,M
100,10231,2000,KVED,,,,B,200,PD,005,30,5,71.0,35.5,9.4,F,,0001,0001,M
100,10232,1000,KVED,,,,B,200,PD,002,7,3,27.0,13.5,31.9,F,,0001,0001,M
100,10232,2000,KVED,,,,B,200,PD,002,5,1,79.0,39.5,31.0,F,,0001,0001,M
100,10233,1000,KVED,,,,C,100,PD,004,25,2,25.0,12.5,35.9,F,,0001,0001,M
100,10233,2000,KVED,,,,B,200,PD,001,9,4,50.0,25.0,34.3,F,,0001,0001,M
100,10234,1000,KVED,,,,B,300,PD,004,23,3,42.0,21.0,32.5,F,,0001,0001,M
100,10234,2000,KVED,,,,B,100,PD,004,22,5,97.0,48.5,26.7,F,,0001,0001,M
100,10235,1000,KVED,,,,C,300,PD,004,13,3,57.0,28.5,31.0,F,,0001,0001,M
100,10235,2000,KVED,,,,B,300,PD,002,26,1,100.0,50.0,38.7,F,,0001,0001,M
100,10236,1000,KVED,,,,C,100,PD,001,11,5,67.0,33.5,23.0,F,,0001,0001,M
100,10236,2000,KVED,,,,C,300,PD,001,10,4,53.0,26.5,48.4,F,,0001,0001,M
100,10237,1000,KVED,,,,A,100,PD,004,24,4,10.0,5.0,9.0,F,,0001,0001,M
100,10237,2000,KVED,,,,A,200,PD,001,24,1,43.0,21.5,37.6,F,,0001,0001,M
100,10238,1000,KVED,,,,C,300,PD,005,14,5,61.0,30.5,7.6,F,,0001,0001,M
100,10238,2000,KVED,,,,C,200,PD,004,5,2,32.0,16.0,43.3,F,,0001,0001,M
100,10239,1000,KVED,,,,B,100,PD,001,30,5,76.0,38.0,28.0,F,,0001,0001,M
100,10239,2000,KVED,,,,A,300,PD,002,26,1,99.0,49.5,21.2,F,,0001,0001,M
100,10240,1000,KVED,,,,A,100,PD,001,13,4,93.0,46.5,20.9,F,,0001,0001,M
100,10240,2000,KVED,,,,B,300,PD,002,21,1,60.0,30.0,38.2,F,,0001,0001,M
100,10241,1000,KVED,,,,A,300,PD,003,28,5,18.0,9.0,46.2,F,,0001,0001,M
100,10241,2000,KVED,,,,B,200,PD,002,24,2,54.0,27.0,25.5,F,,0001,0001,M
100,10242,1000,KVED,,,,C,100,PD,003,10,4,61.0,30.5,27.8,F,,0001,0001,M
100,10242,2000,KVED,,,,A,300,PD,003,15,1,81.0,40.5,41.1,F,,0001,0001,M
100,10243,1000,KVED,,,,C,300,PD,003,27,4,42.0,21.0,48.5,F,,0001,0001,M
100,10243,2000,KVED,,,,B,100,PD,003,29,4,82.0,41.0,35.7,F,,0001,0001,M
100,10244,1000,KVED,,,,A,200,PD,001,13,1,85.0,42.5,22.2,F,,0001,0001,M
100,10244,2000,KVED,,,,C,300,PD,002,30,3,38.0,19.0,23.6,F,,0001,0001,M
100,10245,1000,KVED,,,,C,300,PD,001,27,3,55.0,27.5,16.2,F,,0001,0001,M
100,10245,2000,KVED,,,,B,300,PD,003,7,5,21.0,10.5,46.9,F,,0001,0001,M
100,10246,1000,KVED,,,,B,200,PD,002,23,3,70.0,35.0,13.2,F,,0001,0001,M
100,10246,2000,KVED,,,,A,200,PD,002,12,2,97.0,48.5,44.3,F,,0001,0001,M
100,10247,1000,KVED,,,,A,100,PD,002,24,3,36.0,18.0,12.0,F,,0001,0001,M
100,10247,2000,KVED,,,,A,100,PD,004,24,1,23.0,11.5,39.4,F,,0001,0001,M
100,10248,1000,KVED,,,,A,200,PD,003,24,3,79.0,39.5,27.2,F,,0001,0001,M
100,10248,2000,KVED,,,,B,200,PD,002,29,5,83.0,41.5,17.6,F,,0001,0001,M
100,10249,1000,KVED,,,,C,100,PD,001,21,4,38.0,19.0,26.5,F,,0001,0001,M
100,10249,2000,KVED,,,,A,300,PD,003,17,2,79.0,39.5,25.6,F,,0001,0001,M
100,10250,1000,KVED,,,,C,300,PD,004,15,1,25.0,12.5,5.5,F,,0001,0001,M
100,10250,2000,KVED,,,,B,300,PD,001,15,3,36.0,18.0,32.6,F,,0001,0001,M
100,10251,1000,KVED,,,,A,300,PD,003,12,3,43.0,21.5,26.2,F,,0001,0001,M
100,10251,2000,KVED,,,,B,200,PD,002,20,4,88.0,44.0,14.5,F,,0001,0001,M
100,10252,1000,KVED,,,,B,200,PD,004,13,4,99.0,49.5,13.1,F,,0001,0001,M
100,10252,2000,KVED,,,,C,300,PD,002,8,3,26.0,13.0,41.2,F,,0001,0001,M
100,10253,1000,KVED,,,,B,200,PD,002,9,2,81.0,40.5,26.3,F,,0001,0001,M
100,10253,2000,KVED,,,,A,200,PD,004,9,5,11.0,5.5,29.0,F,,0001,0001,M
100,10254,1000,KVED,,,,B,200,PD,003,22,5,50.0,25.0,7.1,F,,0001,0001,M
100,10254,2000,KVED,,,,C,100,PD,001,11,3,22.0,11.0,26.4,F,,0001,0001,M
100,10255,1000,KVED,,,,A,200,PD,003,13,3,90.0,45.0,21.2,F,,0001,0001,M
100,10255,2000,KVED,,,,B,200,PD,001,18,1,81.0,40.5,20.8,F,,0001,0001,M
100,10256,1000,KVED,,,,C,100,PD,005,23,5,96.0,48.0,12.9,F,,0001,0001,M
100,10256,2000,KVED,,,,B,200,PD,005,20,4,46.0,23.0,45.0,F,,0001,0001,M
100,10257,1000,KVED,,,,C,200,PD,004,25,2,58.0,29.0,44.1,F,,0001,0001,M
100,10257,2000,KVED,,,,B,200,PD,005,23,4,91.0,45.5,43.2,F,,0001,0001,M
100,10258,1000,KVED,,,,A,100,PD,003,12,3,19.0,9.5,19.3,F,,0001,0001,M
100,10258,2000,KVED,,,,C,200,PD,005,25,4,47.0,23.5,17.2,F,,0001,0001,M
100,10259,1000,KVED,,,,B,300,PD,005,21,4,66.0,33.0,23.6,F,,0001,0001,M
100,10259,2000,KVED,,,,A,100,PD,002,26,3,33.0,16.5,47.3,F,,0001,0001,M
100,10260,1000,KVED,,,,C,100,PD,002,10,4,99.0,49.5,9.6,F,,0001,0001,M
100,10260,2000,KVED,,,,B,300,PD,001,5,4,18.0,9.0,28.6,F,,0001,0001,M
100,10261,1000,KVED,,,,A,200,PD,005,9,1,20.0,10.0,34.5,F,,0001,0001,M
100,10261,2000,KVED,,,,B,100,PD,002,28,3,59.0,29.5,24.9,F,,0001,0001,M
100,10262,1000,KVED,,,,A,300,PD,002,5,1,26.0,13.0,34.9,F,,0001,0001,M
100,10262,2000,KVED,,,,B,200,PD,005,13,5,51.0,25.5,25.0,F,,0001,0001,M
100,10263,1000,KVED,,,,C,100,PD,005,24,4,99.0,49.5,33.4,F,,0001,0001,M
100,10263,2000,KVED,,,,C,200,PD,005,25,5,91.0,45.5,18.9,F,,0001,0001,M
100,10264,1000,KVED,,,,B,300,PD,002,30,1,54.0,27.0,24.9,F,,0001,0001,M
100,10264,2000,KVED,,,,B,200,PD,002,14,1,56.0,28.0,5.0,F,,0001,0001,M
100,10265,1000,KVED,,,,B,200,PD,004,22,1,27.0,13.5,35.9,F,,0001,0001,M
100,10265,2000,KVED,,,,B,200,PD,001,29,4,72.0,36.0,40.9,F,,0001,0001,M
100,10266,1000,KVED,,,,A,100,PD,005,16,2,86.0,43.0,23.5,F,,0001,0001,M
100,10266,2000,KVED,,,,B,200,PD,002,10,4,81.0,40.5,42.3,F,,0001,0001,M
100,10267,1000,KVED,,,,B,100,PD,004,25,2,38.0,19.0,28.2,F,,0001,0001,M
100,10267,2000,KVED,,,,C,300,PD,003,14,5,88.0,44.0,41.4,F,,0001,0001,M
100,10268,1000,KVED,,,,A,100,PD,002,9,3,62.0,31.0,10.0,F,,0001,0001,M
100,10268,2000,KVED,,,,C,200,PD,003,27,5,68.0,34.0,27.1,F,,0001,0001,M
100,10269,1000,KVED,,,,A,100,PD,001,22,1,51.0,25.5,13.4,F,,0001,0001,M
100,10269,2000,KVED,,,,B,200,PD,002,27,4,23.0,11.5,37.7,F,,0001,0001,M
100,10270,1000,KVED,,,,A,100,PD,001,20,2,39.0,19.5,20.4,F,,0001,0001,M
100,10270,2000,KVED,,,,B,200,PD,004,27,1,49.0,24.5,19.9,F,,0001,0001,M
100,10271,1000,KVED,,,,A,200,PD,004,7,5,28.0,14.0,26.2,F,,0001,0001,M
100,10271,2000,KVED,,,,B,200,PD,001,8,2,34.0,17.0,22.3,F,,0001,0001,M
100,10272,1000,KVED,,,,A,300,PD,001,11,4,66.0,33.0,38.1,F,,0001,0001,M
100,10272,2000,KVED,,,,C,300,PD,002,20,4,22.0,11.0,35.7,F,,0001,0001,M
100,10273,1000,KVED,,,,B,100,PD,001,28,5,49.0,24.5,28.4,F,,0001,0001,M
100,10273,2000,KVED,,,,B,300,PD,003,11,3,42.0,21.0,44.9,F,,0001,0001,M
100,10274,1000,KVED,,,,A,100,PD,002,25,4,95.0,47.5,19.6,F,,0001,0001,M
100,10274,2000,KVED,,,,B,300,PD,001,17,2,31.0,15.5,5.4,F,,0001,0001,M
100,10275,1000,KVED,,,,C,300,PD,004,27,5,15.0,7.5,12.0,F,,0001,0001,M
100,10275,2000,KVED,,,,A,100,PD,004,7,5,21.0,10.5,20.2,F,,0001,0001,M
100,10276,1000,KVED,,,,A,100,PD,003,25,2,90.0,45.0,36.6,F,,0001,0001,M
100,10276,2000,KVED,,,,A,200,PD,002,15,5,23.0,11.5,40.5,F,,0001,0001,M
100,10277,1000,KVED,,,,B,300,PD,002,5,4,54.0,27.0,21.1,F,,0001,0001,M
100,10277,2000,KVED,,,,B,100,PD,004,27,4,27.0,13.5,30.2,F,,0001,0001,M
100,10278,1000,KVED,,,,C,200,PD,002,23,2,79.0,39.5,29.5,F,,0001,0001,M
100,10278,2000,KVED,,,,C,200,PD,003,24,5,51.0,25.5,12.2,F,,0001,0001,M
100,10279,1000,KVED,,,,A,200,PD,003,13,5,77.0,38.5,21.5,F,,0001,0001,M
100,10279,2000,KVED,,,,C,300,PD,004,28,2,10.0,5.0,44.7,F,,0001,0001,M
100,10280,1000,KVED,,,,B,300,PD,002,15,1,89.0,44.5,34.6,F,,0001,0001,M
100,10280,2000,KVED,,,,B,100,PD,005,26,4,78.0,39.0,39.5,F,,0001,0001,M
100,10281,1000,KVED,,,,C,200,PD,003,18,3,29.0,14.5,10.0,F,,0001,0001,M
100,10281,2000,KVED,,,,C,100,PD,001,9,2,76.0,38.0,44.3,F,,0001,0001,M
100,10282,1000,KVED,,,,A,200,PD,002,8,1,35.0,17.5,30.7,F,,0001,0001,M
100,10282,2000,KVED,,,,C,200,PD,005,24,5,59.0,29.5,16.5,F,,0001,0001,M
100,10283,1000,KVED,,,,A,300,PD,001,5,2,56.0,28.0,34.5,F,,0001,0001,M
100,10283,2000,KVED,,,,B,300,PD,001,16,5,20.0,10.0,38.5,F,,0001,0001,M
100,10284,1000,KVED,,,,B,300,PD,001,24,3,63.0,31.5,28.8,F,,0001,0001,M
100,10284,2000,KVED,,,,B,100,PD,002,21,1,19.0,9.5,9.6,F,,0001,0001,M
100,10285,1000,KVED,,,,C,200,PD,002,11,5,39.0,19.5,34.6,F,,0001,0001,M
100,10285,2000,KVED,,,,C,100,PD,005,28,5,82.0,41.0,23.7,F,,0001,0001,M
100,10286,1000,KVED,,,,C,300,PD,003,26,4,23.0,11.5,36.6,F,,0001,0001,M
100,10286,2000,KVED,,,,A,100,PD,002,22,4,64.0,32.0,27.7,F,,0001,0001,M
100,10287,1000,KVED,,,,A,300,PD,005,19,3,94.0,47.0,45.6,F,,0001,0001,M
100,10287,2000,KVED,,,,B,200,PD,004,29,4,80.0,40.0,42.2,F,,0001,0001,M
100,10288,1000,KVED,,,,C,100,PD,005,22,2,51.0,25.5,21.9,F,,0001,0001,M
100,10288,2000,KVED,,,,C,200,PD,003,19,4,80.0,40.0,48.2,F,,0001,0001,M
100,10289,1000,KVED,,,,C,100,PD,003,24,1,10.0,5.0,28.3,F,,0001,0001,M
100,10289,2000,KVED,,,,A,200,PD,002,11,3,48.0,24.0,6.0,F,,0001,0001,M
100,10290,1000,KVED,,,,B,300,PD,005,22,5,98.0,49.0,46.7,F,,0001,0001,M
100,10290,2000,KVED,,,,A,100,PD,004,16,2,29.0,14.5,11.2,F,,0001,0001,M
100,10291,1000,KVED,,,,C,100,PD,002,13,3,56.0,28.0,9.1,F,,0001,0001,M
100,10291,2000,KVED,,,,C,100,PD,001,28,3,61.0,30.5,40.7,F,,0001,0001,M
100,10292,1000,KVED,,,,B,300,PD,005,8,5,32.0,16.0,33.9,F,,0001,0001,M
100,10292,2000,KVED,,,,C,300,PD,004,7,1,14.0,7.0,46.5,F,,0001,0001,M
100,10293,1000,KVED,,,,B,200,PD,004,8,2,52.0,26.0,38.6,F,,0001,0001,M
100,10293,2000,KVED,,,,A,300,PD,004,6,3,87.0,43.5,28.6,F,,0001,0001,M
100,10294,1000,KVED,,,,C,300,PD,002,15,5,50.0,25.0,36.4,F,,0001,0001,M
100,10294,2000,KVED,,,,A,300,PD,004,19,5,29.0,14.5,30.9,F,,0001,0001,M
100,10295,1000,KVED,,,,A,200,PD,003,30,4,21.0,10.5,11.7,F,,0001,0001,M
100,10295,2000,KVED,,,,A,200,PD,005,28,1,53.0,26.5,29.7,F,,0001,0001,M
100,10296,1000,KVED,,,,A,200,PD,005,18,2,43.0,21.5,39.3,F,,0001,0001,M
100,10296,2000,KVED,,,,C,100,PD,004,17,5,71.0,35.5,13.8,F,,0001,0001,M
100,10297,1000,KVED,,,,C,300,PD,002,12,1,88.0,44.0,17.0,F,,0001,0001,M
100,10297,2000,KVED,,,,B,300,PD,005,7,1,65.0,32.5,35.2,F,,0001,0001,M
100,10298,1000,KVED,,,,B,200,PD,002,15,3,64.0,32.0,31.7,F,,0001,0001,M
100,10298,2000,KVED,,,,B,100,PD,003,24,4,13.0,6.5,33.0,F,,0001,0001,M
100,10299,1000,KVED,,,,A,100,PD,002,26,3,66.0,33.0,12.0,F,,0001,0001,M
100,10299,2000,KVED,,,,A,300,PD,001,12,5,20.0,10.0,46.7,F,,0001,0001,M
100,30000,1000,KVED,,,,A,200,PD,001,14,4,46.0,23.0,26.2,F,,0001,0001,M
100,30000,2000,KVED,,,,A,300,PD,005,11,2,52.0,26.0,29.6,F,,0001,0001,M
100,30001,1000,KVED,,,,C,200,PD,005,28,2,43.0,21.5,36.3,F,,0001,0001,M
100,30001,2000,KVED,,,,A,200,PD,005,26,5,95.0,47.5,7.0,F,,0001,0001,M
100,30002,1000,KVED,,,,A,200,PD,002,30,5,31.0,15.5,17.2,F,,0001,0001,M
100,30002,2000,KVED,,,,C,100,PD,001,17,3,69.0,34.5,34.8,F,,0001,0001,M
100,30003,1000,KVED,,,,B,100,PD,001,14,4,94.0,47.0,15.4,F,,0001,0001,M
100,30003,2000,KVED,,,,C,300,PD,001,15,4,58.0,29.0,44.0,F,,0001,0001,M
100,30004,1000,KVED,,,,A,100,PD,002,21,4,78.0,39.0,30.2,F,,0001,0001,M
100,30004,2000,KVED,,,,A,100,PD,005,14,3,12.0,6.0,27.0,F,,0001,0001,M
100,30005,1000,KVED,,,,A,200,PD,003,16,3,30.0,15.0,15.6,F,,0001,0001,M
100,30005,2000,KVED,,,,B,100,PD,003,17,1,74.0,37.0,47.5,F,,0001,0001,M
100,30006,1000,KVED,,,,A,100,PD,003,17,2,45.0,22.5,9.0,F,,0001,0001,M
100,30006,2000,KVED,,,,C,300,PD,005,25,2,58.0,29.0,23.8,F,,0001,0001,M
100,30007,1000,KVED,,,,A,200,PD,003,24,3,83.0,41.5,25.2,F,,0001,0001,M
100,30007,2000,KVED,,,,A,300,PD,002,23,5,26.0,13.0,35.8,F,,0001,0001,M
100,30008,1000,KVED,,,,A,200,PD,005,9,4,35.0,17.5,49.8,F,,0001,0001,M
100,30008,2000,KVED,,,,C,300,PD,002,15,1,28.0,14.0,30.1,F,,0001,0001,M
100,30009,1000,KVED,,,,A,200,PD,002,28,1,25.0,12.5,39.4,F,,0001,0001,M
100,30009,2000,KVED,,,,B,200,PD,004,28,3,62.0,31.0,11.8,F,,0001,0001,M
100,30010,1000,KVED,,,,A,100,PD,002,5,5,34.0,17.0,32.8,F,,0001,0001,M
100,30010,2000,KVED,,,,C,300,PD,002,24,2,87.0,43.5,15.4,F,,0001,0001,M
100,30011,1000,KVED,,,,B,100,PD,004,9,5,13.0,6.5,43.1,F,,0001,0001,M
100,30011,2000,KVED,,,,C,300,PD,003,10,4,70.0,35.0,27.1,F,,0001,0001,M
100,30012,1000,KVED,,,,A,100,PD,002,6,4,27.0,13.5,39.4,F,,0001,0001,M
100,30012,2000,KVED,,,,B,200,PD,002,28,2,11.0,5.5,39.1,F,,0001,0001,M
100,30013,1000,KVED,,,,A,200,PD,005,20,3,18.0,9.0,44.0,F,,0001,0001,M
100,30013,2000,KVED,,,,B,200,PD,001,24,4,41.0,20.5,37.4,F,,0001,0001,M
100,30014,1000,KVED,,,,C,300,PD,005,24,5,60.0,30.0,28.6,F,,0001,0001,M
100,30014,2000,KVED,,,,A,300,PD,001,19,4,100.0,50.0,42.2,F,,0001,0001,M
100,30015,1000,KVED,,,,A,300,PD,005,17,1,15.0,7.5,30.1,F,,0001,0001,M
100,30015,2000,KVED,,,,C,100,PD,002,14,4,76.0,38.0,22.9,F,,0001,0001,M
100,30016,1000,KVED,,,,B,200,PD,002,18,3,48.0,24.0,32.6,F,,0001,0001,M
100,30016,2000,KVED,,,,C,300,PD,002,19,4,16.0,8.0,9.1,F,,0001,0001,M
100,30017,1000,KVED,,,,A,100,PD,005,27,5,74.0,37.0,11.1,F,,0001,0001,M
100,30017,2000,KVED,,,,B,200,PD,001,10,4,62.0,31.0,31.6,F,,0001,0001,M
100,30018,1000,KVED,,,,B,100,PD,003,15,2,35.0,17.5,37.3,F,,0001,0001,M
100,30018,2000,KVED,,,,A,100,PD,004,25,3,25.0,12.5,8.8,F,,0001,0001,M
100,30019,1000,KVED,,,,B,300,PD,005,24,2,100.0,50.0,22.0,F,,0001,0001,M
100,30019,2000,KVED,,,,A,100,PD,003,23,2,58.0,29.0,12.3,F,,0001,0001,M
100,30020,1000,KVED,,,,A,300,PD,001,18,3,28.0,14.0,18.9,F,,0001,0001,M
100,30020,2000,KVED,,,,B,300,PD,002,8,2,67.0,33.5,48.2,F,,0001,0001,M
100,30021,1000,KVED,,,,C,200,PD,001,19,4,10.0,5.0,43.5,F,,0001,0001,M
100,30021,2000,KVED,,,,A,300,PD,004,12,2,79.0,39.5,31.5,F,,0001,0001,M
100,30022,1000,KVED,,,,B,200,PD,004,7,5,70.0,35.0,32.0,F,,0001,0001,M
100,30022,2000,KVED,,,,C,200,PD,005,25,5,41.0,20.5,41.9,F,,0001,0001,M
100,30023,1000,KVED,,,,A,100,PD,002,6,3,36.0,18.0,6.7,F,,0001,0001,M
100,30023,2000,KVED,,,,C,300,PD,005,14,3,14.0,7.0,46.4,F,,0001,0001,M
100,30024,1000,KVED,,,,A,200,PD,002,10,3,16.0,8.0,32.5,F,,0001,0001,M
100,30024,2000,KVED,,,,C,300,PD,005,30,5,98.0,49.0,13.0,F,,0001,0001,M
100,30025,1000,KVED,,,,C,300,PD,003,6,1,68.0,34.0,39.6,F,,0001,0001,M
100,30025,2000,KVED,,,,B,200,PD,001,29,4,51.0,25.5,42.9,F,,0001,0001,M
100,30026,1000,KVED,,,,B,200,PD,002,8,3,18.0,9.0,19.8,F,,0001,0001,M
100,30026,2000,KVED,,,,C,100,PD,002,24,1,62.0,31.0,9.9,F,,0001,0001,M
100,30027,1000,KVED,,,,C,100,PD,004,28,5,90.0,45.0,47.0,F,,0001,0001,M
100,30027,2000,KVED,,,,B,200,PD,005,15,3,100.0,50.0,28.6,F,,0001,0001,M
100,30028,1000,KVED,,,,B,100,PD,005,23,4,89.0,44.5,28.4,F,,0001,0001,M
100,30028,2000,KVED,,,,B,200,PD,002,24,2,90.0,45.0,36.9,F,,0001,0001,M
100,30029,1000,KVED,,,,A,100,PD,001,19,1,34.0,17.0,38.2,F,,0001,0001,M
100,30029,2000,KVED,,,,C,200,PD,004,6,3,36.0,18.0,20.7,F,,0001,0001,M
100,30030,1000,KVED,,,,A,100,PD,002,27,3,91.0,45.5,16.4,F,,0001,0001,M
100,30030,2000,KVED,,,,B,200,PD,005,22,3,18.0,9.0,39.5,F,,0001,0001,M
100,30031,1000,KVED,,,,C,200,PD,003,17,5,24.0,12.0,32.7,F,,0001,0001,M
100,30031,2000,KVED,,,,A,100,PD,003,15,4,13.0,6.5,46.2,F,,0001,0001,M
100,30032,1000,KVED,,,,C,100,PD,004,9,4,14.0,7.0,45.1,F,,0001,0001,M
100,30032,2000,KVED,,,,B,200,PD,004,28,1,78.0,39.0,42.6,F,,0001,0001,M
100,30033,1000,KVED,,,,C,300,PD,003,22,5,48.0,24.0,5.8,F,,0001,0001,M
100,30033,2000,KVED,,,,C,200,PD,003,7,2,83.0,41.5,17.6,F,,0001,0001,M
100,30034,1000,KVED,,,,B,200,PD,005,10,5,13.0,6.5,32.3,F,,0001,0001,M
100,30034,2000,KVED,,,,C,100,PD,003,27,3,33.0,16.5,36.9,F,,0001,0001,M
100,30035,1000,KVED,,,,B,100,PD,004,12,3,44.0,22.0,25.3,F,,0001,0001,M
100,30035,2000,KVED,,,,A,300,PD,003,10,1,48.0,24.0,21.8,F,,0001,0001,M
100,30036,1000,KVED,,,,A,100,PD,004,21,1,14.0,7.0,41.0,F,,0001,0001,M
100,30036,2000,KVED,,,,A,100,PD,003,20,5,74.0,37.0,19.0,F,,0001,0001,M
100,30037,1000,KVED,,,,A,100,PD,005,26,2,51.0,25.5,14.2,F,,0001,0001,M
100,30037,2000,KVED,,,,B,200,PD,005,8,1,14.0,7.0,19.0,F,,0001,0001,M
100,30038,1000,KVED,,,,C,300,PD,001,15,4,15.0,7.5,45.0,F,,0001,0001,M
100,30038,2000,KVED,,,,C,300,PD,003,5,5,23.0,11.5,39.1,F,,0001,0001,M
100,30039,1000,KVED,,,,A,200,PD,002,11,3,91.0,45.5,17.4,F,,0001,0001,M
100,30039,2000,KVED,,,,B,300,PD,001,13,2,50.0,25.0,12.1,F,,0001,0001,M
100,30040,1000,KVED,,,,A,300,PD,005,21,1,24.0,12.0,14.3,F,,0001,0001,M
100,30040,2000,KVED,,,,C,200,PD,003,9,3,54.0,27.0,30.8,F,,0001,0001,M
100,30041,1000,KVED,,,,A,200,PD,005,15,5,31.0,15.5,25.0,F,,0001,0001,M
100,30041,2000,KVED,,,,A,200,PD,001,8,4,26.0,13.0,7.4,F,,0001,0001,M
100,30042,1000,KVED,,,,B,100,PD,005,23,4,64.0,32.0,32.7,F,,0001,0001,M
100,30042,2000,KVED,,,,B,100,PD,005,7,4,49.0,24.5,30.6,F,,0001,0001,M
100,30043,1000,KVED,,,,C,200,PD,001,19,3,21.0,10.5,35.8,F,,0001,0001,M
100,30043,2000,KVED,,,,B,200,PD,002,12,2,100.0,50.0,43.7,F,,0001,0001,M
100,30044,1000,KVED,,,,B,200,PD,004,10,3,88.0,44.0,40.5,F,,0001,0001,M
100,30044,2000,KVED,,,,B,200,PD,001,7,4,51.0,25.5,10.1,F,,0001,0001,M
100,30045,1000,KVED,,,,B,100,PD,003,29,3,71.0,35.5,32.2,F,,0001,0001,M
100,30045,2000,KVED,,,,C,100,PD,004,27,1,26.0,13.0,19.7,F,,0001,0001,M
100,30046,1000,KVED,,,,A,200,PD,005,19,4,93.0,46.5,31.6,F,,0001,0001,M
100,30046,2000,KVED,,,,C,100,PD,005,10,4,40.0,20.0,22.3,F,,0001,0001,M
100,30047,1000,KVED,,,,A,300,PD,005,18,4,53.0,26.5,30.5,F,,0001,0001,M
100,30047,2000,KVED,,,,C,300,PD,002,10,1,53.0,26.5,38.3,F,,0001,0001,M
100,30048,1000,KVED,,,,B,100,PD,005,24,4,83.0,41.5,19.6,F,,0001,0001,M
100,30048,2000,KVED,,,,B,100,PD,003,17,1,22.0,11.0,31.9,F,,0001,0001,M
100,30049,1000,KVED,,,,C,200,PD,003,20,1,97.0,48.5,9.1,F,,0001,0001,M
100,30049,2000,KVED,,,,C,300,PD,001,29,2,27.0,13.5,34.7,F,,0001,0001,M
