MANDT,EQUNR,ERDAT,ERNAM,AEDAT,AENAM,EQTYP,EQART,HERST,LVORM,INVNR,GROES,ANSDT,ANSWT,WAERS,INBDT,IWERK,STORT,TPLNR,BRGEW,GEWEI,SERGE
100,000000000001000000,20201224,SAP_MIG,20201224,SAP_MIG,M,Molino SAG,Metso,,INV-1000000,44T,20201224,2931863.93,USD,20210314,1000,MIN,1000-REF-02,175546.4,KG,SN-414295
100,000000000001000001,20210313,SAP_MIG,20210313,SAP_MIG,M,Molino SAG,Metso,,INV-1000001,50T,20210313,4914643.49,USD,20210709,1000,MIN,1000-REF-01,2119.8,KG,SN-635218
100,000000000001000002,20200407,SAP_MIG,20200407,SAP_MIG,M,Celda de Flotación,Caterpillar,,INV-1000002,23T,20200407,405811.74,USD,20200924,1000,MIN,1000-MIN-01,140819.1,KG,SN-960622
100,000000000001000003,20230628,SAP_MIG,20230628,SAP_MIG,M,Camión CAEX 930E,Metso,,INV-1000003,23T,20230628,4341830.22,USD,20230926,1000,MANT,1000-REF-03,118237.7,KG,SN-755584
100,000000000001000004,20191014,SAP_MIG,20191014,SAP_MIG,M,Molino SAG,Sandvik,,INV-1000004,29T,20191014,2232431.24,USD,20200106,1000,PLAN,1000-MIN-03,95236.8,KG,SN-297370
100,000000000001000005,20210211,SAP_MIG,20210211,SAP_MIG,M,Celda de Flotación,Sandvik,,INV-1000005,28T,20210211,4215817.16,USD,20210421,1000,MANT,1000-LAB-02,134178.2,KG,SN-240800
100,000000000001000006,20180124,SAP_MIG,20180124,SAP_MIG,M,Correa Transportadora,Komatsu,,INV-1000006,6T,20180124,805579.84,USD,20180627,1000,PLAN,1000-PLAN-01,195007.5,KG,SN-242371
100,000000000001000007,20180623,SAP_MIG,20180623,SAP_MIG,M,Correa Transportadora,Caterpillar,,INV-1000007,31T,20180623,4314748.53,USD,20181108,1000,PLAN,1000-MIN-03,91151.7,KG,SN-544726
100,000000000001000008,20210204,SAP_MIG,20210204,SAP_MIG,M,Molino SAG,Sandvik,,INV-1000008,27T,20210204,1206130.5,USD,20210622,1000,PLAN,1000-MIN-01,115798.7,KG,SN-987938
100,000000000001000009,20220205,SAP_MIG,20220205,SAP_MIG,M,Correa Transportadora,Caterpillar,,INV-1000009,37T,20220205,1419327.2,USD,20220724,1000,PLAN,1000-MANT-03,7175.6,KG,SN-139704
100,000000000001000010,20210309,SAP_MIG,20210309,SAP_MIG,M,Correa Transportadora,Sandvik,,INV-1000010,28T,20210309,654505.41,USD,20210809,1000,PLAN,1000-MIN-02,28846.5,KG,SN-866816
100,000000000001000011,20201214,SAP_MIG,20201214,SAP_MIG,M,Molino SAG,Metso,,INV-1000011,38T,20201214,483349.55,USD,20210204,1000,MIN,1000-PLAN-02,126317.2,KG,SN-795978
100,000000000001000012,20230521,SAP_MIG,20230521,SAP_MIG,M,Correa Transportadora,Komatsu,,INV-1000012,45T,20230521,2742066.34,USD,20231115,1000,MANT,1000-REF-01,11028.5,KG,SN-460234
100,000000000001000013,20201231,SAP_MIG,20201231,SAP_MIG,M,Molino SAG,Komatsu,,INV-1000013,34T,20201231,2612049.24,USD,20210530,1000,PLAN,1000-REF-03,66637.0,KG,SN-470057
100,000000000001000014,20230522,SAP_MIG,20230522,SAP_MIG,M,Perforadora Autónoma,Metso,,INV-1000014,15T,20230522,273098.58,USD,20230906,1000,PLAN,1000-LAB-01,112959.4,KG,SN-164401
100,000000000001000015,20210712,SAP_MIG,20210712,SAP_MIG,M,Chancador Primario,Sandvik,,INV-1000015,15T,20210712,2907013.98,USD,20211024,1000,PLAN,1000-REF-01,5946.0,KG,SN-608307
100,000000000001000016,20180618,SAP_MIG,20180618,SAP_MIG,M,Chancador Primario,Caterpillar,,INV-1000016,9T,20180618,4272081.75,USD,20180927,1000,MANT,1000-MIN-03,123351.7,KG,SN-388586
100,000000000001000017,20221023,SAP_MIG,20221023,SAP_MIG,M,Camión CAEX 930E,Metso,,INV-1000017,12T,20221023,3058725.54,USD,20221230,1000,PLAN,1000-PLAN-02,74268.5,KG,SN-283919
100,000000000001000018,20190620,SAP_MIG,20190620,SAP_MIG,M,Molino SAG,Caterpillar,,INV-1000018,16T,20190620,4016922.83,USD,20190728,1000,MANT,1000-MIN-02,193485.5,KG,SN-724473
100,000000000001000019,20230328,SAP_MIG,20230328,SAP_MIG,M,Celda de Flotación,Caterpillar,,INV-1000019,36T,20230328,3788530.35,USD,20230810,1000,MANT,1000-MANT-01,132303.1,KG,SN-861265
100,000000000001000020,20210729,SAP_MIG,20210729,SAP_MIG,M,Pala Eléctrica,Caterpillar,,INV-1000020,41T,20210729,3698369.44,USD,20211124,1000,MIN,1000-REF-02,53246.9,KG,SN-959340
100,000000000001000021,20180826,SAP_MIG,20180826,SAP_MIG,M,Pala Eléctrica,Komatsu,,INV-1000021,34T,20180826,2053849.53,USD,20181211,1000,MANT,1000-REF-03,189676.2,KG,SN-658388
100,000000000001000022,20190424,SAP_MIG,20190424,SAP_MIG,M,Correa Transportadora,Sandvik,,INV-1000022,50T,20190424,2011345.38,USD,20190730,1000,MIN,1000-PLAN-03,174120.4,KG,SN-112439
100,000000000001000023,20190815,SAP_MIG,20190815,SAP_MIG,M,Molino SAG,Sandvik,,INV-1000023,48T,20190815,1646874.26,USD,20200127,1000,PLAN,1000-MIN-01,19924.2,KG,SN-657101
100,000000000001000024,20210729,SAP_MIG,20210729,SAP_MIG,M,Celda de Flotación,Metso,,INV-1000024,32T,20210729,3091379.28,USD,20211105,1000,MANT,1000-MANT-02,53784.0,KG,SN-203050
100,000000000001000025,20190607,SAP_MIG,20190607,SAP_MIG,M,Molino SAG,Siemens,,INV-1000025,34T,20190607,3888439.98,USD,20190906,1000,PLAN,1000-REF-02,117950.5,KG,SN-304394
100,000000000001000026,20201130,SAP_MIG,20201130,SAP_MIG,M,Correa Transportadora,Metso,,INV-1000026,49T,20201130,4966752.75,USD,20210320,1000,PLAN,1000-MIN-01,134724.0,KG,SN-972089
100,000000000001000027,20180520,SAP_MIG,20180520,SAP_MIG,M,Molino SAG,Komatsu,,INV-1000027,11T,20180520,2673794.89,USD,20181011,1000,MANT,1000-MANT-01,145187.5,KG,SN-364132
100,000000000001000028,20190131,SAP_MIG,20190131,SAP_MIG,M,Camión CAEX 930E,Komatsu,,INV-1000028,44T,20190131,550512.28,USD,20190426,1000,PLAN,1000-REF-02,24797.1,KG,SN-225805
100,000000000001000029,20180626,SAP_MIG,20180626,SAP_MIG,M,Pala Eléctrica,Siemens,,INV-1000029,29T,20180626,3316333.68,USD,20181217,1000,MIN,1000-LAB-03,22613.6,KG,SN-293213
100,000000000001000030,20190603,SAP_MIG,20190603,SAP_MIG,M,Molino SAG,Metso,,INV-1000030,47T,20190603,4687292.09,USD,20191027,1000,MANT,1000-LAB-01,85683.2,KG,SN-800007
100,000000000001000031,20220426,SAP_MIG,20220426,SAP_MIG,M,Perforadora Autónoma,Metso,,INV-1000031,15T,20220426,3925583.36,USD,20220804,1000,MIN,1000-PLAN-01,78023.8,KG,SN-162976
100,000000000001000032,20190613,SAP_MIG,20190613,SAP_MIG,M,Pala Eléctrica,Metso,,INV-1000032,33T,20190613,440052.56,USD,20190902,1000,PLAN,1000-PLAN-01,36099.2,KG,SN-615959
100,000000000001000033,20180811,SAP_MIG,20180811,SAP_MIG,M,Chancador Primario,Caterpillar,,INV-1000033,32T,20180811,1170093.84,USD,20181007,1000,MANT,1000-REF-03,52169.8,KG,SN-136554
100,000000000001000034,20180530,SAP_MIG,20180530,SAP_MIG,M,Chancador Primario,Komatsu,,INV-1000034,21T,20180530,3908462.11,USD,20180703,1000,MANT,1000-MIN-03,130746.6,KG,SN-100909
100,000000000001000035,20230326,SAP_MIG,20230326,SAP_MIG,M,Correa Transportadora,Komatsu,,INV-1000035,29T,20230326,1405538.76,USD,20230718,1000,MANT,1000-REF-01,1238.9,KG,SN-841978
100,000000000001000036,20230409,SAP_MIG,20230409,SAP_MIG,M,Molino SAG,Sandvik,,INV-1000036,32T,20230409,2079172.48,USD,20230526,1000,PLAN,1000-MANT-01,1159.8,KG,SN-822742
100,000000000001000037,20220803,SAP_MIG,20220803,SAP_MIG,M,Camión CAEX 930E,Sandvik,,INV-1000037,41T,20220803,2722989.97,USD,20221202,1000,MANT,1000-REF-02,60914.2,KG,SN-157875
100,000000000001000038,20210718,SAP_MIG,20210718,SAP_MIG,M,Perforadora Autónoma,Komatsu,,INV-1000038,39T,20210718,4281376.18,USD,20211112,1000,MIN,1000-LAB-02,92198.1,KG,SN-903741
100,000000000001000039,20190817,SAP_MIG,20190817,SAP_MIG,M,Pala Eléctrica,Caterpillar,,INV-1000039,40T,20190817,292722.79,USD,20191223,1000,PLAN,1000-MANT-01,60124.6,KG,SN-509054
100,000000000001000040,20230110,SAP_MIG,20230110,SAP_MIG,M,Correa Transportadora,Komatsu,,INV-1000040,49T,20230110,1860379.5,USD,20230302,1000,PLAN,1000-PLAN-02,147197.2,KG,SN-246740
100,000000000001000041,20180315,SAP_MIG,20180315,SAP_MIG,M,Camión CAEX 930E,Caterpillar,,INV-1000041,42T,20180315,1268577.14,USD,20180722,1000,MIN,1000-LAB-01,108340.1,KG,SN-422679
100,000000000001000042,20201020,SAP_MIG,20201020,SAP_MIG,M,Celda de Flotación,Siemens,,INV-1000042,33T,20201020,4836213.29,USD,20201123,1000,MIN,1000-MANT-03,11682.9,KG,SN-926045
100,000000000001000043,20220116,SAP_MIG,20220116,SAP_MIG,M,Molino SAG,Komatsu,,INV-1000043,12T,20220116,1137223.06,USD,20220628,1000,MANT,1000-REF-02,174104.9,KG,SN-662625
100,000000000001000044,20181102,SAP_MIG,20181102,SAP_MIG,M,Pala Eléctrica,Siemens,,INV-1000044,9T,20181102,280700.57,USD,20190107,1000,MANT,1000-REF-02,4303.1,KG,SN-748410
100,000000000001000045,20180404,SAP_MIG,20180404,SAP_MIG,M,Correa Transportadora,Caterpillar,,INV-1000045,46T,20180404,739634.89,USD,20180617,1000,PLAN,1000-MIN-01,180980.1,KG,SN-960607
100,000000000001000046,20220614,SAP_MIG,20220614,SAP_MIG,M,Molino SAG,Komatsu,,INV-1000046,44T,20220614,936378.0,USD,20220730,1000,MIN,1000-MIN-02,99680.1,KG,SN-937995
100,000000000001000047,20210614,SAP_MIG,20210614,SAP_MIG,M,Camión CAEX 930E,Caterpillar,,INV-1000047,17T,20210614,2188436.17,USD,20211024,1000,MANT,1000-MIN-02,195182.7,KG,SN-703945
100,000000000001000048,20210122,SAP_MIG,20210122,SAP_MIG,M,Perforadora Autónoma,Caterpillar,,INV-1000048,18T,20210122,3844716.62,USD,20210406,1000,MANT,1000-MIN-02,24588.7,KG,SN-248097
100,000000000001000049,20220401,SAP_MIG,20220401,SAP_MIG,M,Pala Eléctrica,Sandvik,,INV-1000049,49T,20220401,1912643.98,USD,20220612,1000,MANT,1000-MANT-01,185172.3,KG,SN-142675
100,000000000001000050,20181001,SAP_MIG,20181001,SAP_MIG,M,Celda de Flotación,Komatsu,,INV-1000050,45T,20181001,3100963.38,USD,20181210,1000,MIN,1000-LAB-03,97650.0,KG,SN-106658
100,000000000001000051,20180115,SAP_MIG,20180115,SAP_MIG,M,Camión CAEX 930E,Caterpillar,,INV-1000051,50T,20180115,3293603.38,USD,20180427,1000,MANT,1000-REF-03,161578.7,KG,SN-910090
100,000000000001000052,20200901,SAP_MIG,20200901,SAP_MIG,M,Pala Eléctrica,Caterpillar,,INV-1000052,14T,20200901,3235145.95,USD,20210211,1000,MANT,1000-PLAN-01,48231.1,KG,SN-283027
100,000000000001000053,20210604,SAP_MIG,20210604,SAP_MIG,M,Chancador Primario,Komatsu,,INV-1000053,16T,20210604,3614273.9,USD,20210726,1000,PLAN,1000-LAB-02,156625.3,KG,SN-464750
100,000000000001000054,20200507,SAP_MIG,20200507,SAP_MIG,M,Chancador Primario,Komatsu,,INV-1000054,20T,20200507,1040324.02,USD,20201019,1000,MIN,1000-REF-01,72699.3,KG,SN-898100
100,000000000001000055,20210110,SAP_MIG,20210110,SAP_MIG,M,Pala Eléctrica,Siemens,,INV-1000055,34T,20210110,3874623.29,USD,20210403,1000,MANT,1000-MIN-01,39146.9,KG,SN-935309
100,000000000001000056,20181102,SAP_MIG,20181102,SAP_MIG,M,Molino SAG,Sandvik,,INV-1000056,16T,20181102,882822.01,USD,20181213,1000,MIN,1000-REF-02,73156.5,KG,SN-319770
100,000000000001000057,20200609,SAP_MIG,20200609,SAP_MIG,M,Perforadora Autónoma,Metso,,INV-1000057,44T,20200609,4045253.01,USD,20201102,1000,MIN,1000-MIN-02,148213.2,KG,SN-663463
100,000000000001000058,20181227,SAP_MIG,20181227,SAP_MIG,M,Celda de Flotación,Caterpillar,,INV-1000058,6T,20181227,2476800.84,USD,20190224,1000,MIN,1000-LAB-03,47442.3,KG,SN-566428
100,000000000001000059,20210428,SAP_MIG,20210428,SAP_MIG,M,Perforadora Autónoma,Siemens,,INV-1000059,31T,20210428,1073881.84,USD,20210819,1000,MIN,1000-LAB-01,22471.5,KG,SN-338846
100,000000000001000060,20180720,SAP_MIG,20180720,SAP_MIG,M,Correa Transportadora,Caterpillar,,INV-1000060,31T,20180720,4362442.88,USD,20181123,1000,MIN,1000-MIN-02,94462.6,KG,SN-607938
100,000000000001000061,20180422,SAP_MIG,20180422,SAP_MIG,M,Pala Eléctrica,Sandvik,,INV-1000061,18T,20180422,4646646.87,USD,20180915,1000,MIN,1000-PLAN-01,75010.3,KG,SN-579975
100,000000000001000062,20220114,SAP_MIG,20220114,SAP_MIG,M,Correa Transportadora,Caterpillar,,INV-1000062,27T,20220114,4880223.87,USD,20220405,1000,MANT,1000-MIN-03,6902.9,KG,SN-696289
100,000000000001000063,20180503,SAP_MIG,20180503,SAP_MIG,M,Pala Eléctrica,Metso,,INV-1000063,12T,20180503,4273091.7,USD,20180927,1000,MANT,1000-MIN-03,152187.7,KG,SN-330533
100,000000000001000064,20221221,SAP_MIG,20221221,SAP_MIG,M,Chancador Primario,Metso,,INV-1000064,15T,20221221,3968780.13,USD,20230304,1000,PLAN,1000-PLAN-03,171073.3,KG,SN-190674
100,000000000001000065,20200423,SAP_MIG,20200423,SAP_MIG,M,Molino SAG,Siemens,,INV-1000065,18T,20200423,2998746.27,USD,20200918,1000,MANT,1000-MIN-01,146138.5,KG,SN-871939
100,000000000001000066,20221123,SAP_MIG,20221123,SAP_MIG,M,Pala Eléctrica,Caterpillar,,INV-1000066,25T,20221123,2227818.73,USD,20230217,1000,PLAN,1000-MIN-03,182794.1,KG,SN-105324
100,000000000001000067,20200505,SAP_MIG,20200505,SAP_MIG,M,Camión CAEX 930E,Komatsu,,INV-1000067,35T,20200505,3694033.88,USD,20201011,1000,MIN,1000-PLAN-01,106458.8,KG,SN-602550
100,000000000001000068,20220717,SAP_MIG,20220717,SAP_MIG,M,Molino SAG,Komatsu,,INV-1000068,36T,20220717,1278506.31,USD,20230105,1000,MIN,1000-REF-03,146491.4,KG,SN-328596
100,000000000001000069,20180929,SAP_MIG,20180929,SAP_MIG,M,Perforadora Autónoma,Metso,,INV-1000069,20T,20180929,3273436.97,USD,20181121,1000,MIN,1000-PLAN-02,133972.6,KG,SN-269662
100,000000000001000070,20211211,SAP_MIG,20211211,SAP_MIG,M,Celda de Flotación,Sandvik,,INV-1000070,41T,20211211,3761704.81,USD,20220116,1000,MANT,1000-PLAN-02,154481.1,KG,SN-837290
100,000000000001000071,20200410,SAP_MIG,20200410,SAP_MIG,M,Celda de Flotación,Caterpillar,,INV-1000071,28T,20200410,3171373.69,USD,20200510,1000,PLAN,1000-MIN-02,77283.4,KG,SN-824304
100,000000000001000072,20191113,SAP_MIG,20191113,SAP_MIG,M,Camión CAEX 930E,Siemens,,INV-1000072,23T,20191113,2186921.04,USD,20200220,1000,PLAN,1000-REF-01,108715.8,KG,SN-933071
100,000000000001000073,20190301,SAP_MIG,20190301,SAP_MIG,M,Chancador Primario,Komatsu,,INV-1000073,26T,20190301,3705227.85,USD,20190414,1000,PLAN,1000-LAB-03,135093.3,KG,SN-154067
100,000000000001000074,20180816,SAP_MIG,20180816,SAP_MIG,M,Perforadora Autónoma,Sandvik,,INV-1000074,34T,20180816,3133753.91,USD,20181217,1000,MANT,1000-MIN-03,129810.4,KG,SN-839113
100,000000000001000075,20180518,SAP_MIG,20180518,SAP_MIG,M,Correa Transportadora,Siemens,,INV-1000075,18T,20180518,778188.46,USD,20180910,1000,MIN,1000-PLAN-03,23154.8,KG,SN-601736
100,000000000001000076,20220219,SAP_MIG,20220219,SAP_MIG,M,Celda de Flotación,Siemens,,INV-1000076,49T,20220219,1127990.48,USD,20220517,1000,MANT,1000-MANT-03,179637.6,KG,SN-628027
100,000000000001000077,20211025,SAP_MIG,20211025,SAP_MIG,M,Perforadora Autónoma,Sandvik,,INV-1000077,8T,20211025,410508.98,USD,20220220,1000,MANT,1000-PLAN-02,100539.3,KG,SN-969856
100,000000000001000078,20180909,SAP_MIG,20180909,SAP_MIG,M,Correa Transportadora,Sandvik,,INV-1000078,39T,20180909,3423710.63,USD,20190222,1000,MANT,1000-PLAN-02,124379.8,KG,SN-938759
100,000000000001000079,20211010,SAP_MIG,20211010,SAP_MIG,M,Pala Eléctrica,Komatsu,,INV-1000079,34T,20211010,527812.88,USD,20220217,1000,MIN,1000-MANT-02,191672.2,KG,SN-180685
100,000000000001000080,20180812,SAP_MIG,20180812,SAP_MIG,M,Perforadora Autónoma,Caterpillar,,INV-1000080,12T,20180812,3515702.34,USD,20190116,1000,MIN,1000-LAB-02,41249.1,KG,SN-757746
100,000000000001000081,20180216,SAP_MIG,20180216,SAP_MIG,M,Molino SAG,Metso,,INV-1000081,48T,20180216,2753031.29,USD,20180420,1000,MANT,1000-MANT-03,84315.9,KG,SN-873544
100,000000000001000082,20210813,SAP_MIG,20210813,SAP_MIG,M,Perforadora Autónoma,Komatsu,,INV-1000082,17T,20210813,408452.59,USD,20211110,1000,PLAN,1000-REF-02,67507.5,KG,SN-706815
100,000000000001000083,20191204,SAP_MIG,20191204,SAP_MIG,M,Molino SAG,Metso,,INV-1000083,42T,20191204,3362691.19,USD,20200517,1000,PLAN,1000-PLAN-02,91872.4,KG,SN-694806
100,000000000001000084,20180928,SAP_MIG,20180928,SAP_MIG,M,Pala Eléctrica,Metso,,INV-1000084,21T,20180928,1211231.5,USD,20190131,1000,MANT,1000-LAB-01,169180.0,KG,SN-255544
100,000000000001000085,20191225,SAP_MIG,20191225,SAP_MIG,M,Molino SAG,Metso,,INV-1000085,15T,20191225,3131288.13,USD,20200305,1000,PLAN,1000-PLAN-03,57406.7,KG,SN-283877
100,000000000001000086,20220915,SAP_MIG,20220915,SAP_MIG,M,Pala Eléctrica,Caterpillar,,INV-1000086,20T,20220915,672894.94,USD,20230104,1000,PLAN,1000-MIN-03,88457.3,KG,SN-487629
100,000000000001000087,20190113,SAP_MIG,20190113,SAP_MIG,M,Chancador Primario,Caterpillar,,INV-1000087,50T,20190113,269976.53,USD,20190504,1000,MANT,1000-MIN-03,74896.5,KG,SN-666091
100,000000000001000088,20230621,SAP_MIG,20230621,SAP_MIG,M,Chancador Primario,Caterpillar,,INV-1000088,24T,20230621,695301.11,USD,20230727,1000,MANT,1000-LAB-03,100133.7,KG,SN-252446
100,000000000001000089,20230426,SAP_MIG,20230426,SAP_MIG,M,Perforadora Autónoma,Sandvik,,INV-1000089,14T,20230426,121042.1,USD,20231012,1000,PLAN,1000-MANT-03,129625.2,KG,SN-409913
100,000000000001000090,20200828,SAP_MIG,20200828,SAP_MIG,M,Celda de Flotación,Metso,,INV-1000090,41T,20200828,3367749.88,USD,20210218,1000,PLAN,1000-LAB-03,184497.3,KG,SN-455136
100,000000000001000091,20211112,SAP_MIG,20211112,SAP_MIG,M,Correa Transportadora,Komatsu,,INV-1000091,35T,20211112,4510854.9,USD,20220116,1000,PLAN,1000-PLAN-03,23816.8,KG,SN-126000
100,000000000001000092,20200402,SAP_MIG,20200402,SAP_MIG,M,Celda de Flotación,Siemens,,INV-1000092,19T,20200402,2285266.19,USD,20200525,1000,MANT,1000-MIN-01,121826.2,KG,SN-304629
100,000000000001000093,20210409,SAP_MIG,20210409,SAP_MIG,M,Pala Eléctrica,Siemens,,INV-1000093,22T,20210409,1059006.8,USD,20210530,1000,PLAN,1000-LAB-02,89368.9,KG,SN-804179
100,000000000001000094,20230516,SAP_MIG,20230516,SAP_MIG,M,Chancador Primario,Komatsu,,INV-1000094,30T,20230516,1052805.19,USD,20230904,1000,PLAN,1000-REF-01,102555.4,KG,SN-158770
100,000000000001000095,20230204,SAP_MIG,20230204,SAP_MIG,M,Molino SAG,Metso,,INV-1000095,14T,20230204,3608222.48,USD,20230623,1000,MANT,1000-PLAN-01,74879.8,KG,SN-398477
100,000000000001000096,20191208,SAP_MIG,20191208,SAP_MIG,M,Perforadora Autónoma,Metso,,INV-1000096,33T,20191208,4384078.51,USD,20200129,1000,MIN,1000-REF-03,177617.1,KG,SN-877548
100,000000000001000097,20200501,SAP_MIG,20200501,SAP_MIG,M,Perforadora Autónoma,Sandvik,,INV-1000097,15T,20200501,4047796.65,USD,20200916,1000,PLAN,1000-LAB-03,83131.7,KG,SN-976097
100,000000000001000098,20210417,SAP_MIG,20210417,SAP_MIG,M,Camión CAEX 930E,Siemens,,INV-1000098,14T,20210417,1118140.57,USD,20210915,1000,PLAN,1000-MANT-03,13690.1,KG,SN-719371
100,000000000001000099,20220329,SAP_MIG,20220329,SAP_MIG,M,Camión CAEX 930E,Sandvik,,INV-1000099,5T,20220329,2106357.13,USD,20220706,1000,MANT,1000-MIN-03,111384.9,KG,SN-844747
100,000000000001000100,20210309,SAP_MIG,20210309,SAP_MIG,M,Pala Eléctrica,Caterpillar,,INV-1000100,16T,20210309,4178190.24,USD,20210621,1000,PLAN,1000-PLAN-02,8925.5,KG,SN-966384
100,000000000001000101,20190911,SAP_MIG,20190911,SAP_MIG,M,Perforadora Autónoma,Siemens,,INV-1000101,36T,20190911,2840477.18,USD,20200206,1000,MIN,1000-MIN-01,158348.3,KG,SN-261505
100,000000000001000102,20190622,SAP_MIG,20190622,SAP_MIG,M,Correa Transportadora,Metso,,INV-1000102,45T,20190622,2415451.73,USD,20191003,1000,MANT,1000-MIN-03,98631.4,KG,SN-821255
100,000000000001000103,20210813,SAP_MIG,20210813,SAP_MIG,M,Camión CAEX 930E,Caterpillar,,INV-1000103,12T,20210813,3847119.94,USD,20220116,1000,MIN,1000-REF-01,149240.3,KG,SN-709291
100,000000000001000104,20200911,SAP_MIG,20200911,SAP_MIG,M,Molino SAG,Siemens,,INV-1000104,21T,20200911,3177180.63,USD,20210209,1000,PLAN,1000-LAB-02,24356.9,KG,SN-637422
100,000000000001000105,20220210,SAP_MIG,20220210,SAP_MIG,M,Camión CAEX 930E,Siemens,,INV-1000105,21T,20220210,897951.44,USD,20220326,1000,MIN,1000-MANT-03,92478.3,KG,SN-826959
100,000000000001000106,20181005,SAP_MIG,20181005,SAP_MIG,M,Pala Eléctrica,Metso,,INV-1000106,8T,20181005,1436084.73,USD,20190219,1000,PLAN,1000-LAB-03,191053.7,KG,SN-151081
100,000000000001000107,20190817,SAP_MIG,20190817,SAP_MIG,M,Chancador Primario,Metso,,INV-1000107,45T,20190817,4687953.4,USD,20200125,1000,MIN,1000-LAB-01,125792.0,KG,SN-901834
100,000000000001000108,20180713,SAP_MIG,20180713,SAP_MIG,M,Celda de Flotación,Siemens,,INV-1000108,15T,20180713,2764190.44,USD,20181031,1000,PLAN,1000-LAB-01,60563.9,KG,SN-818739
100,000000000001000109,20211130,SAP_MIG,20211130,SAP_MIG,M,Camión CAEX 930E,Metso,,INV-1000109,39T,20211130,2942228.54,USD,20220204,1000,MIN,1000-MIN-03,103875.1,KG,SN-491133
100,000000000001000110,20220514,SAP_MIG,20220514,SAP_MIG,M,Molino SAG,Sandvik,,INV-1000110,26T,20220514,4612446.15,USD,20220724,1000,MIN,1000-MANT-01,31333.7,KG,SN-331854
100,000000000001000111,20220831,SAP_MIG,20220831,SAP_MIG,M,Celda de Flotación,Caterpillar,,INV-1000111,40T,20220831,3105798.96,USD,20230211,1000,PLAN,1000-REF-03,110447.0,KG,SN-893045
100,000000000001000112,20220702,SAP_MIG,20220702,SAP_MIG,M,Molino SAG,Komatsu,,INV-1000112,34T,20220702,4588552.68,USD,20220830,1000,MIN,1000-LAB-03,3967.2,KG,SN-465124
100,000000000001000113,20191001,SAP_MIG,20191001,SAP_MIG,M,Pala Eléctrica,Metso,,INV-1000113,33T,20191001,4459659.29,USD,20200312,1000,MANT,1000-MIN-03,142124.0,KG,SN-130156
100,000000000001000114,20220305,SAP_MIG,20220305,SAP_MIG,M,Pala Eléctrica,Komatsu,,INV-1000114,13T,20220305,4298394.53,USD,20220510,1000,PLAN,1000-MANT-01,61832.0,KG,SN-320034
100,000000000001000115,20180924,SAP_MIG,20180924,SAP_MIG,M,Molino SAG,Komatsu,,INV-1000115,49T,20180924,3838816.07,USD,20181121,1000,MIN,1000-MIN-01,155051.1,KG,SN-894122
100,000000000001000116,20200602,SAP_MIG,20200602,SAP_MIG,M,Pala Eléctrica,Komatsu,,INV-1000116,11T,20200602,260684.31,USD,20201110,1000,PLAN,1000-MIN-01,94081.9,KG,SN-365302
100,000000000001000117,20180330,SAP_MIG,20180330,SAP_MIG,M,Perforadora Autónoma,Komatsu,,INV-1000117,47T,20180330,150334.74,USD,20180523,1000,MIN,1000-LAB-03,120557.5,KG,SN-716146
100,000000000001000118,20230120,SAP_MIG,20230120,SAP_MIG,M,Pala Eléctrica,Caterpillar,,INV-1000118,47T,20230120,1822514.97,USD,20230314,1000,MIN,1000-LAB-02,149366.5,KG,SN-390849
100,000000000001000119,20230428,SAP_MIG,20230428,SAP_MIG,M,Perforadora Autónoma,Siemens,,INV-1000119,27T,20230428,886730.95,USD,20231003,1000,PLAN,1000-REF-01,48743.6,KG,SN-697935
100,000000000001000120,20180520,SAP_MIG,20180520,SAP_MIG,M,Celda de Flotación,Komatsu,,INV-1000120,42T,20180520,3839895.76,USD,20181101,1000,MIN,1000-REF-03,38713.7,KG,SN-395548
100,000000000001000121,20181218,SAP_MIG,20181218,SAP_MIG,M,Camión CAEX 930E,Siemens,,INV-1000121,11T,20181218,4628737.28,USD,20190526,1000,PLAN,1000-PLAN-02,73609.4,KG,SN-718010
100,000000000001000122,20190115,SAP_MIG,20190115,SAP_MIG,M,Correa Transportadora,Sandvik,,INV-1000122,11T,20190115,986157.83,USD,20190515,1000,MANT,1000-PLAN-01,43247.7,KG,SN-338607
100,000000000001000123,20200414,SAP_MIG,20200414,SAP_MIG,M,Celda de Flotación,Komatsu,,INV-1000123,25T,20200414,705715.47,USD,20200611,1000,PLAN,1000-MIN-03,99415.3,KG,SN-478798
100,000000000001000124,20211214,SAP_MIG,20211214,SAP_MIG,M,Chancador Primario,Metso,,INV-1000124,7T,20211214,503014.93,USD,20220519,1000,MIN,1000-PLAN-01,57080.5,KG,SN-729554
100,000000000001000125,20220216,SAP_MIG,20220216,SAP_MIG,M,Correa Transportadora,Metso,,INV-1000125,33T,20220216,1206779.81,USD,20220630,1000,MANT,1000-LAB-02,85878.4,KG,SN-998392
100,000000000001000126,20180523,SAP_MIG,20180523,SAP_MIG,M,Correa Transportadora,Sandvik,,INV-1000126,28T,20180523,978556.69,USD,20181025,1000,PLAN,1000-MIN-02,79575.8,KG,SN-648051
100,000000000001000127,20210910,SAP_MIG,20210910,SAP_MIG,M,Camión CAEX 930E,Komatsu,,INV-1000127,14T,20210910,2034576.16,USD,20211105,1000,PLAN,1000-LAB-03,178539.3,KG,SN-276919
100,000000000001000128,20180513,SAP_MIG,20180513,SAP_MIG,M,Pala Eléctrica,Metso,,INV-1000128,26T,20180513,1081291.14,USD,20180923,1000,MIN,1000-MANT-01,167702.8,KG,SN-860427
100,000000000001000129,20201019,SAP_MIG,20201019,SAP_MIG,M,Celda de Flotación,Metso,,INV-1000129,50T,20201019,3853263.6,USD,20210126,1000,PLAN,1000-PLAN-01,71541.4,KG,SN-799061
100,000000000001000130,20210520,SAP_MIG,20210520,SAP_MIG,M,Molino SAG,Sandvik,,INV-1000130,37T,20210520,1466564.1,USD,20211013,1000,MIN,1000-MIN-02,50512.6,KG,SN-621429
100,000000000001000131,20190418,SAP_MIG,20190418,SAP_MIG,M,Camión CAEX 930E,Caterpillar,,INV-1000131,11T,20190418,3715211.94,USD,20190604,1000,MANT,1000-REF-02,5836.4,KG,SN-287795
100,000000000001000132,20200223,SAP_MIG,20200223,SAP_MIG,M,Correa Transportadora,Siemens,,INV-1000132,25T,20200223,848409.59,USD,20200417,1000,MIN,1000-REF-02,150446.1,KG,SN-904857
100,000000000001000133,20201005,SAP_MIG,20201005,SAP_MIG,M,Pala Eléctrica,Sandvik,,INV-1000133,23T,20201005,3344256.84,USD,20210309,1000,PLAN,1000-MANT-02,108716.4,KG,SN-948802
100,000000000001000134,20221027,SAP_MIG,20221027,SAP_MIG,M,Chancador Primario,Siemens,,INV-1000134,6T,20221027,4767644.43,USD,20221204,1000,MANT,1000-LAB-03,183030.4,KG,SN-502265
100,000000000001000135,20200710,SAP_MIG,20200710,SAP_MIG,M,Celda de Flotación,Metso,,INV-1000135,29T,20200710,2268525.12,USD,20200818,1000,MIN,1000-MIN-03,111555.0,KG,SN-917241
100,000000000001000136,20190913,SAP_MIG,20190913,SAP_MIG,M,Molino SAG,Caterpillar,,INV-1000136,32T,20190913,758992.39,USD,20200120,1000,MANT,1000-LAB-01,22321.7,KG,SN-807814
100,000000000001000137,20201001,SAP_MIG,20201001,SAP_MIG,M,Correa Transportadora,Siemens,,INV-1000137,39T,20201001,2903830.14,USD,20210301,1000,PLAN,1000-LAB-02,31684.0,KG,SN-158444
100,000000000001000138,20200312,SAP_MIG,20200312,SAP_MIG,M,Molino SAG,Metso,,INV-1000138,42T,20200312,4857266.72,USD,20200710,1000,MANT,1000-MANT-03,12754.1,KG,SN-719145
100,000000000001000139,20180403,SAP_MIG,20180403,SAP_MIG,M,Celda de Flotación,Caterpillar,,INV-1000139,28T,20180403,1809496.26,USD,20180929,1000,MIN,1000-LAB-01,178322.9,KG,SN-457833
100,000000000001000140,20200219,SAP_MIG,20200219,SAP_MIG,M,Molino SAG,Komatsu,,INV-1000140,27T,20200219,4960533.06,USD,20200703,1000,MANT,1000-MIN-01,132417.4,KG,SN-359642
100,000000000001000141,20190426,SAP_MIG,20190426,SAP_MIG,M,Chancador Primario,Metso,,INV-1000141,10T,20190426,4560906.19,USD,20190611,1000,MANT,1000-MIN-02,67850.1,KG,SN-120669
100,000000000001000142,20210107,SAP_MIG,20210107,SAP_MIG,M,Camión CAEX 930E,Metso,,INV-1000142,34T,20210107,3323062.15,USD,20210525,1000,PLAN,1000-PLAN-03,180331.3,KG,SN-379570
100,000000000001000143,20180211,SAP_MIG,20180211,SAP_MIG,M,Chancador Primario,Sandvik,,INV-1000143,6T,20180211,4930247.43,USD,20180617,1000,PLAN,1000-PLAN-01,64823.1,KG,SN-202472
100,000000000001000144,20220714,SAP_MIG,20220714,SAP_MIG,M,Camión CAEX 930E,Sandvik,,INV-1000144,49T,20220714,3408045.35,USD,20221107,1000,MANT,1000-PLAN-03,162385.7,KG,SN-799806
100,000000000001000145,20191127,SAP_MIG,20191127,SAP_MIG,M,Chancador Primario,Caterpillar,,INV-1000145,24T,20191127,1880338.1,USD,20200416,1000,MIN,1000-PLAN-02,127271.1,KG,SN-925386
100,000000000001000146,20180604,SAP_MIG,20180604,SAP_MIG,M,Pala Eléctrica,Siemens,,INV-1000146,23T,20180604,1399259.99,USD,20180918,1000,PLAN,1000-PLAN-01,161018.3,KG,SN-754911
100,000000000001000147,20220302,SAP_MIG,20220302,SAP_MIG,M,Correa Transportadora,Komatsu,,INV-1000147,42T,20220302,564194.71,USD,20220626,1000,MANT,1000-MIN-02,113502.4,KG,SN-656860
100,000000000001000148,20200831,SAP_MIG,20200831,SAP_MIG,M,Pala Eléctrica,Sandvik,,INV-1000148,27T,20200831,3998693.57,USD,20201216,1000,PLAN,1000-LAB-01,60331.8,KG,SN-795684
100,000000000001000149,20210110,SAP_MIG,20210110,SAP_MIG,M,Pala Eléctrica,Metso,,INV-1000149,31T,20210110,2071274.68,USD,20210620,1000,MANT,1000-REF-02,152806.7,KG,SN-289373
100,000000000001000150,20221210,SAP_MIG,20221210,SAP_MIG,M,Correa Transportadora,Komatsu,,INV-1000150,50T,20221210,2629498.16,USD,20230225,1000,PLAN,1000-PLAN-02,42984.1,KG,SN-963930
100,000000000001000151,20220301,SAP_MIG,20220301,SAP_MIG,M,Perforadora Autónoma,Sandvik,,INV-1000151,45T,20220301,2710324.74,USD,20220720,1000,PLAN,1000-REF-03,125538.3,KG,SN-647639
100,000000000001000152,20190215,SAP_MIG,20190215,SAP_MIG,M,Molino SAG,Metso,,INV-1000152,14T,20190215,1277832.34,USD,20190601,1000,MANT,1000-PLAN-01,64071.3,KG,SN-970542
100,000000000001000153,20230210,SAP_MIG,20230210,SAP_MIG,M,Correa Transportadora,Komatsu,,INV-1000153,18T,20230210,4245238.22,USD,20230519,1000,MANT,1000-REF-02,32536.6,KG,SN-820219
100,000000000001000154,20210516,SAP_MIG,20210516,SAP_MIG,M,Molino SAG,Caterpillar,,INV-1000154,20T,20210516,656437.03,USD,20210803,1000,MIN,1000-MANT-01,159510.4,KG,SN-425625
100,000000000001000155,20200808,SAP_MIG,20200808,SAP_MIG,M,Chancador Primario,Sandvik,,INV-1000155,32T,20200808,2167893.73,USD,20200916,1000,MIN,1000-MIN-03,54906.0,KG,SN-130557
100,000000000001000156,20190614,SAP_MIG,20190614,SAP_MIG,M,Correa Transportadora,Metso,,INV-1000156,40T,20190614,962327.59,USD,20190724,1000,PLAN,1000-PLAN-02,156555.6,KG,SN-158014
100,000000000001000157,20221027,SAP_MIG,20221027,SAP_MIG,M,Perforadora Autónoma,Komatsu,,INV-1000157,43T,20221027,1560097.96,USD,20221212,1000,MANT,1000-LAB-03,73005.1,KG,SN-789365
100,000000000001000158,20221219,SAP_MIG,20221219,SAP_MIG,M,Molino SAG,Komatsu,,INV-1000158,13T,20221219,1256601.64,USD,20230613,1000,PLAN,1000-PLAN-03,186620.6,KG,SN-647312
100,000000000001000159,20210922,SAP_MIG,20210922,SAP_MIG,M,Celda de Flotación,Siemens,,INV-1000159,38T,20210922,1333859.49,USD,20211114,1000,MIN,1000-REF-01,24894.2,KG,SN-945872
100,000000000001000160,20191004,SAP_MIG,20191004,SAP_MIG,M,Celda de Flotación,Metso,,INV-1000160,42T,20191004,3712458.13,USD,20200102,1000,MANT,1000-MANT-01,29283.4,KG,SN-283662
100,000000000001000161,20190315,SAP_MIG,20190315,SAP_MIG,M,Molino SAG,Metso,,INV-1000161,31T,20190315,1346099.01,USD,20190911,1000,MIN,1000-PLAN-02,106927.3,KG,SN-833602
100,000000000001000162,20230427,SAP_MIG,20230427,SAP_MIG,M,Perforadora Autónoma,Komatsu,,INV-1000162,39T,20230427,2176528.45,USD,20230729,1000,MANT,1000-LAB-03,156962.5,KG,SN-251950
100,000000000001000163,20200114,SAP_MIG,20200114,SAP_MIG,M,Correa Transportadora,Sandvik,,INV-1000163,28T,20200114,4124690.29,USD,20200218,1000,PLAN,1000-LAB-03,121360.0,KG,SN-982348
100,000000000001000164,20220223,SAP_MIG,20220223,SAP_MIG,M,Correa Transportadora,Komatsu,,INV-1000164,47T,20220223,1274411.56,USD,20220813,1000,MANT,1000-MANT-02,127970.3,KG,SN-834649
100,000000000001000165,20200114,SAP_MIG,20200114,SAP_MIG,M,Chancador Primario,Komatsu,,INV-1000165,20T,20200114,4302470.98,USD,20200522,1000,MIN,1000-LAB-03,192169.2,KG,SN-367946
100,000000000001000166,20190909,SAP_MIG,20190909,SAP_MIG,M,Celda de Flotación,Komatsu,,INV-1000166,20T,20190909,1557372.22,USD,20191119,1000,MANT,1000-REF-02,63778.3,KG,SN-951703
100,000000000001000167,20220420,SAP_MIG,20220420,SAP_MIG,M,Celda de Flotación,Sandvik,,INV-1000167,7T,20220420,1442778.98,USD,20220609,1000,MANT,1000-PLAN-02,147519.9,KG,SN-982023
100,000000000001000168,20191113,SAP_MIG,20191113,SAP_MIG,M,Celda de Flotación,Sandvik,,INV-1000168,11T,20191113,4139564.24,USD,20200217,1000,PLAN,1000-MIN-02,70695.3,KG,SN-731364
100,000000000001000169,20220202,SAP_MIG,20220202,SAP_MIG,M,Correa Transportadora,Siemens,,INV-1000169,25T,20220202,2320982.59,USD,20220311,1000,MIN,1000-REF-02,128497.7,KG,SN-760766
100,000000000001000170,20200627,SAP_MIG,20200627,SAP_MIG,M,Camión CAEX 930E,Caterpillar,,INV-1000170,30T,20200627,1080369.06,USD,20201013,1000,MANT,1000-REF-01,16905.3,KG,SN-265488
100,000000000001000171,20190527,SAP_MIG,20190527,SAP_MIG,M,Correa Transportadora,Siemens,,INV-1000171,46T,20190527,3839497.25,USD,20191009,1000,MANT,1000-PLAN-02,95933.9,KG,SN-870883
100,000000000001000172,20181001,SAP_MIG,20181001,SAP_MIG,M,Pala Eléctrica,Metso,,INV-1000172,48T,20181001,3005800.04,USD,20190122,1000,MANT,1000-MANT-01,17337.6,KG,SN-485456
100,000000000001000173,20190108,SAP_MIG,20190108,SAP_MIG,M,Molino SAG,Sandvik,,INV-1000173,41T,20190108,1199986.95,USD,20190212,1000,PLAN,1000-REF-02,122594.6,KG,SN-339816
100,000000000001000174,20230201,SAP_MIG,20230201,SAP_MIG,M,Molino SAG,Komatsu,,INV-1000174,17T,20230201,1382737.51,USD,20230415,1000,MIN,1000-PLAN-01,123791.8,KG,SN-729557
100,000000000001000175,20190617,SAP_MIG,20190617,SAP_MIG,M,Camión CAEX 930E,Caterpillar,,INV-1000175,28T,20190617,933602.13,USD,20191209,1000,MIN,1000-MIN-01,143857.4,KG,SN-556297
100,000000000001000176,20220503,SAP_MIG,20220503,SAP_MIG,M,Celda de Flotación,Sandvik,,INV-1000176,48T,20220503,2521330.25,USD,20220729,1000,PLAN,1000-MANT-01,38513.6,KG,SN-952924
100,000000000001000177,20220521,SAP_MIG,20220521,SAP_MIG,M,Perforadora Autónoma,Metso,,INV-1000177,36T,20220521,1972160.22,USD,20221008,1000,MIN,1000-REF-01,43505.5,KG,SN-964119
100,000000000001000178,20190803,SAP_MIG,20190803,SAP_MIG,M,Molino SAG,Caterpillar,,INV-1000178,16T,20190803,2101768.1,USD,20191009,1000,MIN,1000-MANT-02,195237.6,KG,SN-346924
100,000000000001000179,20210619,SAP_MIG,20210619,SAP_MIG,M,Pala Eléctrica,Sandvik,,INV-1000179,28T,20210619,2956225.08,USD,20211113,1000,MIN,1000-MIN-01,94041.9,KG,SN-438947
100,000000000001000180,20230619,SAP_MIG,20230619,SAP_MIG,M,Correa Transportadora,Sandvik,,INV-1000180,18T,20230619,3595346.15,USD,20231104,1000,PLAN,1000-REF-01,51617.0,KG,SN-199907
100,000000000001000181,20210214,SAP_MIG,20210214,SAP_MIG,M,Camión CAEX 930E,Komatsu,,INV-1000181,26T,20210214,4662216.58,USD,20210714,1000,MANT,1000-REF-01,187894.7,KG,SN-941218
100,000000000001000182,20210510,SAP_MIG,20210510,SAP_MIG,M,Camión CAEX 930E,Komatsu,,INV-1000182,21T,20210510,2572255.79,USD,20210914,1000,MANT,1000-PLAN-01,134416.8,KG,SN-238661
100,000000000001000183,20230606,SAP_MIG,20230606,SAP_MIG,M,Camión CAEX 930E,Siemens,,INV-1000183,42T,20230606,978923.89,USD,20230818,1000,PLAN,1000-PLAN-02,186100.2,KG,SN-590822
100,000000000001000184,20180928,SAP_MIG,20180928,SAP_MIG,M,Perforadora Autónoma,Komatsu,,INV-1000184,50T,20180928,2699076.62,USD,20181203,1000,MANT,1000-MIN-02,62997.3,KG,SN-234082
100,000000000001000185,20201019,SAP_MIG,20201019,SAP_MIG,M,Correa Transportadora,Metso,,INV-1000185,28T,20201019,4638561.51,USD,20210129,1000,MANT,1000-REF-01,166003.0,KG,SN-376570
100,000000000001000186,20201124,SAP_MIG,20201124,SAP_MIG,M,Molino SAG,Metso,,INV-1000186,15T,20201124,1646160.31,USD,20210428,1000,MIN,1000-PLAN-03,170680.2,KG,SN-789354
100,000000000001000187,20210727,SAP_MIG,20210727,SAP_MIG,M,Camión CAEX 930E,Sandvik,,INV-1000187,17T,20210727,828241.95,USD,20211023,1000,MIN,1000-MIN-01,94314.4,KG,SN-271499
100,000000000001000188,20211216,SAP_MIG,20211216,SAP_MIG,M,Molino SAG,Sandvik,,INV-1000188,12T,20211216,4976488.54,USD,20220521,1000,MIN,1000-PLAN-02,71625.8,KG,SN-843470
100,000000000001000189,20210222,SAP_MIG,20210222,SAP_MIG,M,Molino SAG,Sandvik,,INV-1000189,36T,20210222,651205.33,USD,20210430,1000,MIN,1000-MANT-03,19168.8,KG,SN-397917
100,000000000001000190,20190105,SAP_MIG,20190105,SAP_MIG,M,Correa Transportadora,Caterpillar,,INV-1000190,37T,20190105,4130601.61,USD,20190628,1000,PLAN,1000-REF-01,42873.0,KG,SN-104326
100,000000000001000191,20201213,SAP_MIG,20201213,SAP_MIG,M,Pala Eléctrica,Siemens,,INV-1000191,31T,20201213,4610024.66,USD,20210316,1000,MANT,1000-REF-02,19313.9,KG,SN-444622
100,000000000001000192,20180223,SAP_MIG,20180223,SAP_MIG,M,Correa Transportadora,Metso,,INV-1000192,48T,20180223,697755.63,USD,20180628,1000,PLAN,1000-LAB-03,190268.4,KG,SN-977634
100,000000000001000193,20191025,SAP_MIG,20191025,SAP_MIG,M,Camión CAEX 930E,Caterpillar,,INV-1000193,10T,20191025,2355142.58,USD,20200325,1000,MANT,1000-REF-02,191062.7,KG,SN-723068
100,000000000001000194,20210909,SAP_MIG,20210909,SAP_MIG,M,Perforadora Autónoma,Komatsu,,INV-1000194,7T,20210909,3315246.51,USD,20220201,1000,MANT,1000-REF-03,199964.3,KG,SN-935750
100,000000000001000195,20210311,SAP_MIG,20210311,SAP_MIG,M,Pala Eléctrica,Caterpillar,,INV-1000195,8T,20210311,4027634.02,USD,20210621,1000,MANT,1000-LAB-01,11579.2,KG,SN-174159
100,000000000001000196,20210125,SAP_MIG,20210125,SAP_MIG,M,Molino SAG,Siemens,,INV-1000196,10T,20210125,2054406.64,USD,20210410,1000,MIN,1000-LAB-01,173170.3,KG,SN-193520
100,000000000001000197,20180212,SAP_MIG,20180212,SAP_MIG,M,Pala Eléctrica,Caterpillar,,INV-1000197,29T,20180212,3919513.47,USD,20180525,1000,PLAN,1000-LAB-01,190909.3,KG,SN-261621
100,000000000001000198,20180904,SAP_MIG,20180904,SAP_MIG,M,Molino SAG,Metso,,INV-1000198,32T,20180904,3705857.49,USD,20181222,1000,PLAN,1000-REF-01,26691.7,KG,SN-797848
100,000000000001000199,20180716,SAP_MIG,20180716,SAP_MIG,M,Chancador Primario,Metso,,INV-1000199,17T,20180716,2499152.88,USD,20181122,1000,MANT,1000-MANT-02,112829.9,KG,SN-543621
