MANDT,AUFPL,APLZL,AUFNR,VORNR,STEUS,LTXA1,ARBEI,ARBEH,ANZZL,WERKS,KOSTL
100,0000900001,00000001,000000800001,0010,PM02,Inspección y mantenimiento preventivo,6.4,H,1,1000,MANT100
100,0000900002,00000001,000000800002,0010,PM02,Inspección y mantenimiento preventivo,8.0,H,1,1000,MANT100
100,0000900003,00000001,000000800003,0010,PM02,Inspección y mantenimiento preventivo,6.1,H,1,1000,MANT100
100,0000900004,00000001,000000800004,0010,PM02,Inspección y mantenimiento preventivo,6.6,H,1,1000,MANT100
100,0000900005,00000001,000000800005,0010,PM02,Inspección y mantenimiento preventivo,11.0,H,1,1000,MANT100
100,0000900006,00000001,000000800006,0010,PM02,Inspección y mantenimiento preventivo,7.7,H,1,1000,MANT100
100,0000900007,00000001,000000800007,0010,PM02,Inspección y mantenimiento preventivo,5.0,H,1,1000,MANT100
100,0000900008,00000001,000000800008,0010,PM02,Inspección y mantenimiento preventivo,6.3,H,1,1000,MANT100
100,0000900009,00000001,000000800009,0010,PM02,Inspección y mantenimiento preventivo,7.6,H,1,1000,MANT100
100,0000900010,00000001,000000800010,0010,PM02,Inspección y mantenimiento preventivo,6.2,H,1,1000,MANT100
100,0000900011,00000001,000000800011,0010,PM02,Inspección y mantenimiento preventivo,6.4,H,1,1000,MANT100
100,0000900012,00000001,000000800012,0010,PM02,Inspección y mantenimiento preventivo,8.9,H,1,1000,MANT100
100,0000900013,00000001,000000800013,0010,PM02,Inspección y mantenimiento preventivo,5.1,H,1,1000,MANT100
100,0000900014,00000001,000000800014,0010,PM02,Inspección y mantenimiento preventivo,5.1,H,1,1000,MANT100
100,0000900015,00000001,000000800015,0010,PM02,Inspección y mantenimiento preventivo,7.2,H,1,1000,MANT100
100,0000900016,00000001,000000800016,0010,PM02,Inspección y mantenimiento preventivo,11.1,H,1,1000,MANT100
100,0000900017,00000001,000000800017,0010,PM02,Inspección y mantenimiento preventivo,11.1,H,1,1000,MANT100
100,0000900018,00000001,000000800018,0010,PM02,Inspección y mantenimiento preventivo,9.6,H,1,1000,MANT100
100,0000900019,00000001,000000800019,0010,PM02,Inspección y mantenimiento preventivo,6.2,H,1,1000,MANT100
100,0000900020,00000001,000000800020,0010,PM02,Inspección y mantenimiento preventivo,6.9,H,1,1000,MANT100
100,0000900021,00000001,000000800021,0010,PM02,Inspección y mantenimiento preventivo,6.2,H,1,1000,MANT100
100,0000900022,00000001,000000800022,0010,PM02,Inspección y mantenimiento preventivo,7.1,H,1,1000,MANT100
100,0000900023,00000001,000000800023,0010,PM02,Inspección y mantenimiento preventivo,4.2,H,1,1000,MANT100
100,0000900024,00000001,000000800024,0010,PM02,Inspección y mantenimiento preventivo,5.0,H,1,1000,MANT100
100,0000900025,00000001,000000800025,0010,PM02,Inspección y mantenimiento preventivo,6.6,H,1,1000,MANT100
100,0000900026,00000001,000000800026,0010,PM02,Inspección y mantenimiento preventivo,7.2,H,1,1000,MANT100
100,0000900027,00000001,000000800027,0010,PM02,Inspección y mantenimiento preventivo,5.8,H,1,1000,MANT100
100,0000900028,00000001,000000800028,0010,PM02,Inspección y mantenimiento preventivo,6.0,H,1,1000,MANT100
100,0000900029,00000001,000000800029,0010,PM02,Inspección y mantenimiento preventivo,5.4,H,1,1000,MANT100
100,0000900030,00000001,000000800030,0010,PM02,Inspección y mantenimiento preventivo,4.1,H,1,1000,MANT100
100,0000900031,00000001,000000800031,0010,PM02,Inspección y mantenimiento preventivo,8.3,H,1,1000,MANT100
100,0000900032,00000001,000000800032,0010,PM02,Inspección y mantenimiento preventivo,7.4,H,1,1000,MANT100
100,0000900033,00000001,000000800033,0010,PM01,Diagnóstico y reparación crítica,68.7,H,1,1000,MANT100
100,0000900034,00000001,000000800034,0010,PM02,Inspección y mantenimiento preventivo,5.3,H,1,1000,MANT100
100,0000900035,00000001,000000800035,0010,PM02,Inspección y mantenimiento preventivo,4.8,H,1,1000,MANT100
100,0000900036,00000001,000000800036,0010,PM02,Inspección y mantenimiento preventivo,6.1,H,1,1000,MANT100
100,0000900037,00000001,000000800037,0010,PM02,Inspección y mantenimiento preventivo,9.5,H,1,1000,MANT100
100,0000900038,00000001,000000800038,0010,PM02,Inspección y mantenimiento preventivo,6.4,H,1,1000,MANT100
100,0000900039,00000001,000000800039,0010,PM01,Diagnóstico y reparación crítica,52.7,H,1,1000,MANT100
100,0000900040,00000001,000000800040,0010,PM02,Inspección y mantenimiento preventivo,5.8,H,1,1000,MANT100
100,0000900041,00000001,000000800041,0010,PM02,Inspección y mantenimiento preventivo,7.3,H,1,1000,MANT100
100,0000900042,00000001,000000800042,0010,PM02,Inspección y mantenimiento preventivo,7.5,H,1,1000,MANT100
100,0000900043,00000001,000000800043,0010,PM02,Inspección y mantenimiento preventivo,6.1,H,1,1000,MANT100
100,0000900044,00000001,000000800044,0010,PM02,Inspección y mantenimiento preventivo,11.1,H,1,1000,MANT100
100,0000900045,00000001,000000800045,0010,PM02,Inspección y mantenimiento preventivo,5.8,H,1,1000,MANT100
100,0000900046,00000001,000000800046,0010,PM02,Inspección y mantenimiento preventivo,7.7,H,1,1000,MANT100
100,0000900047,00000001,000000800047,0010,PM02,Inspección y mantenimiento preventivo,5.4,H,1,1000,MANT100
100,0000900048,00000001,000000800048,0010,PM02,Inspección y mantenimiento preventivo,4.4,H,1,1000,MANT100
100,0000900049,00000001,000000800049,0010,PM02,Inspección y mantenimiento preventivo,7.6,H,1,1000,MANT100
100,0000900050,00000001,000000800050,0010,PM02,Inspección y mantenimiento preventivo,7.4,H,1,1000,MANT100
100,0000900051,00000001,000000800051,0010,PM02,Inspección y mantenimiento preventivo,4.1,H,1,1000,MANT100
100,0000900052,00000001,000000800052,0010,PM02,Inspección y mantenimiento preventivo,4.6,H,1,1000,MANT100
100,0000900053,00000001,000000800053,0010,PM02,Inspección y mantenimiento preventivo,8.2,H,1,1000,MANT100
100,0000900054,00000001,000000800054,0010,PM01,Diagnóstico y reparación crítica,77.6,H,1,1000,MANT100
100,0000900055,00000001,000000800055,0010,PM02,Inspección y mantenimiento preventivo,5.0,H,1,1000,MANT100
100,0000900056,00000001,000000800056,0010,PM02,Inspección y mantenimiento preventivo,7.1,H,1,1000,MANT100
100,0000900057,00000001,000000800057,0010,PM01,Diagnóstico y reparación crítica,78.8,H,1,1000,MANT100
100,0000900058,00000001,000000800058,0010,PM02,Inspección y mantenimiento preventivo,4.2,H,1,1000,MANT100
100,0000900059,00000001,000000800059,0010,PM02,Inspección y mantenimiento preventivo,4.6,H,1,1000,MANT100
100,0000900060,00000001,000000800060,0010,PM01,Diagnóstico y reparación crítica,77.1,H,1,1000,MANT100
100,0000900061,00000001,000000800061,0010,PM02,Inspección y mantenimiento preventivo,7.7,H,1,1000,MANT100
100,0000900062,00000001,000000800062,0010,PM02,Inspección y mantenimiento preventivo,5.6,H,1,1000,MANT100
100,0000900063,00000001,000000800063,0010,PM01,Diagnóstico y reparación crítica,53.0,H,1,1000,MANT100
100,0000900064,00000001,000000800064,0010,PM02,Inspección y mantenimiento preventivo,9.9,H,1,1000,MANT100
100,0000900065,00000001,000000800065,0010,PM02,Inspección y mantenimiento preventivo,6.6,H,1,1000,MANT100
100,0000900066,00000001,000000800066,0010,PM02,Inspección y mantenimiento preventivo,5.0,H,1,1000,MANT100
100,0000900067,00000001,000000800067,0010,PM01,Diagnóstico y reparación crítica,50.4,H,1,1000,MANT100
100,0000900068,00000001,000000800068,0010,PM02,Inspección y mantenimiento preventivo,7.0,H,1,1000,MANT100
100,0000900069,00000001,000000800069,0010,PM02,Inspección y mantenimiento preventivo,7.2,H,1,1000,MANT100
100,0000900070,00000001,000000800070,0010,PM02,Inspección y mantenimiento preventivo,6.3,H,1,1000,MANT100
100,0000900071,00000001,000000800071,0010,PM01,Diagnóstico y reparación crítica,78.1,H,1,1000,MANT100
100,0000900072,00000001,000000800072,0010,PM02,Inspección y mantenimiento preventivo,6.5,H,1,1000,MANT100
100,0000900073,00000001,000000800073,0010,PM02,Inspección y mantenimiento preventivo,6.0,H,1,1000,MANT100
100,0000900074,00000001,000000800074,0010,PM01,Diagnóstico y reparación crítica,77.1,H,1,1000,MANT100
100,0000900075,00000001,000000800075,0010,PM02,Inspección y mantenimiento preventivo,8.0,H,1,1000,MANT100
100,0000900076,00000001,000000800076,0010,PM02,Inspección y mantenimiento preventivo,7.0,H,1,1000,MANT100
100,0000900077,00000001,000000800077,0010,PM02,Inspección y mantenimiento preventivo,6.0,H,1,1000,MANT100
100,0000900078,00000001,000000800078,0010,PM01,Diagnóstico y reparación crítica,44.8,H,1,1000,MANT100
100,0000900079,00000001,000000800079,0010,PM02,Inspección y mantenimiento preventivo,5.1,H,1,1000,MANT100
100,0000900080,00000001,000000800080,0010,PM02,Inspección y mantenimiento preventivo,7.6,H,1,1000,MANT100
100,0000900081,00000001,000000800081,0010,PM02,Inspección y mantenimiento preventivo,7.4,H,1,1000,MANT100
100,0000900082,00000001,000000800082,0010,PM02,Inspección y mantenimiento preventivo,5.1,H,1,1000,MANT100
100,0000900083,00000001,000000800083,0010,PM02,Inspección y mantenimiento preventivo,7.6,H,1,1000,MANT100
100,0000900084,00000001,000000800084,0010,PM02,Inspección y mantenimiento preventivo,6.0,H,1,1000,MANT100
100,0000900085,00000001,000000800085,0010,PM02,Inspección y mantenimiento preventivo,9.7,H,1,1000,MANT100
100,0000900086,00000001,000000800086,0010,PM02,Inspección y mantenimiento preventivo,10.2,H,1,1000,MANT100
100,0000900087,00000001,000000800087,0010,PM01,Diagnóstico y reparación crítica,57.8,H,1,1000,MANT100
100,0000900088,00000001,000000800088,0010,PM02,Inspección y mantenimiento preventivo,6.8,H,1,1000,MANT100
100,0000900089,00000001,000000800089,0010,PM02,Inspección y mantenimiento preventivo,5.0,H,1,1000,MANT100
100,0000900090,00000001,000000800090,0010,PM01,Diagnóstico y reparación crítica,47.6,H,1,1000,MANT100
100,0000900091,00000001,000000800091,0010,PM02,Inspección y mantenimiento preventivo,6.4,H,1,1000,MANT100
100,0000900092,00000001,000000800092,0010,PM01,Diagnóstico y reparación crítica,53.8,H,1,1000,MANT100
100,0000900093,00000001,000000800093,0010,PM02,Inspección y mantenimiento preventivo,5.9,H,1,1000,MANT100
100,0000900094,00000001,000000800094,0010,PM02,Inspección y mantenimiento preventivo,4.2,H,1,1000,MANT100
100,0000900095,00000001,000000800095,0010,PM02,Inspección y mantenimiento preventivo,4.1,H,1,1000,MANT100
100,0000900096,00000001,000000800096,0010,PM02,Inspección y mantenimiento preventivo,7.2,H,1,1000,MANT100
100,0000900097,00000001,000000800097,0010,PM02,Inspección y mantenimiento preventivo,6.1,H,1,1000,MANT100
100,0000900098,00000001,000000800098,0010,PM01,Diagnóstico y reparación crítica,49.9,H,1,1000,MANT100
100,0000900099,00000001,000000800099,0010,PM02,Inspección y mantenimiento preventivo,8.4,H,1,1000,MANT100
100,0000900100,00000001,000000800100,0010,PM02,Inspección y mantenimiento preventivo,5.5,H,1,1000,MANT100
100,0000900101,00000001,000000800101,0010,PM02,Inspección y mantenimiento preventivo,6.7,H,1,1000,MANT100
100,0000900102,00000001,000000800102,0010,PM02,Inspección y mantenimiento preventivo,4.3,H,1,1000,MANT100
100,0000900103,00000001,000000800103,0010,PM02,Inspección y mantenimiento preventivo,8.0,H,1,1000,MANT100
100,0000900104,00000001,000000800104,0010,PM02,Inspección y mantenimiento preventivo,5.5,H,1,1000,MANT100
100,0000900105,00000001,000000800105,0010,PM01,Diagnóstico y reparación crítica,65.8,H,1,1000,MANT100
100,0000900106,00000001,000000800106,0010,PM02,Inspección y mantenimiento preventivo,4.4,H,1,1000,MANT100
100,0000900107,00000001,000000800107,0010,PM02,Inspección y mantenimiento preventivo,7.7,H,1,1000,MANT100
100,0000900108,00000001,000000800108,0010,PM02,Inspección y mantenimiento preventivo,9.2,H,1,1000,MANT100
100,0000900109,00000001,000000800109,0010,PM02,Inspección y mantenimiento preventivo,8.6,H,1,1000,MANT100
100,0000900110,00000001,000000800110,0010,PM01,Diagnóstico y reparación crítica,74.7,H,1,1000,MANT100
100,0000900111,00000001,000000800111,0010,PM02,Inspección y mantenimiento preventivo,4.3,H,1,1000,MANT100
100,0000900112,00000001,000000800112,0010,PM02,Inspección y mantenimiento preventivo,5.9,H,1,1000,MANT100
100,0000900113,00000001,000000800113,0010,PM02,Inspección y mantenimiento preventivo,7.3,H,1,1000,MANT100
100,0000900114,00000001,000000800114,0010,PM01,Diagnóstico y reparación crítica,40.5,H,1,1000,MANT100
100,0000900115,00000001,000000800115,0010,PM02,Inspección y mantenimiento preventivo,7.7,H,1,1000,MANT100
100,0000900116,00000001,000000800116,0010,PM02,Inspección y mantenimiento preventivo,6.6,H,1,1000,MANT100
100,0000900117,00000001,000000800117,0010,PM01,Diagnóstico y reparación crítica,74.8,H,1,1000,MANT100
100,0000900118,00000001,000000800118,0010,PM02,Inspección y mantenimiento preventivo,7.1,H,1,1000,MANT100
100,0000900119,00000001,000000800119,0010,PM02,Inspección y mantenimiento preventivo,6.3,H,1,1000,MANT100
100,0000900120,00000001,000000800120,0010,PM02,Inspección y mantenimiento preventivo,4.1,H,1,1000,MANT100
100,0000900121,00000001,000000800121,0010,PM02,Inspección y mantenimiento preventivo,5.6,H,1,1000,MANT100
100,0000900122,00000001,000000800122,0010,PM01,Diagnóstico y reparación crítica,62.1,H,1,1000,MANT100
100,0000900123,00000001,000000800123,0010,PM02,Inspección y mantenimiento preventivo,11.1,H,1,1000,MANT100
100,0000900124,00000001,000000800124,0010,PM02,Inspección y mantenimiento preventivo,5.1,H,1,1000,MANT100
100,0000900125,00000001,000000800125,0010,PM02,Inspección y mantenimiento preventivo,10.6,H,1,1000,MANT100
100,0000900126,00000001,000000800126,0010,PM01,Diagnóstico y reparación crítica,47.1,H,1,1000,MANT100
100,0000900127,00000001,000000800127,0010,PM02,Inspección y mantenimiento preventivo,5.3,H,1,1000,MANT100
100,0000900128,00000001,000000800128,0010,PM02,Inspección y mantenimiento preventivo,4.7,H,1,1000,MANT100
100,0000900129,00000001,000000800129,0010,PM01,Diagnóstico y reparación crítica,75.6,H,1,1000,MANT100
100,0000900130,00000001,000000800130,0010,PM02,Inspección y mantenimiento preventivo,5.3,H,1,1000,MANT100
100,0000900131,00000001,000000800131,0010,PM01,Diagnóstico y reparación crítica,62.0,H,1,1000,MANT100
100,0000900132,00000001,000000800132,0010,PM02,Inspección y mantenimiento preventivo,6.4,H,1,1000,MANT100
100,0000900133,00000001,000000800133,0010,PM02,Inspección y mantenimiento preventivo,9.7,H,1,1000,MANT100
100,0000900134,00000001,000000800134,0010,PM02,Inspección y mantenimiento preventivo,10.3,H,1,1000,MANT100
100,0000900135,00000001,000000800135,0010,PM02,Inspección y mantenimiento preventivo,4.1,H,1,1000,MANT100
100,0000900136,00000001,000000800136,0010,PM02,Inspección y mantenimiento preventivo,4.1,H,1,1000,MANT100
100,0000900137,00000001,000000800137,0010,PM02,Inspección y mantenimiento preventivo,4.2,H,1,1000,MANT100
100,0000900138,00000001,000000800138,0010,PM01,Diagnóstico y reparación crítica,71.7,H,1,1000,MANT100
100,0000900139,00000001,000000800139,0010,PM02,Inspección y mantenimiento preventivo,7.9,H,1,1000,MANT100
100,0000900140,00000001,000000800140,0010,PM02,Inspección y mantenimiento preventivo,7.8,H,1,1000,MANT100
100,0000900141,00000001,000000800141,0010,PM02,Inspección y mantenimiento preventivo,4.7,H,1,1000,MANT100
100,0000900142,00000001,000000800142,0010,PM01,Diagnóstico y reparación crítica,42.2,H,1,1000,MANT100
100,0000900143,00000001,000000800143,0010,PM02,Inspección y mantenimiento preventivo,4.5,H,1,1000,MANT100
100,0000900144,00000001,000000800144,0010,PM02,Inspección y mantenimiento preventivo,4.4,H,1,1000,MANT100
100,0000900145,00000001,000000800145,0010,PM02,Inspección y mantenimiento preventivo,7.2,H,1,1000,MANT100
100,0000900146,00000001,000000800146,0010,PM02,Inspección y mantenimiento preventivo,5.3,H,1,1000,MANT100
100,0000900147,00000001,000000800147,0010,PM02,Inspección y mantenimiento preventivo,6.2,H,1,1000,MANT100
100,0000900148,00000001,000000800148,0010,PM02,Inspección y mantenimiento preventivo,9.9,H,1,1000,MANT100
100,0000900149,00000001,000000800149,0010,PM02,Inspección y mantenimiento preventivo,7.6,H,1,1000,MANT100
100,0000900150,00000001,000000800150,0010,PM01,Diagnóstico y reparación crítica,47.3,H,1,1000,MANT100
100,0000900151,00000001,000000800151,0010,PM02,Inspección y mantenimiento preventivo,8.0,H,1,1000,MANT100
100,0000900152,00000001,000000800152,0010,PM02,Inspección y mantenimiento preventivo,4.7,H,1,1000,MANT100
100,0000900153,00000001,000000800153,0010,PM01,Diagnóstico y reparación crítica,57.6,H,1,1000,MANT100
100,0000900154,00000001,000000800154,0010,PM02,Inspección y mantenimiento preventivo,4.5,H,1,1000,MANT100
100,0000900155,00000001,000000800155,0010,PM02,Inspección y mantenimiento preventivo,7.3,H,1,1000,MANT100
100,0000900156,00000001,000000800156,0010,PM01,Diagnóstico y reparación crítica,77.8,H,1,1000,MANT100
100,0000900157,00000001,000000800157,0010,PM02,Inspección y mantenimiento preventivo,5.0,H,1,1000,MANT100
100,0000900158,00000001,000000800158,0010,PM02,Inspección y mantenimiento preventivo,4.3,H,1,1000,MANT100
100,0000900159,00000001,000000800159,0010,PM02,Inspección y mantenimiento preventivo,10.1,H,1,1000,MANT100
100,0000900160,00000001,000000800160,0010,PM02,Inspección y mantenimiento preventivo,4.9,H,1,1000,MANT100
100,0000900161,00000001,000000800161,0010,PM02,Inspección y mantenimiento preventivo,7.4,H,1,1000,MANT100
100,0000900162,00000001,000000800162,0010,PM01,Diagnóstico y reparación crítica,56.1,H,1,1000,MANT100
100,0000900163,00000001,000000800163,0010,PM02,Inspección y mantenimiento preventivo,5.0,H,1,1000,MANT100
100,0000900164,00000001,000000800164,0010,PM02,Inspección y mantenimiento preventivo,7.5,H,1,1000,MANT100
100,0000900165,00000001,000000800165,0010,PM02,Inspección y mantenimiento preventivo,7.5,H,1,1000,MANT100
100,0000900166,00000001,000000800166,0010,PM01,Diagnóstico y reparación crítica,61.3,H,1,1000,MANT100
100,0000900167,00000001,000000800167,0010,PM02,Inspección y mantenimiento preventivo,8.2,H,1,1000,MANT100
100,0000900168,00000001,000000800168,0010,PM02,Inspección y mantenimiento preventivo,4.1,H,1,1000,MANT100
100,0000900169,00000001,000000800169,0010,PM01,Diagnóstico y reparación crítica,71.2,H,1,1000,MANT100
100,0000900170,00000001,000000800170,0010,PM02,Inspección y mantenimiento preventivo,7.1,H,1,1000,MANT100
100,0000900171,00000001,000000800171,0010,PM02,Inspección y mantenimiento preventivo,6.2,H,1,1000,MANT100
100,0000900172,00000001,000000800172,0010,PM02,Inspección y mantenimiento preventivo,6.3,H,1,1000,MANT100
100,0000900173,00000001,000000800173,0010,PM01,Diagnóstico y reparación crítica,65.8,H,1,1000,MANT100
100,0000900174,00000001,000000800174,0010,PM02,Inspección y mantenimiento preventivo,8.5,H,1,1000,MANT100
100,0000900175,00000001,000000800175,0010,PM02,Inspección y mantenimiento preventivo,6.3,H,1,1000,MANT100
100,0000900176,00000001,000000800176,0010,PM02,Inspección y mantenimiento preventivo,4.3,H,1,1000,MANT100
100,0000900177,00000001,000000800177,0010,PM02,Inspección y mantenimiento preventivo,10.8,H,1,1000,MANT100
100,0000900178,00000001,000000800178,0010,PM02,Inspección y mantenimiento preventivo,7.2,H,1,1000,MANT100
100,0000900179,00000001,000000800179,0010,PM02,Inspección y mantenimiento preventivo,4.4,H,1,1000,MANT100
100,0000900180,00000001,000000800180,0010,PM02,Inspección y mantenimiento preventivo,4.9,H,1,1000,MANT100
100,0000900181,00000001,000000800181,0010,PM02,Inspección y mantenimiento preventivo,4.4,H,1,1000,MANT100
100,0000900182,00000001,000000800182,0010,PM02,Inspección y mantenimiento preventivo,5.9,H,1,1000,MANT100
100,0000900183,00000001,000000800183,0010,PM02,Inspección y mantenimiento preventivo,7.0,H,1,1000,MANT100
100,0000900184,00000001,000000800184,0010,PM01,Diagnóstico y reparación crítica,51.0,H,1,1000,MANT100
100,0000900185,00000001,000000800185,0010,PM02,Inspección y mantenimiento preventivo,5.0,H,1,1000,MANT100
100,0000900186,00000001,000000800186,0010,PM02,Inspección y mantenimiento preventivo,5.0,H,1,1000,MANT100
100,0000900187,00000001,000000800187,0010,PM02,Inspección y mantenimiento preventivo,9.9,H,1,1000,MANT100
100,0000900188,00000001,000000800188,0010,PM02,Inspección y mantenimiento preventivo,6.7,H,1,1000,MANT100
100,0000900189,00000001,000000800189,0010,PM02,Inspección y mantenimiento preventivo,7.2,H,1,1000,MANT100
100,0000900190,00000001,000000800190,0010,PM02,Inspección y mantenimiento preventivo,7.4,H,1,1000,MANT100
100,0000900191,00000001,000000800191,0010,PM02,Inspección y mantenimiento preventivo,4.1,H,1,1000,MANT100
100,0000900192,00000001,000000800192,0010,PM02,Inspección y mantenimiento preventivo,7.2,H,1,1000,MANT100
100,0000900193,00000001,000000800193,0010,PM01,Diagnóstico y reparación crítica,60.1,H,1,1000,MANT100
100,0000900194,00000001,000000800194,0010,PM02,Inspección y mantenimiento preventivo,7.5,H,1,1000,MANT100
100,0000900195,00000001,000000800195,0010,PM02,Inspección y mantenimiento preventivo,10.9,H,1,1000,MANT100
100,0000900196,00000001,000000800196,0010,PM01,Diagnóstico y reparación crítica,41.4,H,1,1000,MANT100
100,0000900197,00000001,000000800197,0010,PM02,Inspección y mantenimiento preventivo,7.6,H,1,1000,MANT100
100,0000900198,00000001,000000800198,0010,PM01,Diagnóstico y reparación crítica,55.8,H,1,1000,MANT100
100,0000900199,00000001,000000800199,0010,PM02,Inspección y mantenimiento preventivo,6.4,H,1,1000,MANT100
100,0000900200,00000001,000000800200,0010,PM01,Diagnóstico y reparación crítica,78.2,H,1,1000,MANT100
100,0000900201,00000001,000000800201,0010,PM02,Inspección y mantenimiento preventivo,7.4,H,1,1000,MANT100
100,0000900202,00000001,000000800202,0010,PM01,Diagnóstico y reparación crítica,68.0,H,1,1000,MANT100
100,0000900203,00000001,000000800203,0010,PM02,Inspección y mantenimiento preventivo,5.3,H,1,1000,MANT100
100,0000900204,00000001,000000800204,0010,PM01,Diagnóstico y reparación crítica,47.2,H,1,1000,MANT100
100,0000900205,00000001,000000800205,0010,PM02,Inspección y mantenimiento preventivo,6.9,H,1,1000,MANT100
100,0000900206,00000001,000000800206,0010,PM02,Inspección y mantenimiento preventivo,4.3,H,1,1000,MANT100
100,0000900207,00000001,000000800207,0010,PM02,Inspección y mantenimiento preventivo,4.5,H,1,1000,MANT100
100,0000900208,00000001,000000800208,0010,PM01,Diagnóstico y reparación crítica,54.4,H,1,1000,MANT100
100,0000900209,00000001,000000800209,0010,PM02,Inspección y mantenimiento preventivo,10.0,H,1,1000,MANT100
100,0000900210,00000001,000000800210,0010,PM01,Diagnóstico y reparación crítica,46.0,H,1,1000,MANT100
100,0000900211,00000001,000000800211,0010,PM02,Inspección y mantenimiento preventivo,6.9,H,1,1000,MANT100
100,0000900212,00000001,000000800212,0010,PM01,Diagnóstico y reparación crítica,42.0,H,1,1000,MANT100
100,0000900213,00000001,000000800213,0010,PM02,Inspección y mantenimiento preventivo,5.1,H,1,1000,MANT100
100,0000900214,00000001,000000800214,0010,PM02,Inspección y mantenimiento preventivo,4.8,H,1,1000,MANT100
100,0000900215,00000001,000000800215,0010,PM01,Diagnóstico y reparación crítica,62.3,H,1,1000,MANT100
100,0000900216,00000001,000000800216,0010,PM02,Inspección y mantenimiento preventivo,4.8,H,1,1000,MANT100
100,0000900217,00000001,000000800217,0010,PM01,Diagnóstico y reparación crítica,62.5,H,1,1000,MANT100
100,0000900218,00000001,000000800218,0010,PM02,Inspección y mantenimiento preventivo,4.6,H,1,1000,MANT100
100,0000900219,00000001,000000800219,0010,PM02,Inspección y mantenimiento preventivo,5.8,H,1,1000,MANT100
100,0000900220,00000001,000000800220,0010,PM01,Diagnóstico y reparación crítica,73.7,H,1,1000,MANT100
100,0000900221,00000001,000000800221,0010,PM02,Inspección y mantenimiento preventivo,8.0,H,1,1000,MANT100
100,0000900222,00000001,000000800222,0010,PM02,Inspección y mantenimiento preventivo,4.5,H,1,1000,MANT100
100,0000900223,00000001,000000800223,0010,PM02,Inspección y mantenimiento preventivo,5.1,H,1,1000,MANT100
100,0000900224,00000001,000000800224,0010,PM02,Inspección y mantenimiento preventivo,5.8,H,1,1000,MANT100
100,0000900225,00000001,000000800225,0010,PM02,Inspección y mantenimiento preventivo,6.8,H,1,1000,MANT100
100,0000900226,00000001,000000800226,0010,PM02,Inspección y mantenimiento preventivo,7.4,H,1,1000,MANT100
100,0000900227,00000001,000000800227,0010,PM02,Inspección y mantenimiento preventivo,8.4,H,1,1000,MANT100
100,0000900228,00000001,000000800228,0010,PM02,Inspección y mantenimiento preventivo,8.0,H,1,1000,MANT100
100,0000900229,00000001,000000800229,0010,PM02,Inspección y mantenimiento preventivo,8.3,H,1,1000,MANT100
100,0000900230,00000001,000000800230,0010,PM02,Inspección y mantenimiento preventivo,5.9,H,1,1000,MANT100
100,0000900231,00000001,000000800231,0010,PM01,Diagnóstico y reparación crítica,70.8,H,1,1000,MANT100
100,0000900232,00000001,000000800232,0010,PM02,Inspección y mantenimiento preventivo,5.7,H,1,1000,MANT100
100,0000900233,00000001,000000800233,0010,PM01,Diagnóstico y reparación crítica,43.6,H,1,1000,MANT100
100,0000900234,00000001,000000800234,0010,PM02,Inspección y mantenimiento preventivo,6.4,H,1,1000,MANT100
100,0000900235,00000001,000000800235,0010,PM01,Diagnóstico y reparación crítica,50.2,H,1,1000,MANT100
100,0000900236,00000001,000000800236,0010,PM02,Inspección y mantenimiento preventivo,6.5,H,1,1000,MANT100
100,0000900237,00000001,000000800237,0010,PM01,Diagnóstico y reparación crítica,75.2,H,1,1000,MANT100
100,0000900238,00000001,000000800238,0010,PM02,Inspección y mantenimiento preventivo,7.3,H,1,1000,MANT100
100,0000900239,00000001,000000800239,0010,PM02,Inspección y mantenimiento preventivo,8.7,H,1,1000,MANT100
100,0000900240,00000001,000000800240,0010,PM01,Diagnóstico y reparación crítica,42.4,H,1,1000,MANT100
100,0000900241,00000001,000000800241,0010,PM02,Inspección y mantenimiento preventivo,7.2,H,1,1000,MANT100
100,0000900242,00000001,000000800242,0010,PM02,Inspección y mantenimiento preventivo,8.1,H,1,1000,MANT100
100,0000900243,00000001,000000800243,0010,PM02,Inspección y mantenimiento preventivo,5.4,H,1,1000,MANT100
100,0000900244,00000001,000000800244,0010,PM02,Inspección y mantenimiento preventivo,4.9,H,1,1000,MANT100
100,0000900245,00000001,000000800245,0010,PM01,Diagnóstico y reparación crítica,61.6,H,1,1000,MANT100
100,0000900246,00000001,000000800246,0010,PM02,Inspección y mantenimiento preventivo,4.3,H,1,1000,MANT100
100,0000900247,00000001,000000800247,0010,PM02,Inspección y mantenimiento preventivo,5.0,H,1,1000,MANT100
100,0000900248,00000001,000000800248,0010,PM02,Inspección y mantenimiento preventivo,6.8,H,1,1000,MANT100
100,0000900249,00000001,000000800249,0010,PM02,Inspección y mantenimiento preventivo,6.3,H,1,1000,MANT100
100,0000900250,00000001,000000800250,0010,PM01,Diagnóstico y reparación crítica,72.0,H,1,1000,MANT100
100,0000900251,00000001,000000800251,0010,PM02,Inspección y mantenimiento preventivo,5.2,H,1,1000,MANT100
100,0000900252,00000001,000000800252,0010,PM02,Inspección y mantenimiento preventivo,6.5,H,1,1000,MANT100
100,0000900253,00000001,000000800253,0010,PM02,Inspección y mantenimiento preventivo,5.4,H,1,1000,MANT100
100,0000900254,00000001,000000800254,0010,PM02,Inspección y mantenimiento preventivo,7.6,H,1,1000,MANT100
100,0000900255,00000001,000000800255,0010,PM01,Diagnóstico y reparación crítica,50.1,H,1,1000,MANT100
100,0000900256,00000001,000000800256,0010,PM02,Inspección y mantenimiento preventivo,5.6,H,1,1000,MANT100
100,0000900257,00000001,000000800257,0010,PM02,Inspección y mantenimiento preventivo,7.4,H,1,1000,MANT100
100,0000900258,00000001,000000800258,0010,PM02,Inspección y mantenimiento preventivo,4.3,H,1,1000,MANT100
100,0000900259,00000001,000000800259,0010,PM02,Inspección y mantenimiento preventivo,7.0,H,1,1000,MANT100
100,0000900260,00000001,000000800260,0010,PM02,Inspección y mantenimiento preventivo,10.1,H,1,1000,MANT100
100,0000900261,00000001,000000800261,0010,PM01,Diagnóstico y reparación crítica,54.7,H,1,1000,MANT100
100,0000900262,00000001,000000800262,0010,PM02,Inspección y mantenimiento preventivo,6.0,H,1,1000,MANT100
100,0000900263,00000001,000000800263,0010,PM02,Inspección y mantenimiento preventivo,5.9,H,1,1000,MANT100
100,0000900264,00000001,000000800264,0010,PM02,Inspección y mantenimiento preventivo,4.2,H,1,1000,MANT100
100,0000900265,00000001,000000800265,0010,PM02,Inspección y mantenimiento preventivo,8.8,H,1,1000,MANT100
100,0000900266,00000001,000000800266,0010,PM02,Inspección y mantenimiento preventivo,6.1,H,1,1000,MANT100
100,0000900267,00000001,000000800267,0010,PM02,Inspección y mantenimiento preventivo,7.9,H,1,1000,MANT100
100,0000900268,00000001,000000800268,0010,PM02,Inspección y mantenimiento preventivo,7.0,H,1,1000,MANT100
100,0000900269,00000001,000000800269,0010,PM02,Inspección y mantenimiento preventivo,6.6,H,1,1000,MANT100
100,0000900270,00000001,000000800270,0010,PM02,Inspección y mantenimiento preventivo,5.8,H,1,1000,MANT100
100,0000900271,00000001,000000800271,0010,PM02,Inspección y mantenimiento preventivo,6.0,H,1,1000,MANT100
100,0000900272,00000001,000000800272,0010,PM02,Inspección y mantenimiento preventivo,9.8,H,1,1000,MANT100
100,0000900273,00000001,000000800273,0010,PM02,Inspección y mantenimiento preventivo,10.3,H,1,1000,MANT100
100,0000900274,00000001,000000800274,0010,PM02,Inspección y mantenimiento preventivo,7.6,H,1,1000,MANT100
100,0000900275,00000001,000000800275,0010,PM02,Inspección y mantenimiento preventivo,7.6,H,1,1000,MANT100
100,0000900276,00000001,000000800276,0010,PM02,Inspección y mantenimiento preventivo,7.0,H,1,1000,MANT100
100,0000900277,00000001,000000800277,0010,PM02,Inspección y mantenimiento preventivo,4.1,H,1,1000,MANT100
100,0000900278,00000001,000000800278,0010,PM02,Inspección y mantenimiento preventivo,7.2,H,1,1000,MANT100
100,0000900279,00000001,000000800279,0010,PM02,Inspección y mantenimiento preventivo,7.3,H,1,1000,MANT100
100,0000900280,00000001,000000800280,0010,PM02,Inspección y mantenimiento preventivo,7.4,H,1,1000,MANT100
100,0000900281,00000001,000000800281,0010,PM01,Diagnóstico y reparación crítica,52.3,H,1,1000,MANT100
100,0000900282,00000001,000000800282,0010,PM02,Inspección y mantenimiento preventivo,4.5,H,1,1000,MANT100
100,0000900283,00000001,000000800283,0010,PM02,Inspección y mantenimiento preventivo,7.5,H,1,1000,MANT100
100,0000900284,00000001,000000800284,0010,PM01,Diagnóstico y reparación crítica,73.8,H,1,1000,MANT100
100,0000900285,00000001,000000800285,0010,PM02,Inspección y mantenimiento preventivo,9.2,H,1,1000,MANT100
100,0000900286,00000001,000000800286,0010,PM02,Inspección y mantenimiento preventivo,4.2,H,1,1000,MANT100
100,0000900287,00000001,000000800287,0010,PM02,Inspección y mantenimiento preventivo,7.7,H,1,1000,MANT100
100,0000900288,00000001,000000800288,0010,PM02,Inspección y mantenimiento preventivo,7.4,H,1,1000,MANT100
100,0000900289,00000001,000000800289,0010,PM01,Diagnóstico y reparación crítica,67.9,H,1,1000,MANT100
100,0000900290,00000001,000000800290,0010,PM02,Inspección y mantenimiento preventivo,6.2,H,1,1000,MANT100
100,0000900291,00000001,000000800291,0010,PM02,Inspección y mantenimiento preventivo,6.7,H,1,1000,MANT100
100,0000900292,00000001,000000800292,0010,PM02,Inspección y mantenimiento preventivo,7.5,H,1,1000,MANT100
100,0000900293,00000001,000000800293,0010,PM02,Inspección y mantenimiento preventivo,7.8,H,1,1000,MANT100
100,0000900294,00000001,000000800294,0010,PM01,Diagnóstico y reparación crítica,78.9,H,1,1000,MANT100
100,0000900295,00000001,000000800295,0010,PM02,Inspección y mantenimiento preventivo,8.2,H,1,1000,MANT100
100,0000900296,00000001,000000800296,0010,PM01,Diagnóstico y reparación crítica,62.9,H,1,1000,MANT100
100,0000900297,00000001,000000800297,0010,PM02,Inspección y mantenimiento preventivo,7.5,H,1,1000,MANT100
100,0000900298,00000001,000000800298,0010,PM02,Inspección y mantenimiento preventivo,7.9,H,1,1000,MANT100
100,0000900299,00000001,000000800299,0010,PM02,Inspección y mantenimiento preventivo,5.9,H,1,1000,MANT100
100,0000900300,00000001,000000800300,0010,PM02,Inspección y mantenimiento preventivo,10.1,H,1,1000,MANT100
100,0000900301,00000001,000000800301,0010,PM01,Diagnóstico y reparación crítica,78.4,H,1,1000,MANT100
100,0000900302,00000001,000000800302,0010,PM02,Inspección y mantenimiento preventivo,6.1,H,1,1000,MANT100
100,0000900303,00000001,000000800303,0010,PM02,Inspección y mantenimiento preventivo,11.2,H,1,1000,MANT100
100,0000900304,00000001,000000800304,0010,PM01,Diagnóstico y reparación crítica,63.3,H,1,1000,MANT100
100,0000900305,00000001,000000800305,0010,PM02,Inspección y mantenimiento preventivo,7.7,H,1,1000,MANT100
100,0000900306,00000001,000000800306,0010,PM02,Inspección y mantenimiento preventivo,5.9,H,1,1000,MANT100
100,0000900307,00000001,000000800307,0010,PM01,Diagnóstico y reparación crítica,40.8,H,1,1000,MANT100
100,0000900308,00000001,000000800308,0010,PM02,Inspección y mantenimiento preventivo,7.8,H,1,1000,MANT100
100,0000900309,00000001,000000800309,0010,PM02,Inspección y mantenimiento preventivo,10.4,H,1,1000,MANT100
100,0000900310,00000001,000000800310,0010,PM02,Inspección y mantenimiento preventivo,8.6,H,1,1000,MANT100
100,0000900311,00000001,000000800311,0010,PM02,Inspección y mantenimiento preventivo,6.4,H,1,1000,MANT100
100,0000900312,00000001,000000800312,0010,PM01,Diagnóstico y reparación crítica,56.8,H,1,1000,MANT100
100,0000900313,00000001,000000800313,0010,PM02,Inspección y mantenimiento preventivo,5.7,H,1,1000,MANT100
100,0000900314,00000001,000000800314,0010,PM02,Inspección y mantenimiento preventivo,6.3,H,1,1000,MANT100
100,0000900315,00000001,000000800315,0010,PM02,Inspección y mantenimiento preventivo,6.4,H,1,1000,MANT100
100,0000900316,00000001,000000800316,0010,PM02,Inspección y mantenimiento preventivo,4.6,H,1,1000,MANT100
100,0000900317,00000001,000000800317,0010,PM02,Inspección y mantenimiento preventivo,9.4,H,1,1000,MANT100
100,0000900318,00000001,000000800318,0010,PM02,Inspección y mantenimiento preventivo,4.6,H,1,1000,MANT100
100,0000900319,00000001,000000800319,0010,PM02,Inspección y mantenimiento preventivo,7.2,H,1,1000,MANT100
100,0000900320,00000001,000000800320,0010,PM02,Inspección y mantenimiento preventivo,7.3,H,1,1000,MANT100
100,0000900321,00000001,000000800321,0010,PM02,Inspección y mantenimiento preventivo,7.2,H,1,1000,MANT100
100,0000900322,00000001,000000800322,0010,PM02,Inspección y mantenimiento preventivo,5.4,H,1,1000,MANT100
100,0000900323,00000001,000000800323,0010,PM02,Inspección y mantenimiento preventivo,9.0,H,1,1000,MANT100
100,0000900324,00000001,000000800324,0010,PM02,Inspección y mantenimiento preventivo,7.1,H,1,1000,MANT100
100,0000900325,00000001,000000800325,0010,PM01,Diagnóstico y reparación crítica,78.2,H,1,1000,MANT100
100,0000900326,00000001,000000800326,0010,PM02,Inspección y mantenimiento preventivo,7.3,H,1,1000,MANT100
100,0000900327,00000001,000000800327,0010,PM01,Diagnóstico y reparación crítica,57.7,H,1,1000,MANT100
100,0000900328,00000001,000000800328,0010,PM02,Inspección y mantenimiento preventivo,4.1,H,1,1000,MANT100
100,0000900329,00000001,000000800329,0010,PM02,Inspección y mantenimiento preventivo,5.5,H,1,1000,MANT100
100,0000900330,00000001,000000800330,0010,PM02,Inspección y mantenimiento preventivo,7.0,H,1,1000,MANT100
100,0000900331,00000001,000000800331,0010,PM02,Inspección y mantenimiento preventivo,6.1,H,1,1000,MANT100
100,0000900332,00000001,000000800332,0010,PM01,Diagnóstico y reparación crítica,68.2,H,1,1000,MANT100
100,0000900333,00000001,000000800333,0010,PM02,Inspección y mantenimiento preventivo,6.8,H,1,1000,MANT100
100,0000900334,00000001,000000800334,0010,PM01,Diagnóstico y reparación crítica,57.5,H,1,1000,MANT100
100,0000900335,00000001,000000800335,0010,PM02,Inspección y mantenimiento preventivo,6.7,H,1,1000,MANT100
100,0000900336,00000001,000000800336,0010,PM02,Inspección y mantenimiento preventivo,7.3,H,1,1000,MANT100
100,0000900337,00000001,000000800337,0010,PM02,Inspección y mantenimiento preventivo,4.4,H,1,1000,MANT100
100,0000900338,00000001,000000800338,0010,PM02,Inspección y mantenimiento preventivo,6.8,H,1,1000,MANT100
100,0000900339,00000001,000000800339,0010,PM02,Inspección y mantenimiento preventivo,7.9,H,1,1000,MANT100
100,0000900340,00000001,000000800340,0010,PM02,Inspección y mantenimiento preventivo,7.8,H,1,1000,MANT100
100,0000900341,00000001,000000800341,0010,PM01,Diagnóstico y reparación crítica,72.5,H,1,1000,MANT100
100,0000900342,00000001,000000800342,0010,PM02,Inspección y mantenimiento preventivo,7.2,H,1,1000,MANT100
100,0000900343,00000001,000000800343,0010,PM02,Inspección y mantenimiento preventivo,9.4,H,1,1000,MANT100
100,0000900344,00000001,000000800344,0010,PM01,Diagnóstico y reparación crítica,48.3,H,1,1000,MANT100
100,0000900345,00000001,000000800345,0010,PM02,Inspección y mantenimiento preventivo,4.3,H,1,1000,MANT100
100,0000900346,00000001,000000800346,0010,PM01,Diagnóstico y reparación crítica,73.4,H,1,1000,MANT100
100,0000900347,00000001,000000800347,0010,PM02,Inspección y mantenimiento preventivo,4.3,H,1,1000,MANT100
100,0000900348,00000001,000000800348,0010,PM02,Inspección y mantenimiento preventivo,7.8,H,1,1000,MANT100
100,0000900349,00000001,000000800349,0010,PM02,Inspección y mantenimiento preventivo,4.2,H,1,1000,MANT100
100,0000900350,00000001,000000800350,0010,PM02,Inspección y mantenimiento preventivo,7.6,H,1,1000,MANT100
100,0000900351,00000001,000000800351,0010,PM02,Inspección y mantenimiento preventivo,6.4,H,1,1000,MANT100
100,0000900352,00000001,000000800352,0010,PM01,Diagnóstico y reparación crítica,55.0,H,1,1000,MANT100
100,0000900353,00000001,000000800353,0010,PM02,Inspección y mantenimiento preventivo,4.2,H,1,1000,MANT100
100,0000900354,00000001,000000800354,0010,PM02,Inspección y mantenimiento preventivo,7.0,H,1,1000,MANT100
100,0000900355,00000001,000000800355,0010,PM02,Inspección y mantenimiento preventivo,8.5,H,1,1000,MANT100
100,0000900356,00000001,000000800356,0010,PM02,Inspección y mantenimiento preventivo,8.7,H,1,1000,MANT100
100,0000900357,00000001,000000800357,0010,PM02,Inspección y mantenimiento preventivo,7.8,H,1,1000,MANT100
100,0000900358,00000001,000000800358,0010,PM02,Inspección y mantenimiento preventivo,7.6,H,1,1000,MANT100
100,0000900359,00000001,000000800359,0010,PM02,Inspección y mantenimiento preventivo,7.4,H,1,1000,MANT100
100,0000900360,00000001,000000800360,0010,PM02,Inspección y mantenimiento preventivo,10.6,H,1,1000,MANT100
100,0000900361,00000001,000000800361,0010,PM02,Inspección y mantenimiento preventivo,4.6,H,1,1000,MANT100
100,0000900362,00000001,000000800362,0010,PM02,Inspección y mantenimiento preventivo,4.2,H,1,1000,MANT100
100,0000900363,00000001,000000800363,0010,PM02,Inspección y mantenimiento preventivo,8.0,H,1,1000,MANT100
100,0000900364,00000001,000000800364,0010,PM02,Inspección y mantenimiento preventivo,6.0,H,1,1000,MANT100
100,0000900365,00000001,000000800365,0010,PM02,Inspección y mantenimiento preventivo,5.0,H,1,1000,MANT100
100,0000900366,00000001,000000800366,0010,PM02,Inspección y mantenimiento preventivo,4.6,H,1,1000,MANT100
100,0000900367,00000001,000000800367,0010,PM02,Inspección y mantenimiento preventivo,5.8,H,1,1000,MANT100
100,0000900368,00000001,000000800368,0010,PM01,Diagnóstico y reparación crítica,48.8,H,1,1000,MANT100
100,0000900369,00000001,000000800369,0010,PM02,Inspección y mantenimiento preventivo,5.6,H,1,1000,MANT100
100,0000900370,00000001,000000800370,0010,PM02,Inspección y mantenimiento preventivo,5.8,H,1,1000,MANT100
100,0000900371,00000001,000000800371,0010,PM02,Inspección y mantenimiento preventivo,5.6,H,1,1000,MANT100
100,0000900372,00000001,000000800372,0010,PM02,Inspección y mantenimiento preventivo,4.0,H,1,1000,MANT100
100,0000900373,00000001,000000800373,0010,PM02,Inspección y mantenimiento preventivo,5.1,H,1,1000,MANT100
100,0000900374,00000001,000000800374,0010,PM02,Inspección y mantenimiento preventivo,5.7,H,1,1000,MANT100
100,0000900375,00000001,000000800375,0010,PM02,Inspección y mantenimiento preventivo,6.2,H,1,1000,MANT100
100,0000900376,00000001,000000800376,0010,PM02,Inspección y mantenimiento preventivo,9.8,H,1,1000,MANT100
100,0000900377,00000001,000000800377,0010,PM02,Inspección y mantenimiento preventivo,10.9,H,1,1000,MANT100
100,0000900378,00000001,000000800378,0010,PM02,Inspección y mantenimiento preventivo,10.9,H,1,1000,MANT100
100,0000900379,00000001,000000800379,0010,PM02,Inspección y mantenimiento preventivo,7.8,H,1,1000,MANT100
100,0000900380,00000001,000000800380,0010,PM02,Inspección y mantenimiento preventivo,8.5,H,1,1000,MANT100
100,0000900381,00000001,000000800381,0010,PM01,Diagnóstico y reparación crítica,72.3,H,1,1000,MANT100
100,0000900382,00000001,000000800382,0010,PM02,Inspección y mantenimiento preventivo,4.4,H,1,1000,MANT100
100,0000900383,00000001,000000800383,0010,PM02,Inspección y mantenimiento preventivo,6.1,H,1,1000,MANT100
100,0000900384,00000001,000000800384,0010,PM01,Diagnóstico y reparación crítica,45.9,H,1,1000,MANT100
100,0000900385,00000001,000000800385,0010,PM02,Inspección y mantenimiento preventivo,9.2,H,1,1000,MANT100
100,0000900386,00000001,000000800386,0010,PM02,Inspección y mantenimiento preventivo,7.4,H,1,1000,MANT100
100,0000900387,00000001,000000800387,0010,PM02,Inspección y mantenimiento preventivo,5.6,H,1,1000,MANT100
100,0000900388,00000001,000000800388,0010,PM02,Inspección y mantenimiento preventivo,7.9,H,1,1000,MANT100
100,0000900389,00000001,000000800389,0010,PM02,Inspección y mantenimiento preventivo,5.6,H,1,1000,MANT100
100,0000900390,00000001,000000800390,0010,PM02,Inspección y mantenimiento preventivo,5.4,H,1,1000,MANT100
100,0000900391,00000001,000000800391,0010,PM02,Inspección y mantenimiento preventivo,5.8,H,1,1000,MANT100
100,0000900392,00000001,000000800392,0010,PM01,Diagnóstico y reparación crítica,72.2,H,1,1000,MANT100
100,0000900393,00000001,000000800393,0010,PM02,Inspección y mantenimiento preventivo,7.8,H,1,1000,MANT100
100,0000900394,00000001,000000800394,0010,PM02,Inspección y mantenimiento preventivo,6.6,H,1,1000,MANT100
100,0000900395,00000001,000000800395,0010,PM02,Inspección y mantenimiento preventivo,4.0,H,1,1000,MANT100
100,0000900396,00000001,000000800396,0010,PM02,Inspección y mantenimiento preventivo,10.4,H,1,1000,MANT100
100,0000900397,00000001,000000800397,0010,PM01,Diagnóstico y reparación crítica,51.1,H,1,1000,MANT100
100,0000900398,00000001,000000800398,0010,PM02,Inspección y mantenimiento preventivo,9.5,H,1,1000,MANT100
100,0000900399,00000001,000000800399,0010,PM02,Inspección y mantenimiento preventivo,7.4,H,1,1000,MANT100
100,0000900400,00000001,000000800400,0010,PM02,Inspección y mantenimiento preventivo,5.1,H,1,1000,MANT100
100,0000900401,00000001,000000800401,0010,PM02,Inspección y mantenimiento preventivo,6.2,H,1,1000,MANT100
100,0000900402,00000001,000000800402,0010,PM01,Diagnóstico y reparación crítica,59.5,H,1,1000,MANT100
100,0000900403,00000001,000000800403,0010,PM02,Inspección y mantenimiento preventivo,9.4,H,1,1000,MANT100
100,0000900404,00000001,000000800404,0010,PM02,Inspección y mantenimiento preventivo,7.4,H,1,1000,MANT100
100,0000900405,00000001,000000800405,0010,PM02,Inspección y mantenimiento preventivo,5.2,H,1,1000,MANT100
100,0000900406,00000001,000000800406,0010,PM02,Inspección y mantenimiento preventivo,5.1,H,1,1000,MANT100
100,0000900407,00000001,000000800407,0010,PM02,Inspección y mantenimiento preventivo,6.0,H,1,1000,MANT100
100,0000900408,00000001,000000800408,0010,PM02,Inspección y mantenimiento preventivo,4.1,H,1,1000,MANT100
100,0000900409,00000001,000000800409,0010,PM02,Inspección y mantenimiento preventivo,5.5,H,1,1000,MANT100
100,0000900410,00000001,000000800410,0010,PM01,Diagnóstico y reparación crítica,58.7,H,1,1000,MANT100
100,0000900411,00000001,000000800411,0010,PM02,Inspección y mantenimiento preventivo,4.8,H,1,1000,MANT100
100,0000900412,00000001,000000800412,0010,PM02,Inspección y mantenimiento preventivo,7.0,H,1,1000,MANT100
100,0000900413,00000001,000000800413,0010,PM01,Diagnóstico y reparación crítica,44.1,H,1,1000,MANT100
100,0000900414,00000001,000000800414,0010,PM02,Inspección y mantenimiento preventivo,5.3,H,1,1000,MANT100
100,0000900415,00000001,000000800415,0010,PM02,Inspección y mantenimiento preventivo,7.1,H,1,1000,MANT100
100,0000900416,00000001,000000800416,0010,PM02,Inspección y mantenimiento preventivo,6.3,H,1,1000,MANT100
100,0000900417,00000001,000000800417,0010,PM02,Inspección y mantenimiento preventivo,9.0,H,1,1000,MANT100
100,0000900418,00000001,000000800418,0010,PM02,Inspección y mantenimiento preventivo,10.3,H,1,1000,MANT100
100,0000900419,00000001,000000800419,0010,PM01,Diagnóstico y reparación crítica,47.9,H,1,1000,MANT100
100,0000900420,00000001,000000800420,0010,PM02,Inspección y mantenimiento preventivo,6.0,H,1,1000,MANT100
100,0000900421,00000001,000000800421,0010,PM02,Inspección y mantenimiento preventivo,7.6,H,1,1000,MANT100
100,0000900422,00000001,000000800422,0010,PM02,Inspección y mantenimiento preventivo,4.8,H,1,1000,MANT100
100,0000900423,00000001,000000800423,0010,PM02,Inspección y mantenimiento preventivo,5.2,H,1,1000,MANT100
100,0000900424,00000001,000000800424,0010,PM02,Inspección y mantenimiento preventivo,7.8,H,1,1000,MANT100
100,0000900425,00000001,000000800425,0010,PM02,Inspección y mantenimiento preventivo,5.3,H,1,1000,MANT100
100,0000900426,00000001,000000800426,0010,PM02,Inspección y mantenimiento preventivo,6.6,H,1,1000,MANT100
100,0000900427,00000001,000000800427,0010,PM02,Inspección y mantenimiento preventivo,7.5,H,1,1000,MANT100
100,0000900428,00000001,000000800428,0010,PM01,Diagnóstico y reparación crítica,40.3,H,1,1000,MANT100
100,0000900429,00000001,000000800429,0010,PM02,Inspección y mantenimiento preventivo,6.6,H,1,1000,MANT100
100,0000900430,00000001,000000800430,0010,PM01,Diagnóstico y reparación crítica,64.4,H,1,1000,MANT100
100,0000900431,00000001,000000800431,0010,PM02,Inspección y mantenimiento preventivo,5.7,H,1,1000,MANT100
100,0000900432,00000001,000000800432,0010,PM02,Inspección y mantenimiento preventivo,6.0,H,1,1000,MANT100
100,0000900433,00000001,000000800433,0010,PM02,Inspección y mantenimiento preventivo,5.9,H,1,1000,MANT100
100,0000900434,00000001,000000800434,0010,PM02,Inspección y mantenimiento preventivo,6.0,H,1,1000,MANT100
100,0000900435,00000001,000000800435,0010,PM01,Diagnóstico y reparación crítica,73.7,H,1,1000,MANT100
100,0000900436,00000001,000000800436,0010,PM02,Inspección y mantenimiento preventivo,11.2,H,1,1000,MANT100
100,0000900437,00000001,000000800437,0010,PM01,Diagnóstico y reparación crítica,65.2,H,1,1000,MANT100
100,0000900438,00000001,000000800438,0010,PM02,Inspección y mantenimiento preventivo,9.1,H,1,1000,MANT100
100,0000900439,00000001,000000800439,0010,PM02,Inspección y mantenimiento preventivo,7.9,H,1,1000,MANT100
100,0000900440,00000001,000000800440,0010,PM02,Inspección y mantenimiento preventivo,7.8,H,1,1000,MANT100
100,0000900441,00000001,000000800441,0010,PM01,Diagnóstico y reparación crítica,74.1,H,1,1000,MANT100
100,0000900442,00000001,000000800442,0010,PM02,Inspección y mantenimiento preventivo,6.5,H,1,1000,MANT100
100,0000900443,00000001,000000800443,0010,PM02,Inspección y mantenimiento preventivo,6.2,H,1,1000,MANT100
100,0000900444,00000001,000000800444,0010,PM02,Inspección y mantenimiento preventivo,5.1,H,1,1000,MANT100
100,0000900445,00000001,000000800445,0010,PM02,Inspección y mantenimiento preventivo,4.0,H,1,1000,MANT100
100,0000900446,00000001,000000800446,0010,PM01,Diagnóstico y reparación crítica,50.6,H,1,1000,MANT100
100,0000900447,00000001,000000800447,0010,PM02,Inspección y mantenimiento preventivo,8.6,H,1,1000,MANT100
100,0000900448,00000001,000000800448,0010,PM02,Inspección y mantenimiento preventivo,7.8,H,1,1000,MANT100
100,0000900449,00000001,000000800449,0010,PM01,Diagnóstico y reparación crítica,61.6,H,1,1000,MANT100
100,0000900450,00000001,000000800450,0010,PM02,Inspección y mantenimiento preventivo,11.2,H,1,1000,MANT100
100,0000900451,00000001,000000800451,0010,PM02,Inspección y mantenimiento preventivo,4.2,H,1,1000,MANT100
100,0000900452,00000001,000000800452,0010,PM02,Inspección y mantenimiento preventivo,6.6,H,1,1000,MANT100
100,0000900453,00000001,000000800453,0010,PM02,Inspección y mantenimiento preventivo,7.4,H,1,1000,MANT100
100,0000900454,00000001,000000800454,0010,PM02,Inspección y mantenimiento preventivo,7.9,H,1,1000,MANT100
100,0000900455,00000001,000000800455,0010,PM02,Inspección y mantenimiento preventivo,4.4,H,1,1000,MANT100
100,0000900456,00000001,000000800456,0010,PM02,Inspección y mantenimiento preventivo,6.0,H,1,1000,MANT100
100,0000900457,00000001,000000800457,0010,PM02,Inspección y mantenimiento preventivo,7.1,H,1,1000,MANT100
100,0000900458,00000001,000000800458,0010,PM02,Inspección y mantenimiento preventivo,6.5,H,1,1000,MANT100
100,0000900459,00000001,000000800459,0010,PM02,Inspección y mantenimiento preventivo,10.2,H,1,1000,MANT100
100,0000900460,00000001,000000800460,0010,PM02,Inspección y mantenimiento preventivo,7.9,H,1,1000,MANT100
100,0000900461,00000001,000000800461,0010,PM02,Inspección y mantenimiento preventivo,7.9,H,1,1000,MANT100
100,0000900462,00000001,000000800462,0010,PM02,Inspección y mantenimiento preventivo,11.1,H,1,1000,MANT100
100,0000900463,00000001,000000800463,0010,PM02,Inspección y mantenimiento preventivo,6.6,H,1,1000,MANT100
100,0000900464,00000001,000000800464,0010,PM02,Inspección y mantenimiento preventivo,4.1,H,1,1000,MANT100
100,0000900465,00000001,000000800465,0010,PM02,Inspección y mantenimiento preventivo,5.1,H,1,1000,MANT100
100,0000900466,00000001,000000800466,0010,PM02,Inspección y mantenimiento preventivo,6.2,H,1,1000,MANT100
100,0000900467,00000001,000000800467,0010,PM02,Inspección y mantenimiento preventivo,4.6,H,1,1000,MANT100
100,0000900468,00000001,000000800468,0010,PM02,Inspección y mantenimiento preventivo,6.6,H,1,1000,MANT100
100,0000900469,00000001,000000800469,0010,PM02,Inspección y mantenimiento preventivo,7.6,H,1,1000,MANT100
100,0000900470,00000001,000000800470,0010,PM02,Inspección y mantenimiento preventivo,10.0,H,1,1000,MANT100
100,0000900471,00000001,000000800471,0010,PM02,Inspección y mantenimiento preventivo,6.3,H,1,1000,MANT100
100,0000900472,00000001,000000800472,0010,PM02,Inspección y mantenimiento preventivo,7.9,H,1,1000,MANT100
100,0000900473,00000001,000000800473,0010,PM02,Inspección y mantenimiento preventivo,5.7,H,1,1000,MANT100
100,0000900474,00000001,000000800474,0010,PM02,Inspección y mantenimiento preventivo,6.8,H,1,1000,MANT100
100,0000900475,00000001,000000800475,0010,PM02,Inspección y mantenimiento preventivo,5.6,H,1,1000,MANT100
100,0000900476,00000001,000000800476,0010,PM02,Inspección y mantenimiento preventivo,4.5,H,1,1000,MANT100
100,0000900477,00000001,000000800477,0010,PM02,Inspección y mantenimiento preventivo,5.6,H,1,1000,MANT100
100,0000900478,00000001,000000800478,0010,PM02,Inspección y mantenimiento preventivo,6.6,H,1,1000,MANT100
100,0000900479,00000001,000000800479,0010,PM02,Inspección y mantenimiento preventivo,8.0,H,1,1000,MANT100
100,0000900480,00000001,000000800480,0010,PM02,Inspección y mantenimiento preventivo,7.6,H,1,1000,MANT100
100,0000900481,00000001,000000800481,0010,PM02,Inspección y mantenimiento preventivo,7.7,H,1,1000,MANT100
100,0000900482,00000001,000000800482,0010,PM02,Inspección y mantenimiento preventivo,5.2,H,1,1000,MANT100
100,0000900483,00000001,000000800483,0010,PM02,Inspección y mantenimiento preventivo,6.8,H,1,1000,MANT100
100,0000900484,00000001,000000800484,0010,PM02,Inspección y mantenimiento preventivo,5.8,H,1,1000,MANT100
100,0000900485,00000001,000000800485,0010,PM02,Inspección y mantenimiento preventivo,10.4,H,1,1000,MANT100
100,0000900486,00000001,000000800486,0010,PM02,Inspección y mantenimiento preventivo,7.2,H,1,1000,MANT100
100,0000900487,00000001,000000800487,0010,PM02,Inspección y mantenimiento preventivo,10.7,H,1,1000,MANT100
100,0000900488,00000001,000000800488,0010,PM02,Inspección y mantenimiento preventivo,7.9,H,1,1000,MANT100
100,0000900489,00000001,000000800489,0010,PM02,Inspección y mantenimiento preventivo,5.3,H,1,1000,MANT100
100,0000900490,00000001,000000800490,0010,PM02,Inspección y mantenimiento preventivo,4.2,H,1,1000,MANT100
100,0000900491,00000001,000000800491,0010,PM02,Inspección y mantenimiento preventivo,5.6,H,1,1000,MANT100
100,0000900492,00000001,000000800492,0010,PM02,Inspección y mantenimiento preventivo,7.3,H,1,1000,MANT100
100,0000900493,00000001,000000800493,0010,PM02,Inspección y mantenimiento preventivo,9.3,H,1,1000,MANT100
100,0000900494,00000001,000000800494,0010,PM02,Inspección y mantenimiento preventivo,7.7,H,1,1000,MANT100
100,0000900495,00000001,000000800495,0010,PM02,Inspección y mantenimiento preventivo,6.1,H,1,1000,MANT100
100,0000900496,00000001,000000800496,0010,PM02,Inspección y mantenimiento preventivo,7.5,H,1,1000,MANT100
100,0000900497,00000001,000000800497,0010,PM02,Inspección y mantenimiento preventivo,6.1,H,1,1000,MANT100
100,0000900498,00000001,000000800498,0010,PM02,Inspección y mantenimiento preventivo,4.5,H,1,1000,MANT100
100,0000900499,00000001,000000800499,0010,PM02,Inspección y mantenimiento preventivo,9.1,H,1,1000,MANT100
100,0000900500,00000001,000000800500,0010,PM02,Inspección y mantenimiento preventivo,7.0,H,1,1000,MANT100
100,0000900501,00000001,000000800501,0010,PM02,Inspección y mantenimiento preventivo,7.2,H,1,1000,MANT100
100,0000900502,00000001,000000800502,0010,PM02,Inspección y mantenimiento preventivo,5.2,H,1,1000,MANT100
100,0000900503,00000001,000000800503,0010,PM02,Inspección y mantenimiento preventivo,6.7,H,1,1000,MANT100
100,0000900504,00000001,000000800504,0010,PM02,Inspección y mantenimiento preventivo,7.1,H,1,1000,MANT100
100,0000900505,00000001,000000800505,0010,PM02,Inspección y mantenimiento preventivo,4.3,H,1,1000,MANT100
100,0000900506,00000001,000000800506,0010,PM02,Inspección y mantenimiento preventivo,9.5,H,1,1000,MANT100
100,0000900507,00000001,000000800507,0010,PM02,Inspección y mantenimiento preventivo,9.6,H,1,1000,MANT100
100,0000900508,00000001,000000800508,0010,PM02,Inspección y mantenimiento preventivo,7.7,H,1,1000,MANT100
100,0000900509,00000001,000000800509,0010,PM02,Inspección y mantenimiento preventivo,5.0,H,1,1000,MANT100
100,0000900510,00000001,000000800510,0010,PM02,Inspección y mantenimiento preventivo,7.8,H,1,1000,MANT100
100,0000900511,00000001,000000800511,0010,PM02,Inspección y mantenimiento preventivo,4.9,H,1,1000,MANT100
100,0000900512,00000001,000000800512,0010,PM02,Inspección y mantenimiento preventivo,4.9,H,1,1000,MANT100
100,0000900513,00000001,000000800513,0010,PM02,Inspección y mantenimiento preventivo,7.8,H,1,1000,MANT100
100,0000900514,00000001,000000800514,0010,PM02,Inspección y mantenimiento preventivo,7.1,H,1,1000,MANT100
100,0000900515,00000001,000000800515,0010,PM02,Inspección y mantenimiento preventivo,9.5,H,1,1000,MANT100
100,0000900516,00000001,000000800516,0010,PM02,Inspección y mantenimiento preventivo,7.8,H,1,1000,MANT100
100,0000900517,00000001,000000800517,0010,PM02,Inspección y mantenimiento preventivo,6.8,H,1,1000,MANT100
100,0000900518,00000001,000000800518,0010,PM02,Inspección y mantenimiento preventivo,4.5,H,1,1000,MANT100
100,0000900519,00000001,000000800519,0010,PM02,Inspección y mantenimiento preventivo,4.6,H,1,1000,MANT100
100,0000900520,00000001,000000800520,0010,PM02,Inspección y mantenimiento preventivo,8.7,H,1,1000,MANT100
100,0000900521,00000001,000000800521,0010,PM02,Inspección y mantenimiento preventivo,7.2,H,1,1000,MANT100
100,0000900522,00000001,000000800522,0010,PM02,Inspección y mantenimiento preventivo,8.0,H,1,1000,MANT100
100,0000900523,00000001,000000800523,0010,PM02,Inspección y mantenimiento preventivo,8.4,H,1,1000,MANT100
100,0000900524,00000001,000000800524,0010,PM02,Inspección y mantenimiento preventivo,6.5,H,1,1000,MANT100
100,0000900525,00000001,000000800525,0010,PM02,Inspección y mantenimiento preventivo,7.9,H,1,1000,MANT100
100,0000900526,00000001,000000800526,0010,PM02,Inspección y mantenimiento preventivo,7.9,H,1,1000,MANT100
100,0000900527,00000001,000000800527,0010,PM02,Inspección y mantenimiento preventivo,6.1,H,1,1000,MANT100
100,0000900528,00000001,000000800528,0010,PM02,Inspección y mantenimiento preventivo,8.7,H,1,1000,MANT100
100,0000900529,00000001,000000800529,0010,PM02,Inspección y mantenimiento preventivo,7.0,H,1,1000,MANT100
100,0000900530,00000001,000000800530,0010,PM02,Inspección y mantenimiento preventivo,5.5,H,1,1000,MANT100
100,0000900531,00000001,000000800531,0010,PM02,Inspección y mantenimiento preventivo,4.8,H,1,1000,MANT100
100,0000900532,00000001,000000800532,0010,PM02,Inspección y mantenimiento preventivo,5.7,H,1,1000,MANT100
100,0000900533,00000001,000000800533,0010,PM02,Inspección y mantenimiento preventivo,7.8,H,1,1000,MANT100
100,0000900534,00000001,000000800534,0010,PM02,Inspección y mantenimiento preventivo,5.2,H,1,1000,MANT100
100,0000900535,00000001,000000800535,0010,PM02,Inspección y mantenimiento preventivo,7.1,H,1,1000,MANT100
100,0000900536,00000001,000000800536,0010,PM02,Inspección y mantenimiento preventivo,7.0,H,1,1000,MANT100
100,0000900537,00000001,000000800537,0010,PM02,Inspección y mantenimiento preventivo,6.1,H,1,1000,MANT100
100,0000900538,00000001,000000800538,0010,PM02,Inspección y mantenimiento preventivo,5.6,H,1,1000,MANT100
100,0000900539,00000001,000000800539,0010,PM02,Inspección y mantenimiento preventivo,7.3,H,1,1000,MANT100
100,0000900540,00000001,000000800540,0010,PM02,Inspección y mantenimiento preventivo,6.3,H,1,1000,MANT100
100,0000900541,00000001,000000800541,0010,PM02,Inspección y mantenimiento preventivo,6.0,H,1,1000,MANT100
100,0000900542,00000001,000000800542,0010,PM02,Inspección y mantenimiento preventivo,6.5,H,1,1000,MANT100
100,0000900543,00000001,000000800543,0010,PM02,Inspección y mantenimiento preventivo,6.7,H,1,1000,MANT100
100,0000900544,00000001,000000800544,0010,PM02,Inspección y mantenimiento preventivo,5.0,H,1,1000,MANT100
100,0000900545,00000001,000000800545,0010,PM02,Inspección y mantenimiento preventivo,6.4,H,1,1000,MANT100
100,0000900546,00000001,000000800546,0010,PM02,Inspección y mantenimiento preventivo,7.0,H,1,1000,MANT100
100,0000900547,00000001,000000800547,0010,PM02,Inspección y mantenimiento preventivo,7.0,H,1,1000,MANT100
100,0000900548,00000001,000000800548,0010,PM02,Inspección y mantenimiento preventivo,6.0,H,1,1000,MANT100
100,0000900549,00000001,000000800549,0010,PM02,Inspección y mantenimiento preventivo,8.9,H,1,1000,MANT100
100,0000900550,00000001,000000800550,0010,PM02,Inspección y mantenimiento preventivo,6.3,H,1,1000,MANT100
100,0000900551,00000001,000000800551,0010,PM02,Inspección y mantenimiento preventivo,5.1,H,1,1000,MANT100
100,0000900552,00000001,000000800552,0010,PM02,Inspección y mantenimiento preventivo,6.7,H,1,1000,MANT100
100,0000900553,00000001,000000800553,0010,PM02,Inspección y mantenimiento preventivo,7.6,H,1,1000,MANT100
100,0000900554,00000001,000000800554,0010,PM02,Inspección y mantenimiento preventivo,4.6,H,1,1000,MANT100
100,0000900555,00000001,000000800555,0010,PM02,Inspección y mantenimiento preventivo,10.7,H,1,1000,MANT100
100,0000900556,00000001,000000800556,0010,PM02,Inspección y mantenimiento preventivo,4.7,H,1,1000,MANT100
100,0000900557,00000001,000000800557,0010,PM02,Inspección y mantenimiento preventivo,7.0,H,1,1000,MANT100
100,0000900558,00000001,000000800558,0010,PM02,Inspección y mantenimiento preventivo,5.3,H,1,1000,MANT100
100,0000900559,00000001,000000800559,0010,PM02,Inspección y mantenimiento preventivo,11.1,H,1,1000,MANT100
100,0000900560,00000001,000000800560,0010,PM02,Inspección y mantenimiento preventivo,7.2,H,1,1000,MANT100
100,0000900561,00000001,000000800561,0010,PM02,Inspección y mantenimiento preventivo,7.6,H,1,1000,MANT100
100,0000900562,00000001,000000800562,0010,PM02,Inspección y mantenimiento preventivo,4.4,H,1,1000,MANT100
100,0000900563,00000001,000000800563,0010,PM02,Inspección y mantenimiento preventivo,4.5,H,1,1000,MANT100
100,0000900564,00000001,000000800564,0010,PM02,Inspección y mantenimiento preventivo,6.0,H,1,1000,MANT100
100,0000900565,00000001,000000800565,0010,PM02,Inspección y mantenimiento preventivo,6.3,H,1,1000,MANT100
100,0000900566,00000001,000000800566,0010,PM02,Inspección y mantenimiento preventivo,7.1,H,1,1000,MANT100
100,0000900567,00000001,000000800567,0010,PM02,Inspección y mantenimiento preventivo,6.8,H,1,1000,MANT100
100,0000900568,00000001,000000800568,0010,PM02,Inspección y mantenimiento preventivo,4.4,H,1,1000,MANT100
100,0000900569,00000001,000000800569,0010,PM02,Inspección y mantenimiento preventivo,6.0,H,1,1000,MANT100
100,0000900570,00000001,000000800570,0010,PM02,Inspección y mantenimiento preventivo,6.9,H,1,1000,MANT100
100,0000900571,00000001,000000800571,0010,PM02,Inspección y mantenimiento preventivo,7.5,H,1,1000,MANT100
100,0000900572,00000001,000000800572,0010,PM02,Inspección y mantenimiento preventivo,6.6,H,1,1000,MANT100
100,0000900573,00000001,000000800573,0010,PM02,Inspección y mantenimiento preventivo,5.3,H,1,1000,MANT100
100,0000900574,00000001,000000800574,0010,PM02,Inspección y mantenimiento preventivo,9.3,H,1,1000,MANT100
100,0000900575,00000001,000000800575,0010,PM02,Inspección y mantenimiento preventivo,6.6,H,1,1000,MANT100
100,0000900576,00000001,000000800576,0010,PM02,Inspección y mantenimiento preventivo,6.9,H,1,1000,MANT100
100,0000900577,00000001,000000800577,0010,PM02,Inspección y mantenimiento preventivo,6.6,H,1,1000,MANT100
100,0000900578,00000001,000000800578,0010,PM02,Inspección y mantenimiento preventivo,6.8,H,1,1000,MANT100
100,0000900579,00000001,000000800579,0010,PM02,Inspección y mantenimiento preventivo,6.3,H,1,1000,MANT100
100,0000900580,00000001,000000800580,0010,PM02,Inspección y mantenimiento preventivo,6.7,H,1,1000,MANT100
100,0000900581,00000001,000000800581,0010,PM02,Inspección y mantenimiento preventivo,9.6,H,1,1000,MANT100
100,0000900582,00000001,000000800582,0010,PM02,Inspección y mantenimiento preventivo,4.3,H,1,1000,MANT100
100,0000900583,00000001,000000800583,0010,PM02,Inspección y mantenimiento preventivo,6.5,H,1,1000,MANT100
100,0000900584,00000001,000000800584,0010,PM02,Inspección y mantenimiento preventivo,5.3,H,1,1000,MANT100
100,0000900585,00000001,000000800585,0010,PM02,Inspección y mantenimiento preventivo,4.4,H,1,1000,MANT100
100,0000900586,00000001,000000800586,0010,PM02,Inspección y mantenimiento preventivo,6.6,H,1,1000,MANT100
100,0000900587,00000001,000000800587,0010,PM02,Inspección y mantenimiento preventivo,5.4,H,1,1000,MANT100
100,0000900588,00000001,000000800588,0010,PM02,Inspección y mantenimiento preventivo,7.9,H,1,1000,MANT100
100,0000900589,00000001,000000800589,0010,PM02,Inspección y mantenimiento preventivo,5.8,H,1,1000,MANT100
100,0000900590,00000001,000000800590,0010,PM02,Inspección y mantenimiento preventivo,5.3,H,1,1000,MANT100
100,0000900591,00000001,000000800591,0010,PM02,Inspección y mantenimiento preventivo,6.0,H,1,1000,MANT100
100,0000900592,00000001,000000800592,0010,PM02,Inspección y mantenimiento preventivo,5.8,H,1,1000,MANT100
100,0000900593,00000001,000000800593,0010,PM02,Inspección y mantenimiento preventivo,6.6,H,1,1000,MANT100
100,0000900594,00000001,000000800594,0010,PM02,Inspección y mantenimiento preventivo,4.8,H,1,1000,MANT100
100,0000900595,00000001,000000800595,0010,PM02,Inspección y mantenimiento preventivo,7.9,H,1,1000,MANT100
100,0000900596,00000001,000000800596,0010,PM02,Inspección y mantenimiento preventivo,5.7,H,1,1000,MANT100
100,0000900597,00000001,000000800597,0010,PM02,Inspección y mantenimiento preventivo,5.0,H,1,1000,MANT100
100,0000900598,00000001,000000800598,0010,PM02,Inspección y mantenimiento preventivo,6.8,H,1,1000,MANT100
100,0000900599,00000001,000000800599,0010,PM02,Inspección y mantenimiento preventivo,4.1,H,1,1000,MANT100
100,0000900600,00000001,000000800600,0010,PM02,Inspección y mantenimiento preventivo,5.3,H,1,1000,MANT100
100,0000900601,00000001,000000800601,0010,PM02,Inspección y mantenimiento preventivo,6.7,H,1,1000,MANT100
100,0000900602,00000001,000000800602,0010,PM02,Inspección y mantenimiento preventivo,10.9,H,1,1000,MANT100
100,0000900603,00000001,000000800603,0010,PM02,Inspección y mantenimiento preventivo,8.8,H,1,1000,MANT100
100,0000900604,00000001,000000800604,0010,PM02,Inspección y mantenimiento preventivo,5.4,H,1,1000,MANT100
100,0000900605,00000001,000000800605,0010,PM02,Inspección y mantenimiento preventivo,5.6,H,1,1000,MANT100
100,0000900606,00000001,000000800606,0010,PM02,Inspección y mantenimiento preventivo,7.4,H,1,1000,MANT100
100,0000900607,00000001,000000800607,0010,PM02,Inspección y mantenimiento preventivo,7.0,H,1,1000,MANT100
100,0000900608,00000001,000000800608,0010,PM02,Inspección y mantenimiento preventivo,7.4,H,1,1000,MANT100
100,0000900609,00000001,000000800609,0010,PM02,Inspección y mantenimiento preventivo,4.8,H,1,1000,MANT100
100,0000900610,00000001,000000800610,0010,PM02,Inspección y mantenimiento preventivo,5.8,H,1,1000,MANT100
100,0000900611,00000001,000000800611,0010,PM02,Inspección y mantenimiento preventivo,4.2,H,1,1000,MANT100
100,0000900612,00000001,000000800612,0010,PM02,Inspección y mantenimiento preventivo,5.9,H,1,1000,MANT100
100,0000900613,00000001,000000800613,0010,PM02,Inspección y mantenimiento preventivo,5.6,H,1,1000,MANT100
100,0000900614,00000001,000000800614,0010,PM02,Inspección y mantenimiento preventivo,5.9,H,1,1000,MANT100
100,0000900615,00000001,000000800615,0010,PM02,Inspección y mantenimiento preventivo,5.0,H,1,1000,MANT100
100,0000900616,00000001,000000800616,0010,PM02,Inspección y mantenimiento preventivo,7.9,H,1,1000,MANT100
100,0000900617,00000001,000000800617,0010,PM02,Inspección y mantenimiento preventivo,5.8,H,1,1000,MANT100
100,0000900618,00000001,000000800618,0010,PM02,Inspección y mantenimiento preventivo,4.9,H,1,1000,MANT100
100,0000900619,00000001,000000800619,0010,PM02,Inspección y mantenimiento preventivo,7.6,H,1,1000,MANT100
100,0000900620,00000001,000000800620,0010,PM02,Inspección y mantenimiento preventivo,8.0,H,1,1000,MANT100
100,0000900621,00000001,000000800621,0010,PM02,Inspección y mantenimiento preventivo,9.8,H,1,1000,MANT100
100,0000900622,00000001,000000800622,0010,PM02,Inspección y mantenimiento preventivo,6.6,H,1,1000,MANT100
100,0000900623,00000001,000000800623,0010,PM02,Inspección y mantenimiento preventivo,7.1,H,1,1000,MANT100
100,0000900624,00000001,000000800624,0010,PM02,Inspección y mantenimiento preventivo,6.1,H,1,1000,MANT100
100,0000900625,00000001,000000800625,0010,PM02,Inspección y mantenimiento preventivo,10.2,H,1,1000,MANT100
100,0000900626,00000001,000000800626,0010,PM02,Inspección y mantenimiento preventivo,5.0,H,1,1000,MANT100
100,0000900627,00000001,000000800627,0010,PM02,Inspección y mantenimiento preventivo,6.3,H,1,1000,MANT100
100,0000900628,00000001,000000800628,0010,PM02,Inspección y mantenimiento preventivo,4.4,H,1,1000,MANT100
100,0000900629,00000001,000000800629,0010,PM02,Inspección y mantenimiento preventivo,7.9,H,1,1000,MANT100
100,0000900630,00000001,000000800630,0010,PM02,Inspección y mantenimiento preventivo,6.6,H,1,1000,MANT100
100,0000900631,00000001,000000800631,0010,PM02,Inspección y mantenimiento preventivo,9.6,H,1,1000,MANT100
100,0000900632,00000001,000000800632,0010,PM02,Inspección y mantenimiento preventivo,4.1,H,1,1000,MANT100
100,0000900633,00000001,000000800633,0010,PM02,Inspección y mantenimiento preventivo,5.2,H,1,1000,MANT100
100,0000900634,00000001,000000800634,0010,PM02,Inspección y mantenimiento preventivo,9.9,H,1,1000,MANT100
100,0000900635,00000001,000000800635,0010,PM02,Inspección y mantenimiento preventivo,9.8,H,1,1000,MANT100
100,0000900636,00000001,000000800636,0010,PM02,Inspección y mantenimiento preventivo,8.7,H,1,1000,MANT100
100,0000900637,00000001,000000800637,0010,PM02,Inspección y mantenimiento preventivo,6.5,H,1,1000,MANT100
100,0000900638,00000001,000000800638,0010,PM02,Inspección y mantenimiento preventivo,4.2,H,1,1000,MANT100
100,0000900639,00000001,000000800639,0010,PM02,Inspección y mantenimiento preventivo,4.2,H,1,1000,MANT100
100,0000900640,00000001,000000800640,0010,PM02,Inspección y mantenimiento preventivo,7.6,H,1,1000,MANT100
100,0000900641,00000001,000000800641,0010,PM02,Inspección y mantenimiento preventivo,7.6,H,1,1000,MANT100
100,0000900642,00000001,000000800642,0010,PM02,Inspección y mantenimiento preventivo,4.4,H,1,1000,MANT100
100,0000900643,00000001,000000800643,0010,PM02,Inspección y mantenimiento preventivo,4.7,H,1,1000,MANT100
100,0000900644,00000001,000000800644,0010,PM02,Inspección y mantenimiento preventivo,6.2,H,1,1000,MANT100
100,0000900645,00000001,000000800645,0010,PM02,Inspección y mantenimiento preventivo,7.9,H,1,1000,MANT100
100,0000900646,00000001,000000800646,0010,PM02,Inspección y mantenimiento preventivo,9.1,H,1,1000,MANT100
100,0000900647,00000001,000000800647,0010,PM02,Inspección y mantenimiento preventivo,5.3,H,1,1000,MANT100
100,0000900648,00000001,000000800648,0010,PM02,Inspección y mantenimiento preventivo,6.8,H,1,1000,MANT100
100,0000900649,00000001,000000800649,0010,PM02,Inspección y mantenimiento preventivo,10.0,H,1,1000,MANT100
100,0000900650,00000001,000000800650,0010,PM02,Inspección y mantenimiento preventivo,8.7,H,1,1000,MANT100
100,0000900651,00000001,000000800651,0010,PM02,Inspección y mantenimiento preventivo,7.3,H,1,1000,MANT100
100,0000900652,00000001,000000800652,0010,PM02,Inspección y mantenimiento preventivo,5.1,H,1,1000,MANT100
100,0000900653,00000001,000000800653,0010,PM02,Inspección y mantenimiento preventivo,5.4,H,1,1000,MANT100
100,0000900654,00000001,000000800654,0010,PM02,Inspección y mantenimiento preventivo,4.3,H,1,1000,MANT100
100,0000900655,00000001,000000800655,0010,PM02,Inspección y mantenimiento preventivo,10.4,H,1,1000,MANT100
100,0000900656,00000001,000000800656,0010,PM02,Inspección y mantenimiento preventivo,9.0,H,1,1000,MANT100
100,0000900657,00000001,000000800657,0010,PM02,Inspección y mantenimiento preventivo,7.0,H,1,1000,MANT100
100,0000900658,00000001,000000800658,0010,PM02,Inspección y mantenimiento preventivo,7.2,H,1,1000,MANT100
100,0000900659,00000001,000000800659,0010,PM02,Inspección y mantenimiento preventivo,6.5,H,1,1000,MANT100
100,0000900660,00000001,000000800660,0010,PM02,Inspección y mantenimiento preventivo,6.8,H,1,1000,MANT100
100,0000900661,00000001,000000800661,0010,PM02,Inspección y mantenimiento preventivo,5.0,H,1,1000,MANT100
100,0000900662,00000001,000000800662,0010,PM02,Inspección y mantenimiento preventivo,10.4,H,1,1000,MANT100
100,0000900663,00000001,000000800663,0010,PM02,Inspección y mantenimiento preventivo,4.4,H,1,1000,MANT100
100,0000900664,00000001,000000800664,0010,PM02,Inspección y mantenimiento preventivo,6.5,H,1,1000,MANT100
100,0000900665,00000001,000000800665,0010,PM02,Inspección y mantenimiento preventivo,7.6,H,1,1000,MANT100
100,0000900666,00000001,000000800666,0010,PM02,Inspección y mantenimiento preventivo,7.0,H,1,1000,MANT100
100,0000900667,00000001,000000800667,0010,PM02,Inspección y mantenimiento preventivo,5.3,H,1,1000,MANT100
100,0000900668,00000001,000000800668,0010,PM02,Inspección y mantenimiento preventivo,7.9,H,1,1000,MANT100
100,0000900669,00000001,000000800669,0010,PM02,Inspección y mantenimiento preventivo,9.5,H,1,1000,MANT100
100,0000900670,00000001,000000800670,0010,PM02,Inspección y mantenimiento preventivo,7.2,H,1,1000,MANT100
100,0000900671,00000001,000000800671,0010,PM02,Inspección y mantenimiento preventivo,7.8,H,1,1000,MANT100
100,0000900672,00000001,000000800672,0010,PM02,Inspección y mantenimiento preventivo,7.5,H,1,1000,MANT100
100,0000900673,00000001,000000800673,0010,PM02,Inspección y mantenimiento preventivo,7.0,H,1,1000,MANT100
100,0000900674,00000001,000000800674,0010,PM02,Inspección y mantenimiento preventivo,8.0,H,1,1000,MANT100
100,0000900675,00000001,000000800675,0010,PM02,Inspección y mantenimiento preventivo,7.6,H,1,1000,MANT100
100,0000900676,00000001,000000800676,0010,PM02,Inspección y mantenimiento preventivo,6.1,H,1,1000,MANT100
100,0000900677,00000001,000000800677,0010,PM02,Inspección y mantenimiento preventivo,5.8,H,1,1000,MANT100
100,0000900678,00000001,000000800678,0010,PM02,Inspección y mantenimiento preventivo,7.1,H,1,1000,MANT100
100,0000900679,00000001,000000800679,0010,PM02,Inspección y mantenimiento preventivo,6.0,H,1,1000,MANT100
100,0000900680,00000001,000000800680,0010,PM02,Inspección y mantenimiento preventivo,6.1,H,1,1000,MANT100
100,0000900681,00000001,000000800681,0010,PM02,Inspección y mantenimiento preventivo,6.7,H,1,1000,MANT100
100,0000900682,00000001,000000800682,0010,PM02,Inspección y mantenimiento preventivo,9.5,H,1,1000,MANT100
100,0000900683,00000001,000000800683,0010,PM02,Inspección y mantenimiento preventivo,7.4,H,1,1000,MANT100
100,0000900684,00000001,000000800684,0010,PM02,Inspección y mantenimiento preventivo,6.3,H,1,1000,MANT100
100,0000900685,00000001,000000800685,0010,PM02,Inspección y mantenimiento preventivo,5.2,H,1,1000,MANT100
100,0000900686,00000001,000000800686,0010,PM02,Inspección y mantenimiento preventivo,7.8,H,1,1000,MANT100
100,0000900687,00000001,000000800687,0010,PM02,Inspección y mantenimiento preventivo,6.8,H,1,1000,MANT100
100,0000900688,00000001,000000800688,0010,PM02,Inspección y mantenimiento preventivo,6.9,H,1,1000,MANT100
100,0000900689,00000001,000000800689,0010,PM02,Inspección y mantenimiento preventivo,8.9,H,1,1000,MANT100
100,0000900690,00000001,000000800690,0010,PM02,Inspección y mantenimiento preventivo,10.1,H,1,1000,MANT100
100,0000900691,00000001,000000800691,0010,PM02,Inspección y mantenimiento preventivo,10.8,H,1,1000,MANT100
100,0000900692,00000001,000000800692,0010,PM02,Inspección y mantenimiento preventivo,4.7,H,1,1000,MANT100
100,0000900693,00000001,000000800693,0010,PM02,Inspección y mantenimiento preventivo,7.5,H,1,1000,MANT100
100,0000900694,00000001,000000800694,0010,PM02,Inspección y mantenimiento preventivo,6.8,H,1,1000,MANT100
100,0000900695,00000001,000000800695,0010,PM02,Inspección y mantenimiento preventivo,7.0,H,1,1000,MANT100
100,0000900696,00000001,000000800696,0010,PM02,Inspección y mantenimiento preventivo,4.6,H,1,1000,MANT100
100,0000900697,00000001,000000800697,0010,PM02,Inspección y mantenimiento preventivo,4.6,H,1,1000,MANT100
100,0000900698,00000001,000000800698,0010,PM02,Inspección y mantenimiento preventivo,5.1,H,1,1000,MANT100
100,0000900699,00000001,000000800699,0010,PM02,Inspección y mantenimiento preventivo,7.9,H,1,1000,MANT100
100,0000900700,00000001,000000800700,0010,PM02,Inspección y mantenimiento preventivo,4.8,H,1,1000,MANT100
100,0000900701,00000001,000000800701,0010,PM02,Inspección y mantenimiento preventivo,7.5,H,1,1000,MANT100
100,0000900702,00000001,000000800702,0010,PM02,Inspección y mantenimiento preventivo,8.9,H,1,1000,MANT100
100,0000900703,00000001,000000800703,0010,PM02,Inspección y mantenimiento preventivo,4.3,H,1,1000,MANT100
100,0000900704,00000001,000000800704,0010,PM02,Inspección y mantenimiento preventivo,6.1,H,1,1000,MANT100
100,0000900705,00000001,000000800705,0010,PM02,Inspección y mantenimiento preventivo,4.6,H,1,1000,MANT100
100,0000900706,00000001,000000800706,0010,PM02,Inspección y mantenimiento preventivo,5.2,H,1,1000,MANT100
100,0000900707,00000001,000000800707,0010,PM02,Inspección y mantenimiento preventivo,6.0,H,1,1000,MANT100
100,0000900708,00000001,000000800708,0010,PM02,Inspección y mantenimiento preventivo,6.6,H,1,1000,MANT100
100,0000900709,00000001,000000800709,0010,PM02,Inspección y mantenimiento preventivo,6.6,H,1,1000,MANT100
100,0000900710,00000001,000000800710,0010,PM02,Inspección y mantenimiento preventivo,4.1,H,1,1000,MANT100
100,0000900711,00000001,000000800711,0010,PM02,Inspección y mantenimiento preventivo,4.6,H,1,1000,MANT100
100,0000900712,00000001,000000800712,0010,PM02,Inspección y mantenimiento preventivo,9.0,H,1,1000,MANT100
100,0000900713,00000001,000000800713,0010,PM02,Inspección y mantenimiento preventivo,6.1,H,1,1000,MANT100
100,0000900714,00000001,000000800714,0010,PM02,Inspección y mantenimiento preventivo,4.3,H,1,1000,MANT100
100,0000900715,00000001,000000800715,0010,PM02,Inspección y mantenimiento preventivo,7.0,H,1,1000,MANT100
100,0000900716,00000001,000000800716,0010,PM02,Inspección y mantenimiento preventivo,7.1,H,1,1000,MANT100
100,0000900717,00000001,000000800717,0010,PM02,Inspección y mantenimiento preventivo,5.3,H,1,1000,MANT100
100,0000900718,00000001,000000800718,0010,PM02,Inspección y mantenimiento preventivo,7.1,H,1,1000,MANT100
100,0000900719,00000001,000000800719,0010,PM02,Inspección y mantenimiento preventivo,9.9,H,1,1000,MANT100
100,0000900720,00000001,000000800720,0010,PM02,Inspección y mantenimiento preventivo,10.4,H,1,1000,MANT100
100,0000900721,00000001,000000800721,0010,PM02,Inspección y mantenimiento preventivo,7.8,H,1,1000,MANT100
100,0000900722,00000001,000000800722,0010,PM02,Inspección y mantenimiento preventivo,10.1,H,1,1000,MANT100
100,0000900723,00000001,000000800723,0010,PM02,Inspección y mantenimiento preventivo,5.0,H,1,1000,MANT100
100,0000900724,00000001,000000800724,0010,PM02,Inspección y mantenimiento preventivo,5.3,H,1,1000,MANT100
100,0000900725,00000001,000000800725,0010,PM02,Inspección y mantenimiento preventivo,4.5,H,1,1000,MANT100
100,0000900726,00000001,000000800726,0010,PM02,Inspección y mantenimiento preventivo,7.2,H,1,1000,MANT100
100,0000900727,00000001,000000800727,0010,PM02,Inspección y mantenimiento preventivo,6.0,H,1,1000,MANT100
100,0000900728,00000001,000000800728,0010,PM02,Inspección y mantenimiento preventivo,7.5,H,1,1000,MANT100
100,0000900729,00000001,000000800729,0010,PM02,Inspección y mantenimiento preventivo,4.2,H,1,1000,MANT100
100,0000900730,00000001,000000800730,0010,PM02,Inspección y mantenimiento preventivo,8.5,H,1,1000,MANT100
100,0000900731,00000001,000000800731,0010,PM02,Inspección y mantenimiento preventivo,4.7,H,1,1000,MANT100
100,0000900732,00000001,000000800732,0010,PM02,Inspección y mantenimiento preventivo,5.3,H,1,1000,MANT100
100,0000900733,00000001,000000800733,0010,PM02,Inspección y mantenimiento preventivo,5.3,H,1,1000,MANT100
100,0000900734,00000001,000000800734,0010,PM02,Inspección y mantenimiento preventivo,10.4,H,1,1000,MANT100
100,0000900735,00000001,000000800735,0010,PM02,Inspección y mantenimiento preventivo,5.8,H,1,1000,MANT100
100,0000900736,00000001,000000800736,0010,PM02,Inspección y mantenimiento preventivo,5.6,H,1,1000,MANT100
100,0000900737,00000001,000000800737,0010,PM02,Inspección y mantenimiento preventivo,11.0,H,1,1000,MANT100
100,0000900738,00000001,000000800738,0010,PM02,Inspección y mantenimiento preventivo,5.3,H,1,1000,MANT100
100,0000900739,00000001,000000800739,0010,PM02,Inspección y mantenimiento preventivo,4.8,H,1,1000,MANT100
100,0000900740,00000001,000000800740,0010,PM02,Inspección y mantenimiento preventivo,6.5,H,1,1000,MANT100
100,0000900741,00000001,000000800741,0010,PM02,Inspección y mantenimiento preventivo,7.4,H,1,1000,MANT100
100,0000900742,00000001,000000800742,0010,PM02,Inspección y mantenimiento preventivo,7.7,H,1,1000,MANT100
100,0000900743,00000001,000000800743,0010,PM02,Inspección y mantenimiento preventivo,7.5,H,1,1000,MANT100
100,0000900744,00000001,000000800744,0010,PM02,Inspección y mantenimiento preventivo,5.9,H,1,1000,MANT100
100,0000900745,00000001,000000800745,0010,PM02,Inspección y mantenimiento preventivo,6.5,H,1,1000,MANT100
100,0000900746,00000001,000000800746,0010,PM02,Inspección y mantenimiento preventivo,4.0,H,1,1000,MANT100
100,0000900747,00000001,000000800747,0010,PM02,Inspección y mantenimiento preventivo,5.0,H,1,1000,MANT100
100,0000900748,00000001,000000800748,0010,PM02,Inspección y mantenimiento preventivo,6.8,H,1,1000,MANT100
100,0000900749,00000001,000000800749,0010,PM02,Inspección y mantenimiento preventivo,7.3,H,1,1000,MANT100
100,0000900750,00000001,000000800750,0010,PM02,Inspección y mantenimiento preventivo,6.9,H,1,1000,MANT100
100,0000900751,00000001,000000800751,0010,PM02,Inspección y mantenimiento preventivo,4.8,H,1,1000,MANT100
100,0000900752,00000001,000000800752,0010,PM02,Inspección y mantenimiento preventivo,6.7,H,1,1000,MANT100
100,0000900753,00000001,000000800753,0010,PM02,Inspección y mantenimiento preventivo,7.9,H,1,1000,MANT100
100,0000900754,00000001,000000800754,0010,PM02,Inspección y mantenimiento preventivo,6.3,H,1,1000,MANT100
100,0000900755,00000001,000000800755,0010,PM02,Inspección y mantenimiento preventivo,6.3,H,1,1000,MANT100
100,0000900756,00000001,000000800756,0010,PM02,Inspección y mantenimiento preventivo,7.9,H,1,1000,MANT100
100,0000900757,00000001,000000800757,0010,PM02,Inspección y mantenimiento preventivo,6.4,H,1,1000,MANT100
100,0000900758,00000001,000000800758,0010,PM02,Inspección y mantenimiento preventivo,6.8,H,1,1000,MANT100
100,0000900759,00000001,000000800759,0010,PM02,Inspección y mantenimiento preventivo,5.6,H,1,1000,MANT100
100,0000900760,00000001,000000800760,0010,PM02,Inspección y mantenimiento preventivo,6.9,H,1,1000,MANT100
100,0000900761,00000001,000000800761,0010,PM02,Inspección y mantenimiento preventivo,5.6,H,1,1000,MANT100
100,0000900762,00000001,000000800762,0010,PM02,Inspección y mantenimiento preventivo,6.3,H,1,1000,MANT100
100,0000900763,00000001,000000800763,0010,PM02,Inspección y mantenimiento preventivo,6.9,H,1,1000,MANT100
100,0000900764,00000001,000000800764,0010,PM02,Inspección y mantenimiento preventivo,4.6,H,1,1000,MANT100
100,0000900765,00000001,000000800765,0010,PM02,Inspección y mantenimiento preventivo,4.6,H,1,1000,MANT100
100,0000900766,00000001,000000800766,0010,PM02,Inspección y mantenimiento preventivo,6.1,H,1,1000,MANT100
100,0000900767,00000001,000000800767,0010,PM02,Inspección y mantenimiento preventivo,5.6,H,1,1000,MANT100
100,0000900768,00000001,000000800768,0010,PM02,Inspección y mantenimiento preventivo,5.9,H,1,1000,MANT100
100,0000900769,00000001,000000800769,0010,PM02,Inspección y mantenimiento preventivo,10.7,H,1,1000,MANT100
100,0000900770,00000001,000000800770,0010,PM02,Inspección y mantenimiento preventivo,7.6,H,1,1000,MANT100
100,0000900771,00000001,000000800771,0010,PM02,Inspección y mantenimiento preventivo,5.6,H,1,1000,MANT100
100,0000900772,00000001,000000800772,0010,PM02,Inspección y mantenimiento preventivo,6.5,H,1,1000,MANT100
100,0000900773,00000001,000000800773,0010,PM02,Inspección y mantenimiento preventivo,6.9,H,1,1000,MANT100
100,0000900774,00000001,000000800774,0010,PM02,Inspección y mantenimiento preventivo,7.0,H,1,1000,MANT100
100,0000900775,00000001,000000800775,0010,PM02,Inspección y mantenimiento preventivo,7.8,H,1,1000,MANT100
100,0000900776,00000001,000000800776,0010,PM02,Inspección y mantenimiento preventivo,10.3,H,1,1000,MANT100
100,0000900777,00000001,000000800777,0010,PM02,Inspección y mantenimiento preventivo,4.1,H,1,1000,MANT100
100,0000900778,00000001,000000800778,0010,PM02,Inspección y mantenimiento preventivo,5.1,H,1,1000,MANT100
100,0000900779,00000001,000000800779,0010,PM02,Inspección y mantenimiento preventivo,5.2,H,1,1000,MANT100
100,0000900780,00000001,000000800780,0010,PM02,Inspección y mantenimiento preventivo,6.7,H,1,1000,MANT100
100,0000900781,00000001,000000800781,0010,PM02,Inspección y mantenimiento preventivo,4.9,H,1,1000,MANT100
100,0000900782,00000001,000000800782,0010,PM02,Inspección y mantenimiento preventivo,4.1,H,1,1000,MANT100
100,0000900783,00000001,000000800783,0010,PM02,Inspección y mantenimiento preventivo,6.5,H,1,1000,MANT100
100,0000900784,00000001,000000800784,0010,PM02,Inspección y mantenimiento preventivo,5.2,H,1,1000,MANT100
100,0000900785,00000001,000000800785,0010,PM02,Inspección y mantenimiento preventivo,7.7,H,1,1000,MANT100
100,0000900786,00000001,000000800786,0010,PM02,Inspección y mantenimiento preventivo,5.0,H,1,1000,MANT100
100,0000900787,00000001,000000800787,0010,PM02,Inspección y mantenimiento preventivo,6.4,H,1,1000,MANT100
100,0000900788,00000001,000000800788,0010,PM02,Inspección y mantenimiento preventivo,5.3,H,1,1000,MANT100
100,0000900789,00000001,000000800789,0010,PM02,Inspección y mantenimiento preventivo,7.2,H,1,1000,MANT100
100,0000900790,00000001,000000800790,0010,PM02,Inspección y mantenimiento preventivo,5.5,H,1,1000,MANT100
100,0000900791,00000001,000000800791,0010,PM02,Inspección y mantenimiento preventivo,7.9,H,1,1000,MANT100
100,0000900792,00000001,000000800792,0010,PM02,Inspección y mantenimiento preventivo,7.3,H,1,1000,MANT100
100,0000900793,00000001,000000800793,0010,PM02,Inspección y mantenimiento preventivo,5.0,H,1,1000,MANT100
100,0000900794,00000001,000000800794,0010,PM02,Inspección y mantenimiento preventivo,6.2,H,1,1000,MANT100
100,0000900795,00000001,000000800795,0010,PM02,Inspección y mantenimiento preventivo,5.5,H,1,1000,MANT100
100,0000900796,00000001,000000800796,0010,PM02,Inspección y mantenimiento preventivo,9.0,H,1,1000,MANT100
100,0000900797,00000001,000000800797,0010,PM02,Inspección y mantenimiento preventivo,4.7,H,1,1000,MANT100
100,0000900798,00000001,000000800798,0010,PM02,Inspección y mantenimiento preventivo,4.8,H,1,1000,MANT100
100,0000900799,00000001,000000800799,0010,PM02,Inspección y mantenimiento preventivo,7.6,H,1,1000,MANT100
100,0000900800,00000001,000000800800,0010,PM02,Inspección y mantenimiento preventivo,7.2,H,1,1000,MANT100
100,0000900801,00000001,000000800801,0010,PM02,Inspección y mantenimiento preventivo,7.8,H,1,1000,MANT100
100,0000900802,00000001,000000800802,0010,PM02,Inspección y mantenimiento preventivo,5.5,H,1,1000,MANT100
100,0000900803,00000001,000000800803,0010,PM02,Inspección y mantenimiento preventivo,5.0,H,1,1000,MANT100
100,0000900804,00000001,000000800804,0010,PM02,Inspección y mantenimiento preventivo,5.3,H,1,1000,MANT100
100,0000900805,00000001,000000800805,0010,PM02,Inspección y mantenimiento preventivo,7.0,H,1,1000,MANT100
100,0000900806,00000001,000000800806,0010,PM02,Inspección y mantenimiento preventivo,7.2,H,1,1000,MANT100
100,0000900807,00000001,000000800807,0010,PM02,Inspección y mantenimiento preventivo,5.9,H,1,1000,MANT100
100,0000900808,00000001,000000800808,0010,PM02,Inspección y mantenimiento preventivo,4.7,H,1,1000,MANT100
100,0000900809,00000001,000000800809,0010,PM02,Inspección y mantenimiento preventivo,7.5,H,1,1000,MANT100
100,0000900810,00000001,000000800810,0010,PM02,Inspección y mantenimiento preventivo,5.0,H,1,1000,MANT100
100,0000900811,00000001,000000800811,0010,PM02,Inspección y mantenimiento preventivo,4.0,H,1,1000,MANT100
100,0000900812,00000001,000000800812,0010,PM02,Inspección y mantenimiento preventivo,5.6,H,1,1000,MANT100
100,0000900813,00000001,000000800813,0010,PM02,Inspección y mantenimiento preventivo,10.3,H,1,1000,MANT100
100,0000900814,00000001,000000800814,0010,PM02,Inspección y mantenimiento preventivo,8.5,H,1,1000,MANT100
100,0000900815,00000001,000000800815,0010,PM02,Inspección y mantenimiento preventivo,7.4,H,1,1000,MANT100
100,0000900816,00000001,000000800816,0010,PM02,Inspección y mantenimiento preventivo,6.8,H,1,1000,MANT100
100,0000900817,00000001,000000800817,0010,PM02,Inspección y mantenimiento preventivo,7.2,H,1,1000,MANT100
