MANDT,BUKRS,KUNNR,UMSKS,UMSKZ,AUGDT,AUGBL,ZUONR,GJAHR,BELNR,BUZEI,BUDAT,BLDAT,WAERS,BLART,MONAT,BSCHL,SHKZG,DMBTR,WRBTR,FAEDT,ZFBDT,ZBD1T,XBLNR
100,3000,0000010025,,,20250731,0100001494,0100001495,2025,0100001495,001,20250622,20250622,USD,DR,06,01,S,155688.1,155688.1,20250722,20250622,30,0001000539
100,3000,0000010002,,,20250110,0100001496,0100001497,2024,0100001497,001,20240621,20240621,USD,DR,06,01,S,253671.76,253671.76,20240919,20240621,90,0001000173
100,3000,0000010000,,,20250905,0100001498,0100001499,2025,0100001499,001,20250516,20250516,USD,DR,05,01,S,169189.03,169189.03,20250814,20250516,90,0001000502
100,3000,0000010024,,,20251017,0100001500,0100001501,2025,0100001501,001,20250327,20250327,USD,DR,03,01,S,100157.51,100157.51,20250426,20250327,30,0001000452
100,3000,0000010000,,,,,0100001502,2025,0100001502,001,20251022,20251022,USD,DR,10,01,S,412014.27,412014.27,20260120,20251022,90,0001000661
100,3000,0000010001,,,20250407,0100001503,0100001504,2024,0100001504,001,20240813,20240813,USD,DR,08,01,S,252308.53,252308.53,20241111,20240813,90,0001000226
100,3000,0000010000,,,20250427,0100001505,0100001506,2024,0100001506,001,20241029,20241029,USD,DR,10,01,S,274469.57,274469.57,20250127,20241029,90,0001000303
100,3000,0000010004,,,20250923,0100001507,0100001508,2025,0100001508,001,20250401,20250401,USD,DR,04,01,S,152451.27,152451.27,20250501,20250401,30,0001000457
100,3000,0000010041,,,20250702,0100001509,0100001510,2025,0100001510,001,20250419,20250419,USD,DR,04,01,S,333886.77,333886.77,20250519,20250419,30,0001000475
100,3000,0000010000,,,20250816,0100001511,0100001512,2024,0100001512,001,20241022,20241022,USD,DR,10,01,S,495212.39,495212.39,20250120,20241022,90,0001000296
100,3000,0000010039,,,20251223,0100001513,0100001514,2025,0100001514,001,20250825,20250825,USD,DR,08,01,S,276486.56,276486.56,20250924,20250825,30,0001000603
100,3000,0000010000,,,20250811,0100001515,0100001516,2025,0100001516,001,20250303,20250303,USD,DR,03,01,S,443315.67,443315.67,20250601,20250303,90,0001000428
100,3000,0000010037,,,20250715,0100001517,0100001518,2025,0100001518,001,20250324,20250324,USD,DR,03,01,S,167013.25,167013.25,20250423,20250324,30,0001000449
100,3000,0000010037,,,20251118,0100001519,0100001520,2025,0100001520,001,20250614,20250614,USD,DR,06,01,S,420452.13,420452.13,20250714,20250614,30,0001000531
100,3000,0000010000,,,20250328,0100001521,0100001522,2024,0100001522,001,20241025,20241025,USD,DR,10,01,S,324834.8,324834.8,20250123,20241025,90,0001000299
100,3000,0000010000,,,20250822,0100001523,0100001524,2025,0100001524,001,20250118,20250118,USD,DR,01,01,S,472949.82,472949.82,20250418,20250118,90,0001000384
100,3000,0000010000,,,20250313,0100001525,0100001526,2024,0100001526,001,20240508,20240508,USD,DR,05,01,S,113589.17,113589.17,20240806,20240508,90,0001000129
100,3000,0000010009,,,20250805,0100001527,0100001528,2025,0100001528,001,20250418,20250418,USD,DR,04,01,S,63400.58,63400.58,20250518,20250418,30,0001000474
100,3000,0000010000,,,20250725,0100001529,0100001530,2024,0100001530,001,20240828,20240828,USD,DR,08,01,S,128237.59,128237.59,20241126,20240828,90,0001000241
100,3000,0000010031,,,,,0100001531,2025,0100001531,001,20251209,20251209,USD,DR,12,01,S,462450.0,462450.0,20260108,20251209,30,0001000709
100,3000,0000010002,,,20250116,0100001532,0100001533,2024,0100001533,001,20240905,20240905,USD,DR,09,01,S,401891.15,401891.15,20241204,20240905,90,0001000249
100,3000,0000010035,,,20251227,0100001534,0100001535,2025,0100001535,001,20251019,20251019,USD,DR,10,01,S,423054.56,423054.56,20251118,20251019,30,0001000658
100,3000,0000010000,,,,,0100001536,2025,0100001536,001,20251011,20251011,USD,DR,10,01,S,325273.19,325273.19,20260109,20251011,90,0001000650
100,3000,0000010002,,,,,0100001537,2025,0100001537,001,20251017,20251017,USD,DR,10,01,S,97167.55,97167.55,20260115,20251017,90,0001000656
100,3000,0000010001,,,20250912,0100001538,0100001539,2024,0100001539,001,20240414,20240414,USD,DR,04,01,S,464075.79,464075.79,20240713,20240414,90,0001000105
100,3000,0000010002,,,,,0100001540,2025,0100001540,001,20251208,20251208,USD,DR,12,01,S,349157.05,349157.05,20260308,20251208,90,0001000708
100,3000,0000010040,,,20250718,0100001541,0100001542,2025,0100001542,001,20250612,20250612,USD,DR,06,01,S,315286.12,315286.12,20250712,20250612,30,0001000529
100,3000,0000010002,,,20251117,0100001543,0100001544,2025,0100001544,001,20250616,20250616,USD,DR,06,01,S,418486.66,418486.66,20250914,20250616,90,0001000533
100,3000,0000010033,,,20240617,0100001545,0100001546,2024,0100001546,001,20240417,20240417,USD,DR,04,01,S,319909.5,319909.5,20240517,20240417,30,0001000108
100,3000,0000010002,,,20251203,0100001547,0100001548,2024,0100001548,001,20241121,20241121,USD,DR,11,01,S,375723.95,375723.95,20250219,20241121,90,0001000326
100,3000,0000010000,,,20250805,0100001549,0100001550,2025,0100001550,001,20250301,20250301,USD,DR,03,01,S,58735.84,58735.84,20250530,20250301,90,0001000426
100,3000,0000010049,,,20250813,0100001551,0100001552,2025,0100001552,001,20250522,20250522,USD,DR,05,01,S,154006.06,154006.06,20250621,20250522,30,0001000508
100,3000,0000010002,,,20250529,0100001553,0100001554,2024,0100001554,001,20241130,20241130,USD,DR,11,01,S,246916.15,246916.15,20250228,20241130,90,0001000335
100,3000,0000010000,,,20250602,0100001555,0100001556,2024,0100001556,001,20241018,20241018,USD,DR,10,01,S,399969.33,399969.33,20250116,20241018,90,0001000292
100,3000,0000010049,,,20250505,0100001557,0100001558,2024,0100001558,001,20240503,20240503,USD,DR,05,01,S,423078.25,423078.25,20240602,20240503,30,0001000124
100,3000,0000010035,,,20241209,0100001559,0100001560,2024,0100001560,001,20240806,20240806,USD,DR,08,01,S,267756.79,267756.79,20240905,20240806,30,0001000219
100,3000,0000010005,,,20251112,0100001561,0100001562,2024,0100001562,001,20241209,20241209,USD,DR,12,01,S,166546.27,166546.27,20250108,20241209,30,0001000344
100,3000,0000010001,,,20250726,0100001563,0100001564,2024,0100001564,001,20241010,20241010,USD,DR,10,01,S,269836.68,269836.68,20250108,20241010,90,0001000284
100,3000,0000010000,,,,,0100001565,2025,0100001565,001,20251004,20251004,USD,DR,10,01,S,408766.87,408766.87,20260102,20251004,90,0001000643
100,3000,0000010001,,,,,0100001566,2025,0100001566,001,20251010,20251010,USD,DR,10,01,S,360277.19,360277.19,20260108,20251010,90,0001000649
100,3000,0000010023,,,20250929,0100001567,0100001568,2024,0100001568,001,20241226,20241226,USD,DR,12,01,S,130752.09,130752.09,20250125,20241226,30,0001000361
100,3000,0000010002,,,20250531,0100001569,0100001570,2024,0100001570,001,20241217,20241217,USD,DR,12,01,S,95858.91,95858.91,20250317,20241217,90,0001000352
100,3000,0000010043,,,20251218,0100001571,0100001572,2025,0100001572,001,20251108,20251108,USD,DR,11,01,S,498501.23,498501.23,20251208,20251108,30,0001000678
100,3000,0000010001,,,,,0100001573,2025,0100001573,001,20251219,20251219,USD,DR,12,01,S,157150.68,157150.68,20260319,20251219,90,0001000719
100,3000,0000010002,,,20251212,0100001574,0100001575,2025,0100001575,001,20250903,20250903,USD,DR,09,01,S,72583.07,72583.07,20251202,20250903,90,0001000612
100,3000,0000010000,,,20250804,0100001576,0100001577,2025,0100001577,001,20250412,20250412,USD,DR,04,01,S,226558.18,226558.18,20250711,20250412,90,0001000468
100,3000,0000010000,,,,,0100001578,2025,0100001578,001,20251014,20251014,USD,DR,10,01,S,439290.72,439290.72,20260112,20251014,90,0001000653
100,3000,0000010001,,,20241108,0100001579,0100001580,2024,0100001580,001,20240131,20240131,USD,DR,01,01,S,399791.98,399791.98,20240430,20240131,90,0001000031
100,3000,0000010019,,,20250702,0100001581,0100001582,2025,0100001582,001,20250416,20250416,USD,DR,04,01,S,305014.21,305014.21,20250516,20250416,30,0001000472
100,3000,0000010000,,,20251220,0100001583,0100001584,2025,0100001584,001,20250907,20250907,USD,DR,09,01,S,164121.08,164121.08,20251206,20250907,90,0001000616
100,3000,0000010002,,,20240907,0100001585,0100001586,2024,0100001586,001,20240303,20240303,USD,DR,03,01,S,88405.01,88405.01,20240601,20240303,90,0001000063
100,3000,0000010002,,,20251109,0100001587,0100001588,2025,0100001588,001,20250502,20250502,USD,DR,05,01,S,202213.22,202213.22,20250731,20250502,90,0001000488
100,3000,0000010001,,,20251222,0100001589,0100001590,2025,0100001590,001,20250328,20250328,USD,DR,03,01,S,494909.99,494909.99,20250626,20250328,90,0001000453
100,3000,0000010000,,,,,0100001591,2025,0100001591,001,20251210,20251210,USD,DR,12,01,S,401613.15,401613.15,20260310,20251210,90,0001000710
100,3000,0000010001,,,20250801,0100001592,0100001593,2024,0100001593,001,20240226,20240226,USD,DR,02,01,S,51896.51,51896.51,20240526,20240226,90,0001000057
100,3000,0000010014,,,20250704,0100001594,0100001595,2024,0100001595,001,20241112,20241112,USD,DR,11,01,S,128070.62,128070.62,20241212,20241112,30,0001000317
100,3000,0000010001,,,,,0100001596,2025,0100001596,001,20251008,20251008,USD,DR,10,01,S,481604.96,481604.96,20260106,20251008,90,0001000647
100,3000,0000010000,,,,,0100001597,2025,0100001597,001,20251206,20251206,USD,DR,12,01,S,424959.66,424959.66,20260306,20251206,90,0001000706
100,3000,0000010035,,,20250801,0100001598,0100001599,2025,0100001599,001,20250117,20250117,USD,DR,01,01,S,445435.73,445435.73,20250216,20250117,30,0001000383
100,3000,0000010001,,,20250704,0100001600,0100001601,2024,0100001601,001,20241211,20241211,USD,DR,12,01,S,139682.59,139682.59,20250311,20241211,90,0001000346
100,3000,0000010000,,,20250606,0100001602,0100001603,2024,0100001603,001,20240803,20240803,USD,DR,08,01,S,241742.92,241742.92,20241101,20240803,90,0001000216
100,3000,0000010021,,,20240302,0100001604,0100001605,2024,0100001605,001,20240128,20240128,USD,DR,01,01,S,477204.1,477204.1,20240227,20240128,30,0001000028
100,3000,0000010022,,,20250203,0100001606,0100001607,2024,0100001607,001,20240121,20240121,USD,DR,01,01,S,422573.45,422573.45,20240220,20240121,30,0001000021
100,3000,0000010001,,,20250508,0100001608,0100001609,2024,0100001609,001,20240313,20240313,USD,DR,03,01,S,429725.34,429725.34,20240611,20240313,90,0001000073
100,3000,0000010039,,,20251121,0100001610,0100001611,2025,0100001611,001,20250511,20250511,USD,DR,05,01,S,308732.91,308732.91,20250610,20250511,30,0001000497
100,3000,0000010021,,,20250308,0100001612,0100001613,2024,0100001613,001,20240719,20240719,USD,DR,07,01,S,384741.89,384741.89,20240818,20240719,30,0001000201
100,3000,0000010000,,,20251117,0100001614,0100001615,2024,0100001615,001,20240416,20240416,USD,DR,04,01,S,79563.75,79563.75,20240715,20240416,90,0001000107
100,3000,0000010002,,,20251207,0100001616,0100001617,2024,0100001617,001,20240925,20240925,USD,DR,09,01,S,92075.83,92075.83,20241224,20240925,90,0001000269
100,3000,0000010002,,,,,0100001618,2025,0100001618,001,20251026,20251026,USD,DR,10,01,S,88572.69,88572.69,20260124,20251026,90,0001000665
100,3000,0000010028,,,20241117,0100001619,0100001620,2024,0100001620,001,20240603,20240603,USD,DR,06,01,S,346259.74,346259.74,20240703,20240603,30,0001000155
100,3000,0000010002,,,20251119,0100001621,0100001622,2025,0100001622,001,20250427,20250427,USD,DR,04,01,S,119769.54,119769.54,20250726,20250427,90,0001000483
100,3000,0000010002,,,20251005,0100001623,0100001624,2024,0100001624,001,20240625,20240625,USD,DR,06,01,S,308007.74,308007.74,20240923,20240625,90,0001000177
100,3000,0000010002,,,20250508,0100001625,0100001626,2024,0100001626,001,20241225,20241225,USD,DR,12,01,S,291802.05,291802.05,20250325,20241225,90,0001000360
100,3000,0000010015,,,20251113,0100001627,0100001628,2025,0100001628,001,20250824,20250824,USD,DR,08,01,S,198327.31,198327.31,20250923,20250824,30,0001000602
100,3000,0000010001,,,20250331,0100001629,0100001630,2024,0100001630,001,20240628,20240628,USD,DR,06,01,S,437165.89,437165.89,20240926,20240628,90,0001000180
100,3000,0000010002,,,20250913,0100001631,0100001632,2024,0100001632,001,20240421,20240421,USD,DR,04,01,S,471767.72,471767.72,20240720,20240421,90,0001000112
100,3000,0000010001,,,,,0100001633,2025,0100001633,001,20251015,20251015,USD,DR,10,01,S,244683.99,244683.99,20260113,20251015,90,0001000654
100,3000,0000010032,,,20250719,0100001634,0100001635,2024,0100001635,001,20240706,20240706,USD,DR,07,01,S,498603.13,498603.13,20240805,20240706,30,0001000188
100,3000,0000010004,,,20251219,0100001636,0100001637,2025,0100001637,001,20250811,20250811,USD,DR,08,01,S,78507.94,78507.94,20250910,20250811,30,0001000589
100,3000,0000010046,,,20251126,0100001638,0100001639,2025,0100001639,001,20251003,20251003,USD,DR,10,01,S,256156.96,256156.96,20251102,20251003,30,0001000642
100,3000,0000010000,,,20251211,0100001640,0100001641,2025,0100001641,001,20250721,20250721,USD,DR,07,01,S,341962.18,341962.18,20251019,20250721,90,0001000568
100,3000,0000010000,,,20251001,0100001642,0100001643,2024,0100001643,001,20241231,20241231,USD,DR,12,01,S,209837.5,209837.5,20250331,20241231,90,0001000366
100,3000,0000010042,,,20251219,0100001644,0100001645,2025,0100001645,001,20250126,20250126,USD,DR,01,01,S,83852.49,83852.49,20250225,20250126,30,0001000392
100,3000,0000010000,,,20251201,0100001646,0100001647,2025,0100001647,001,20250403,20250403,USD,DR,04,01,S,220591.6,220591.6,20250702,20250403,90,0001000459
100,3000,0000010001,,,20251004,0100001648,0100001649,2024,0100001649,001,20240510,20240510,USD,DR,05,01,S,235606.32,235606.32,20240808,20240510,90,0001000131
100,3000,0000010001,,,20250803,0100001650,0100001651,2024,0100001651,001,20240921,20240921,USD,DR,09,01,S,232687.87,232687.87,20241220,20240921,90,0001000265
100,3000,0000010002,,,20241127,0100001652,0100001653,2024,0100001653,001,20240223,20240223,USD,DR,02,01,S,112060.23,112060.23,20240523,20240223,90,0001000054
100,3000,0000010029,,,20250821,0100001654,0100001655,2025,0100001655,001,20250110,20250110,USD,DR,01,01,S,173632.47,173632.47,20250209,20250110,30,0001000376
100,3000,0000010000,,,20250912,0100001656,0100001657,2025,0100001657,001,20250109,20250109,USD,DR,01,01,S,307445.36,307445.36,20250409,20250109,90,0001000375
100,3000,0000010002,,,20250909,0100001658,0100001659,2024,0100001659,001,20241216,20241216,USD,DR,12,01,S,358827.06,358827.06,20250316,20241216,90,0001000351
100,3000,0000010002,,,20251120,0100001660,0100001661,2024,0100001661,001,20240615,20240615,USD,DR,06,01,S,180192.49,180192.49,20240913,20240615,90,0001000167
100,3000,0000010000,,,,,0100001662,2025,0100001662,001,20251129,20251129,USD,DR,11,01,S,252640.56,252640.56,20260227,20251129,90,0001000699
100,3000,0000010000,,,,,0100001663,2025,0100001663,001,20251203,20251203,USD,DR,12,01,S,52038.69,52038.69,20260303,20251203,90,0001000703
100,3000,0000010000,,,20251030,0100001664,0100001665,2025,0100001665,001,20250525,20250525,USD,DR,05,01,S,138695.98,138695.98,20250823,20250525,90,0001000511
100,3000,0000010024,,,20251115,0100001666,0100001667,2025,0100001667,001,20250425,20250425,USD,DR,04,01,S,163373.73,163373.73,20250525,20250425,30,0001000481
100,3000,0000010001,,,,,0100001668,2025,0100001668,001,20251222,20251222,USD,DR,12,01,S,119785.16,119785.16,20260322,20251222,90,0001000722
100,3000,0000010001,,,20251212,0100001669,0100001670,2025,0100001670,001,20250628,20250628,USD,DR,06,01,S,96614.2,96614.2,20250926,20250628,90,0001000545
100,3000,0000010002,,,20251029,0100001671,0100001672,2024,0100001672,001,20241229,20241229,USD,DR,12,01,S,119899.57,119899.57,20250329,20241229,90,0001000364
100,3000,0000010000,,,20250804,0100001673,0100001674,2025,0100001674,001,20250317,20250317,USD,DR,03,01,S,103838.4,103838.4,20250615,20250317,90,0001000442
100,3000,0000010002,,,20251019,0100001675,0100001676,2024,0100001676,001,20241124,20241124,USD,DR,11,01,S,261218.94,261218.94,20250222,20241124,90,0001000329
100,3000,0000010001,,,20250123,0100001677,0100001678,2024,0100001678,001,20240608,20240608,USD,DR,06,01,S,368691.07,368691.07,20240906,20240608,90,0001000160
100,3000,0000010001,,,20250726,0100001679,0100001680,2025,0100001680,001,20250217,20250217,USD,DR,02,01,S,116561.43,116561.43,20250518,20250217,90,0001000414
100,3000,0000010000,,,20250424,0100001681,0100001682,2024,0100001682,001,20241111,20241111,USD,DR,11,01,S,94444.32,94444.32,20250209,20241111,90,0001000316
100,3000,0000010027,,,20251114,0100001683,0100001684,2025,0100001684,001,20250922,20250922,USD,DR,09,01,S,355877.21,355877.21,20251022,20250922,30,0001000631
100,3000,0000010000,,,20250309,0100001685,0100001686,2024,0100001686,001,20241003,20241003,USD,DR,10,01,S,485178.2,485178.2,20250101,20241003,90,0001000277
100,3000,0000010033,,,20241102,0100001687,0100001688,2024,0100001688,001,20240809,20240809,USD,DR,08,01,S,414537.63,414537.63,20240908,20240809,30,0001000222
100,3000,0000010000,,,,,0100001689,2025,0100001689,001,20251118,20251118,USD,DR,11,01,S,407281.34,407281.34,20260216,20251118,90,0001000688
100,3000,0000010000,,,20251226,0100001690,0100001691,2025,0100001691,001,20250920,20250920,USD,DR,09,01,S,136309.56,136309.56,20251219,20250920,90,0001000629
100,3000,0000010006,,,20251214,0100001692,0100001693,2024,0100001693,001,20240607,20240607,USD,DR,06,01,S,91689.95,91689.95,20240707,20240607,30,0001000159
100,3000,0000010001,,,20251201,0100001694,0100001695,2025,0100001695,001,20250601,20250601,USD,DR,06,01,S,443243.9,443243.9,20250830,20250601,90,0001000518
100,3000,0000010027,,,20240715,0100001696,0100001697,2024,0100001697,001,20240518,20240518,USD,DR,05,01,S,462542.11,462542.11,20240617,20240518,30,0001000139
100,3000,0000010001,,,20250113,0100001698,0100001699,2024,0100001699,001,20240606,20240606,USD,DR,06,01,S,249690.6,249690.6,20240904,20240606,90,0001000158
100,3000,0000010002,,,20240808,0100001700,0100001701,2024,0100001701,001,20240125,20240125,USD,DR,01,01,S,254165.6,254165.6,20240424,20240125,90,0001000025
100,3000,0000010002,,,20241126,0100001702,0100001703,2024,0100001703,001,20240708,20240708,USD,DR,07,01,S,64064.75,64064.75,20241006,20240708,90,0001000190
100,3000,0000010001,,,,,0100001704,2025,0100001704,001,20251105,20251105,USD,DR,11,01,S,129495.57,129495.57,20260203,20251105,90,0001000675
100,3000,0000010002,,,20250531,0100001705,0100001706,2024,0100001706,001,20240222,20240222,USD,DR,02,01,S,293202.1,293202.1,20240522,20240222,90,0001000053
100,3000,0000010001,,,20251019,0100001707,0100001708,2024,0100001708,001,20241008,20241008,USD,DR,10,01,S,197117.58,197117.58,20250106,20241008,90,0001000282
100,3000,0000010001,,,20251113,0100001709,0100001710,2024,0100001710,001,20240315,20240315,USD,DR,03,01,S,380993.78,380993.78,20240613,20240315,90,0001000075
100,3000,0000010000,,,20241129,0100001711,0100001712,2024,0100001712,001,20240104,20240104,USD,DR,01,01,S,125731.22,125731.22,20240403,20240104,90,0001000004
100,3000,0000010002,,,20250627,0100001713,0100001714,2025,0100001714,001,20250304,20250304,USD,DR,03,01,S,60978.07,60978.07,20250602,20250304,90,0001000429
100,3000,0000010022,,,20250504,0100001715,0100001716,2024,0100001716,001,20241026,20241026,USD,DR,10,01,S,143271.75,143271.75,20241125,20241026,30,0001000300
100,3000,0000010003,,,20251017,0100001717,0100001718,2025,0100001718,001,20250807,20250807,USD,DR,08,01,S,89409.59,89409.59,20250906,20250807,30,0001000585
100,3000,0000010010,,,20250710,0100001719,0100001720,2025,0100001720,001,20250219,20250219,USD,DR,02,01,S,193022.22,193022.22,20250321,20250219,30,0001000416
100,3000,0000010000,,,20250722,0100001721,0100001722,2024,0100001722,001,20240212,20240212,USD,DR,02,01,S,379339.16,379339.16,20240512,20240212,90,0001000043
100,3000,0000010032,,,20251101,0100001723,0100001724,2025,0100001724,001,20250413,20250413,USD,DR,04,01,S,369034.95,369034.95,20250513,20250413,30,0001000469
100,3000,0000010031,,,20250301,0100001725,0100001726,2024,0100001726,001,20240614,20240614,USD,DR,06,01,S,79447.29,79447.29,20240714,20240614,30,0001000166
100,3000,0000010001,,,20251201,0100001727,0100001728,2025,0100001728,001,20250120,20250120,USD,DR,01,01,S,483367.03,483367.03,20250420,20250120,90,0001000386
100,3000,0000010000,,,20250416,0100001729,0100001730,2024,0100001730,001,20241214,20241214,USD,DR,12,01,S,452221.1,452221.1,20250314,20241214,90,0001000349
100,3000,0000010002,,,20250320,0100001731,0100001732,2024,0100001732,001,20240609,20240609,USD,DR,06,01,S,153605.02,153605.02,20240907,20240609,90,0001000161
100,3000,0000010002,,,20241219,0100001733,0100001734,2024,0100001734,001,20240304,20240304,USD,DR,03,01,S,391865.12,391865.12,20240602,20240304,90,0001000064
100,3000,0000010001,,,20250411,0100001735,0100001736,2024,0100001736,001,20240419,20240419,USD,DR,04,01,S,250807.78,250807.78,20240718,20240419,90,0001000110
100,3000,0000010026,,,20241224,0100001737,0100001738,2024,0100001738,001,20241012,20241012,USD,DR,10,01,S,365708.14,365708.14,20241111,20241012,30,0001000286
100,3000,0000010002,,,20251227,0100001739,0100001740,2025,0100001740,001,20250609,20250609,USD,DR,06,01,S,167210.86,167210.86,20250907,20250609,90,0001000526
100,3000,0000010032,,,20250710,0100001741,0100001742,2025,0100001742,001,20250417,20250417,USD,DR,04,01,S,159398.64,159398.64,20250517,20250417,30,0001000473
100,3000,0000010002,,,20251113,0100001743,0100001744,2025,0100001744,001,20250305,20250305,USD,DR,03,01,S,335191.63,335191.63,20250603,20250305,90,0001000430
100,3000,0000010000,,,20241104,0100001745,0100001746,2024,0100001746,001,20240218,20240218,USD,DR,02,01,S,195641.05,195641.05,20240518,20240218,90,0001000049
100,3000,0000010000,,,20250622,0100001747,0100001748,2025,0100001748,001,20250225,20250225,USD,DR,02,01,S,268144.09,268144.09,20250526,20250225,90,0001000422
100,3000,0000010034,,,20250820,0100001749,0100001750,2025,0100001750,001,20250407,20250407,USD,DR,04,01,S,295029.72,295029.72,20250507,20250407,30,0001000463
100,3000,0000010001,,,20250203,0100001751,0100001752,2024,0100001752,001,20240825,20240825,USD,DR,08,01,S,360201.98,360201.98,20241123,20240825,90,0001000238
100,3000,0000010030,,,20250531,0100001753,0100001754,2025,0100001754,001,20250325,20250325,USD,DR,03,01,S,64672.57,64672.57,20250424,20250325,30,0001000450
100,3000,0000010001,,,20250624,0100001755,0100001756,2024,0100001756,001,20240623,20240623,USD,DR,06,01,S,109828.15,109828.15,20240921,20240623,90,0001000175
100,3000,0000010005,,,20251223,0100001757,0100001758,2025,0100001758,001,20251103,20251103,USD,DR,11,01,S,316340.41,316340.41,20251203,20251103,30,0001000673
100,3000,0000010000,,,20250119,0100001759,0100001760,2024,0100001760,001,20240204,20240204,USD,DR,02,01,S,203446.36,203446.36,20240504,20240204,90,0001000035
100,3000,0000010000,,,,,0100001761,2025,0100001761,001,20251107,20251107,USD,DR,11,01,S,297975.27,297975.27,20260205,20251107,90,0001000677
100,3000,0000010000,,,20241221,0100001762,0100001763,2024,0100001763,001,20240901,20240901,USD,DR,09,01,S,128175.9,128175.9,20241130,20240901,90,0001000245
100,3000,0000010000,,,20250531,0100001764,0100001765,2024,0100001765,001,20240613,20240613,USD,DR,06,01,S,469035.38,469035.38,20240911,20240613,90,0001000165
100,3000,0000010001,,,20250718,0100001766,0100001767,2024,0100001767,001,20240430,20240430,USD,DR,04,01,S,257387.67,257387.67,20240729,20240430,90,0001000121
100,3000,0000010000,,,,,0100001768,2025,0100001768,001,20251013,20251013,USD,DR,10,01,S,353426.61,353426.61,20260111,20251013,90,0001000652
100,3000,0000010014,,,20251004,0100001769,0100001770,2025,0100001770,001,20250203,20250203,USD,DR,02,01,S,307806.66,307806.66,20250305,20250203,30,0001000400
100,3000,0000010001,,,20251002,0100001771,0100001772,2024,0100001772,001,20240718,20240718,USD,DR,07,01,S,491046.44,491046.44,20241016,20240718,90,0001000200
100,3000,0000010000,,,20251022,0100001773,0100001774,2024,0100001774,001,20240702,20240702,USD,DR,07,01,S,303885.08,303885.08,20240930,20240702,90,0001000184
100,3000,0000010000,,,20251107,0100001775,0100001776,2024,0100001776,001,20240301,20240301,USD,DR,03,01,S,487335.27,487335.27,20240530,20240301,90,0001000061
100,3000,0000010001,,,,,0100001777,2025,0100001777,001,20251216,20251216,USD,DR,12,01,S,242249.09,242249.09,20260316,20251216,90,0001000716
100,3000,0000010002,,,20240928,0100001778,0100001779,2024,0100001779,001,20240102,20240102,USD,DR,01,01,S,216116.28,216116.28,20240401,20240102,90,0001000002
100,3000,0000010001,,,20250820,0100001780,0100001781,2025,0100001781,001,20250308,20250308,USD,DR,03,01,S,318614.89,318614.89,20250606,20250308,90,0001000433
100,3000,0000010000,,,20250629,0100001782,0100001783,2024,0100001783,001,20241221,20241221,USD,DR,12,01,S,98050.27,98050.27,20250321,20241221,90,0001000356
100,3000,0000010029,,,20251106,0100001784,0100001785,2025,0100001785,001,20250830,20250830,USD,DR,08,01,S,195009.37,195009.37,20250929,20250830,30,0001000608
100,3000,0000010001,,,20251113,0100001786,0100001787,2025,0100001787,001,20250210,20250210,USD,DR,02,01,S,238203.4,238203.4,20250511,20250210,90,0001000407
100,3000,0000010002,,,20250527,0100001788,0100001789,2025,0100001789,001,20250201,20250201,USD,DR,02,01,S,140138.76,140138.76,20250502,20250201,90,0001000398
100,3000,0000010002,,,20251012,0100001790,0100001791,2024,0100001791,001,20240426,20240426,USD,DR,04,01,S,99940.57,99940.57,20240725,20240426,90,0001000117
100,3000,0000010000,,,,,0100001792,2025,0100001792,001,20251125,20251125,USD,DR,11,01,S,150366.54,150366.54,20260223,20251125,90,0001000695
100,3000,0000010031,,,20251203,0100001793,0100001794,2025,0100001794,001,20250707,20250707,USD,DR,07,01,S,361549.33,361549.33,20250806,20250707,30,0001000554
100,3000,0000010002,,,,,0100001795,2025,0100001795,001,20251204,20251204,USD,DR,12,01,S,431916.31,431916.31,20260304,20251204,90,0001000704
100,3000,0000010029,,,20241126,0100001796,0100001797,2024,0100001797,001,20240916,20240916,USD,DR,09,01,S,243984.23,243984.23,20241016,20240916,30,0001000260
100,3000,0000010040,,,20250612,0100001798,0100001799,2024,0100001799,001,20241006,20241006,USD,DR,10,01,S,421715.32,421715.32,20241105,20241006,30,0001000280
100,3000,0000010001,,,,,0100001800,2025,0100001800,001,20251020,20251020,USD,DR,10,01,S,193422.82,193422.82,20260118,20251020,90,0001000659
100,3000,0000010002,,,20250410,0100001801,0100001802,2024,0100001802,001,20240509,20240509,USD,DR,05,01,S,151932.56,151932.56,20240807,20240509,90,0001000130
100,3000,0000010002,,,20251023,0100001803,0100001804,2024,0100001804,001,20240810,20240810,USD,DR,08,01,S,58927.37,58927.37,20241108,20240810,90,0001000223
100,3000,0000010002,,,20251124,0100001805,0100001806,2025,0100001806,001,20250727,20250727,USD,DR,07,01,S,222148.96,222148.96,20251025,20250727,90,0001000574
100,3000,0000010002,,,20250121,0100001807,0100001808,2024,0100001808,001,20240913,20240913,USD,DR,09,01,S,107174.16,107174.16,20241212,20240913,90,0001000257
100,3000,0000010024,,,20251020,0100001809,0100001810,2024,0100001810,001,20240927,20240927,USD,DR,09,01,S,166847.71,166847.71,20241027,20240927,30,0001000271
100,3000,0000010001,,,20240616,0100001811,0100001812,2024,0100001812,001,20240314,20240314,USD,DR,03,01,S,237921.93,237921.93,20240612,20240314,90,0001000074
100,3000,0000010036,,,20250602,0100001813,0100001814,2024,0100001814,001,20240415,20240415,USD,DR,04,01,S,483467.21,483467.21,20240515,20240415,30,0001000106
100,3000,0000010023,,,20251204,0100001815,0100001816,2025,0100001816,001,20251031,20251031,USD,DR,10,01,S,128335.86,128335.86,20251130,20251031,30,0001000670
100,3000,0000010000,,,,,0100001817,2025,0100001817,001,20251115,20251115,USD,DR,11,01,S,254043.35,254043.35,20260213,20251115,90,0001000685
100,3000,0000010001,,,20251214,0100001818,0100001819,2025,0100001819,001,20250813,20250813,USD,DR,08,01,S,416885.83,416885.83,20251111,20250813,90,0001000591
100,3000,0000010021,,,20251103,0100001820,0100001821,2024,0100001821,001,20240203,20240203,USD,DR,02,01,S,186159.68,186159.68,20240304,20240203,30,0001000034
100,3000,0000010043,,,20250803,0100001822,0100001823,2025,0100001823,001,20250704,20250704,USD,DR,07,01,S,348370.55,348370.55,20250803,20250704,30,0001000551
100,3000,0000010008,,,20250904,0100001824,0100001825,2025,0100001825,001,20250119,20250119,USD,DR,01,01,S,329806.95,329806.95,20250218,20250119,30,0001000385
100,3000,0000010002,,,20251209,0100001826,0100001827,2025,0100001827,001,20250518,20250518,USD,DR,05,01,S,113192.04,113192.04,20250816,20250518,90,0001000504
100,3000,0000010002,,,20251229,0100001828,0100001829,2025,0100001829,001,20250921,20250921,USD,DR,09,01,S,241782.84,241782.84,20251220,20250921,90,0001000630
100,3000,0000010041,,,20250914,0100001830,0100001831,2025,0100001831,001,20250710,20250710,USD,DR,07,01,S,434321.48,434321.48,20250809,20250710,30,0001000557
100,3000,0000010000,,,20250617,0100001832,0100001833,2024,0100001833,001,20241031,20241031,USD,DR,10,01,S,90082.8,90082.8,20250129,20241031,90,0001000305
100,3000,0000010000,,,20250812,0100001834,0100001835,2024,0100001835,001,20240229,20240229,USD,DR,02,01,S,126366.48,126366.48,20240529,20240229,90,0001000060
100,3000,0000010002,,,20251127,0100001836,0100001837,2025,0100001837,001,20250817,20250817,USD,DR,08,01,S,79332.66,79332.66,20251115,20250817,90,0001000595
100,3000,0000010013,,,20241012,0100001838,0100001839,2024,0100001839,001,20240527,20240527,USD,DR,05,01,S,340188.02,340188.02,20240626,20240527,30,0001000148
100,3000,0000010002,,,20250721,0100001840,0100001841,2024,0100001841,001,20240907,20240907,USD,DR,09,01,S,298379.28,298379.28,20241206,20240907,90,0001000251
100,3000,0000010000,,,20250826,0100001842,0100001843,2024,0100001843,001,20240709,20240709,USD,DR,07,01,S,253519.16,253519.16,20241007,20240709,90,0001000191
100,3000,0000010000,,,20250805,0100001844,0100001845,2024,0100001845,001,20240408,20240408,USD,DR,04,01,S,360612.05,360612.05,20240707,20240408,90,0001000099
100,3000,0000010000,,,20251213,0100001846,0100001847,2025,0100001847,001,20250106,20250106,USD,DR,01,01,S,484057.04,484057.04,20250406,20250106,90,0001000372
100,3000,0000010000,,,20240814,0100001848,0100001849,2024,0100001849,001,20240502,20240502,USD,DR,05,01,S,449892.59,449892.59,20240731,20240502,90,0001000123
100,3000,0000010035,,,20250620,0100001850,0100001851,2025,0100001851,001,20250422,20250422,USD,DR,04,01,S,323389.77,323389.77,20250522,20250422,30,0001000478
100,3000,0000010000,,,20250430,0100001852,0100001853,2024,0100001853,001,20241118,20241118,USD,DR,11,01,S,337184.23,337184.23,20250216,20241118,90,0001000323
100,3000,0000010002,,,20250723,0100001854,0100001855,2024,0100001855,001,20240507,20240507,USD,DR,05,01,S,161043.41,161043.41,20240805,20240507,90,0001000128
100,3000,0000010002,,,20251202,0100001856,0100001857,2025,0100001857,001,20250827,20250827,USD,DR,08,01,S,253872.99,253872.99,20251125,20250827,90,0001000605
100,3000,0000010029,,,20250822,0100001858,0100001859,2025,0100001859,001,20250429,20250429,USD,DR,04,01,S,196791.78,196791.78,20250529,20250429,30,0001000485
100,3000,0000010000,,,20251101,0100001860,0100001861,2025,0100001861,001,20250803,20250803,USD,DR,08,01,S,167223.53,167223.53,20251101,20250803,90,0001000581
100,3000,0000010000,,,20251222,0100001862,0100001863,2025,0100001863,001,20250221,20250221,USD,DR,02,01,S,96263.11,96263.11,20250522,20250221,90,0001000418
100,3000,0000010000,,,20240820,0100001864,0100001865,2024,0100001865,001,20240129,20240129,USD,DR,01,01,S,182732.05,182732.05,20240428,20240129,90,0001000029
100,3000,0000010001,,,,,0100001866,2025,0100001866,001,20251102,20251102,USD,DR,11,01,S,155287.26,155287.26,20260131,20251102,90,0001000672
100,3000,0000010001,,,20251218,0100001867,0100001868,2025,0100001868,001,20250316,20250316,USD,DR,03,01,S,456159.27,456159.27,20250614,20250316,90,0001000441
100,3000,0000010036,,,20250615,0100001869,0100001870,2024,0100001870,001,20241228,20241228,USD,DR,12,01,S,71988.34,71988.34,20250127,20241228,30,0001000363
100,3000,0000010000,,,20250929,0100001871,0100001872,2024,0100001872,001,20240827,20240827,USD,DR,08,01,S,442870.73,442870.73,20241125,20240827,90,0001000240
100,3000,0000010010,,,20240828,0100001873,0100001874,2024,0100001874,001,20240323,20240323,USD,DR,03,01,S,430428.58,430428.58,20240422,20240323,30,0001000083
100,3000,0000010002,,,20250903,0100001875,0100001876,2024,0100001876,001,20241004,20241004,USD,DR,10,01,S,201334.91,201334.91,20250102,20241004,90,0001000278
100,3000,0000010009,,,20250226,0100001877,0100001878,2024,0100001878,001,20240804,20240804,USD,DR,08,01,S,248003.22,248003.22,20240903,20240804,30,0001000217
100,3000,0000010001,,,20251230,0100001879,0100001880,2025,0100001880,001,20250918,20250918,USD,DR,09,01,S,315030.2,315030.2,20251217,20250918,90,0001000627
100,3000,0000010047,,,20240927,0100001881,0100001882,2024,0100001882,001,20240701,20240701,USD,DR,07,01,S,311842.34,311842.34,20240731,20240701,30,0001000183
100,3000,0000010023,,,20250809,0100001883,0100001884,2025,0100001884,001,20250618,20250618,USD,DR,06,01,S,166099.4,166099.4,20250718,20250618,30,0001000535
100,3000,0000010002,,,20251120,0100001885,0100001886,2025,0100001886,001,20250708,20250708,USD,DR,07,01,S,470187.29,470187.29,20251006,20250708,90,0001000555
100,3000,0000010000,,,,,0100001887,2025,0100001887,001,20251130,20251130,USD,DR,11,01,S,388584.15,388584.15,20260228,20251130,90,0001000700
100,3000,0000010024,,,20251209,0100001888,0100001889,2024,0100001889,001,20240217,20240217,USD,DR,02,01,S,208685.35,208685.35,20240318,20240217,30,0001000048
100,3000,0000010030,,,20250227,0100001890,0100001891,2024,0100001891,001,20241020,20241020,USD,DR,10,01,S,233908.48,233908.48,20241119,20241020,30,0001000294
100,3000,0000010027,,,20250830,0100001892,0100001893,2025,0100001893,001,20250717,20250717,USD,DR,07,01,S,148130.7,148130.7,20250816,20250717,30,0001000564
100,3000,0000010001,,,20250523,0100001894,0100001895,2024,0100001895,001,20240321,20240321,USD,DR,03,01,S,340846.59,340846.59,20240619,20240321,90,0001000081
100,3000,0000010041,,,20240828,0100001896,0100001897,2024,0100001897,001,20240216,20240216,USD,DR,02,01,S,278191.14,278191.14,20240317,20240216,30,0001000047
100,3000,0000010046,,,20250921,0100001898,0100001899,2025,0100001899,001,20250411,20250411,USD,DR,04,01,S,133719.63,133719.63,20250511,20250411,30,0001000467
100,3000,0000010003,,,20251012,0100001900,0100001901,2025,0100001901,001,20250829,20250829,USD,DR,08,01,S,473247.48,473247.48,20250928,20250829,30,0001000607
100,3000,0000010002,,,,,0100001902,2025,0100001902,001,20251230,20251230,USD,DR,12,01,S,116856.02,116856.02,20260330,20251230,90,0001000730
100,3000,0000010044,,,20250928,0100001903,0100001904,2024,0100001904,001,20240618,20240618,USD,DR,06,01,S,268786.4,268786.4,20240718,20240618,30,0001000170
100,3000,0000010001,,,20251107,0100001905,0100001906,2025,0100001906,001,20250713,20250713,USD,DR,07,01,S,452318.13,452318.13,20251011,20250713,90,0001000560
100,3000,0000010000,,,20250619,0100001907,0100001908,2024,0100001908,001,20241014,20241014,USD,DR,10,01,S,141202.81,141202.81,20250112,20241014,90,0001000288
100,3000,0000010001,,,20250526,0100001909,0100001910,2024,0100001910,001,20240826,20240826,USD,DR,08,01,S,291101.68,291101.68,20241124,20240826,90,0001000239
100,3000,0000010002,,,20251201,0100001911,0100001912,2025,0100001912,001,20250718,20250718,USD,DR,07,01,S,327916.62,327916.62,20251016,20250718,90,0001000565
100,3000,0000010008,,,20251209,0100001913,0100001914,2025,0100001914,001,20251106,20251106,USD,DR,11,01,S,442152.55,442152.55,20251206,20251106,30,0001000676
100,3000,0000010000,,,20251115,0100001915,0100001916,2025,0100001916,001,20250421,20250421,USD,DR,04,01,S,446918.88,446918.88,20250720,20250421,90,0001000477
100,3000,0000010045,,,20250927,0100001917,0100001918,2025,0100001918,001,20250501,20250501,USD,DR,05,01,S,234182.02,234182.02,20250531,20250501,30,0001000487
100,3000,0000010010,,,20250820,0100001919,0100001920,2024,0100001920,001,20241101,20241101,USD,DR,11,01,S,212887.54,212887.54,20241201,20241101,30,0001000306
100,3000,0000010002,,,20250927,0100001921,0100001922,2025,0100001922,001,20250321,20250321,USD,DR,03,01,S,366625.9,366625.9,20250619,20250321,90,0001000446
100,3000,0000010000,,,20250819,0100001923,0100001924,2024,0100001924,001,20240619,20240619,USD,DR,06,01,S,309009.32,309009.32,20240917,20240619,90,0001000171
100,3000,0000010012,,,20251220,0100001925,0100001926,2025,0100001926,001,20251116,20251116,USD,DR,11,01,S,200347.02,200347.02,20251216,20251116,30,0001000686
100,3000,0000010001,,,,,0100001927,2025,0100001927,001,20251012,20251012,USD,DR,10,01,S,341219.09,341219.09,20260110,20251012,90,0001000651
100,3000,0000010001,,,20250602,0100001928,0100001929,2024,0100001929,001,20241017,20241017,USD,DR,10,01,S,151961.99,151961.99,20250115,20241017,90,0001000291
100,3000,0000010000,,,20251221,0100001930,0100001931,2025,0100001931,001,20250626,20250626,USD,DR,06,01,S,233143.48,233143.48,20250924,20250626,90,0001000543
100,3000,0000010002,,,,,0100001932,2025,0100001932,001,20251005,20251005,USD,DR,10,01,S,239420.12,239420.12,20260103,20251005,90,0001000644
100,3000,0000010001,,,20250119,0100001933,0100001934,2024,0100001934,001,20240723,20240723,USD,DR,07,01,S,276165.49,276165.49,20241021,20240723,90,0001000205
100,3000,0000010001,,,20250123,0100001935,0100001936,2024,0100001936,001,20240906,20240906,USD,DR,09,01,S,84572.19,84572.19,20241205,20240906,90,0001000250
100,3000,0000010001,,,20251005,0100001937,0100001938,2025,0100001938,001,20250623,20250623,USD,DR,06,01,S,484281.7,484281.7,20250921,20250623,90,0001000540
100,3000,0000010002,,,20250408,0100001939,0100001940,2024,0100001940,001,20240530,20240530,USD,DR,05,01,S,216911.47,216911.47,20240828,20240530,90,0001000151
100,3000,0000010000,,,20250126,0100001941,0100001942,2024,0100001942,001,20240325,20240325,USD,DR,03,01,S,484341.49,484341.49,20240623,20240325,90,0001000085
100,3000,0000010036,,,20251003,0100001943,0100001944,2025,0100001944,001,20250608,20250608,USD,DR,06,01,S,318635.99,318635.99,20250708,20250608,30,0001000525
100,3000,0000010026,,,20250726,0100001945,0100001946,2025,0100001946,001,20250107,20250107,USD,DR,01,01,S,206193.44,206193.44,20250206,20250107,30,0001000373
100,3000,0000010004,,,20241128,0100001947,0100001948,2024,0100001948,001,20240722,20240722,USD,DR,07,01,S,322472.78,322472.78,20240821,20240722,30,0001000204
100,3000,0000010000,,,20250429,0100001949,0100001950,2024,0100001950,001,20240117,20240117,USD,DR,01,01,S,413054.9,413054.9,20240416,20240117,90,0001000017
100,3000,0000010001,,,20251219,0100001951,0100001952,2025,0100001952,001,20250728,20250728,USD,DR,07,01,S,349465.38,349465.38,20251026,20250728,90,0001000575
100,3000,0000010002,,,,,0100001953,2025,0100001953,001,20251211,20251211,USD,DR,12,01,S,284617.85,284617.85,20260311,20251211,90,0001000711
100,3000,0000010047,,,20250821,0100001954,0100001955,2025,0100001955,001,20250131,20250131,USD,DR,01,01,S,276148.76,276148.76,20250302,20250131,30,0001000397
100,3000,0000010002,,,,,0100001956,2025,0100001956,001,20251027,20251027,USD,DR,10,01,S,345795.62,345795.62,20260125,20251027,90,0001000666
100,3000,0000010002,,,20251129,0100001957,0100001958,2025,0100001958,001,20250329,20250329,USD,DR,03,01,S,168651.17,168651.17,20250627,20250329,90,0001000454
100,3000,0000010016,,,20250817,0100001959,0100001960,2024,0100001960,001,20241219,20241219,USD,DR,12,01,S,155962.3,155962.3,20250118,20241219,30,0001000354
100,3000,0000010001,,,20251222,0100001961,0100001962,2025,0100001962,001,20250923,20250923,USD,DR,09,01,S,323032.98,323032.98,20251222,20250923,90,0001000632
100,3000,0000010002,,,20251206,0100001963,0100001964,2024,0100001964,001,20240829,20240829,USD,DR,08,01,S,257772.87,257772.87,20241127,20240829,90,0001000242
100,3000,0000010033,,,20250324,0100001965,0100001966,2024,0100001966,001,20241207,20241207,USD,DR,12,01,S,284229.23,284229.23,20250106,20241207,30,0001000342
100,3000,0000010001,,,20250908,0100001967,0100001968,2025,0100001968,001,20250319,20250319,USD,DR,03,01,S,362516.25,362516.25,20250617,20250319,90,0001000444
100,3000,0000010004,,,20250318,0100001969,0100001970,2024,0100001970,001,20240928,20240928,USD,DR,09,01,S,104630.41,104630.41,20241028,20240928,30,0001000272
100,3000,0000010002,,,20250909,0100001971,0100001972,2024,0100001972,001,20240818,20240818,USD,DR,08,01,S,141968.96,141968.96,20241116,20240818,90,0001000231
100,3000,0000010002,,,20251230,0100001973,0100001974,2025,0100001974,001,20250823,20250823,USD,DR,08,01,S,184641.35,184641.35,20251121,20250823,90,0001000601
100,3000,0000010002,,,20250901,0100001975,0100001976,2025,0100001976,001,20250408,20250408,USD,DR,04,01,S,88317.71,88317.71,20250707,20250408,90,0001000464
100,3000,0000010000,,,20250928,0100001977,0100001978,2024,0100001978,001,20240914,20240914,USD,DR,09,01,S,367166.15,367166.15,20241213,20240914,90,0001000258
100,3000,0000010039,,,20250708,0100001979,0100001980,2025,0100001980,001,20250125,20250125,USD,DR,01,01,S,121499.86,121499.86,20250224,20250125,30,0001000391
100,3000,0000010002,,,20251217,0100001981,0100001982,2025,0100001982,001,20250916,20250916,USD,DR,09,01,S,210300.38,210300.38,20251215,20250916,90,0001000625
100,3000,0000010029,,,20251125,0100001983,0100001984,2025,0100001984,001,20251007,20251007,USD,DR,10,01,S,374994.63,374994.63,20251106,20251007,30,0001000646
100,3000,0000010000,,,20240601,0100001985,0100001986,2024,0100001986,001,20240130,20240130,USD,DR,01,01,S,310907.27,310907.27,20240429,20240130,90,0001000030
100,3000,0000010002,,,20251129,0100001987,0100001988,2025,0100001988,001,20250802,20250802,USD,DR,08,01,S,429185.49,429185.49,20251031,20250802,90,0001000580
100,3000,0000010002,,,,,0100001989,2025,0100001989,001,20251006,20251006,USD,DR,10,01,S,116164.48,116164.48,20260104,20251006,90,0001000645
100,3000,0000010014,,,20240727,0100001990,0100001991,2024,0100001991,001,20240202,20240202,USD,DR,02,01,S,297610.62,297610.62,20240303,20240202,30,0001000033
100,3000,0000010002,,,20250817,0100001992,0100001993,2025,0100001993,001,20250216,20250216,USD,DR,02,01,S,272580.59,272580.59,20250517,20250216,90,0001000413
100,3000,0000010034,,,20250819,0100001994,0100001995,2025,0100001995,001,20250712,20250712,USD,DR,07,01,S,189156.94,189156.94,20250811,20250712,30,0001000559
100,3000,0000010002,,,,,0100001996,2025,0100001996,001,20251110,20251110,USD,DR,11,01,S,476814.59,476814.59,20260208,20251110,90,0001000680
100,3000,0000010002,,,20251231,0100001997,0100001998,2025,0100001998,001,20251001,20251001,USD,DR,10,01,S,121497.95,121497.95,20251230,20251001,90,0001000640
100,3000,0000010002,,,,,0100001999,2025,0100001999,001,20251018,20251018,USD,DR,10,01,S,351380.56,351380.56,20260116,20251018,90,0001000657
100,3000,0000010013,,,20250906,0100002000,0100002001,2024,0100002001,001,20240329,20240329,USD,DR,03,01,S,336478.49,336478.49,20240428,20240329,30,0001000089
100,3000,0000010001,,,,,0100002002,2025,0100002002,001,20251120,20251120,USD,DR,11,01,S,259358.97,259358.97,20260218,20251120,90,0001000690
100,3000,0000010000,,,20250201,0100002003,0100002004,2024,0100002004,001,20241024,20241024,USD,DR,10,01,S,140476.99,140476.99,20250122,20241024,90,0001000298
100,3000,0000010002,,,20250228,0100002005,0100002006,2024,0100002006,001,20240318,20240318,USD,DR,03,01,S,464406.61,464406.61,20240616,20240318,90,0001000078
100,3000,0000010001,,,,,0100002007,2025,0100002007,001,20251024,20251024,USD,DR,10,01,S,243952.62,243952.62,20260122,20251024,90,0001000663
100,3000,0000010002,,,20251016,0100002008,0100002009,2025,0100002009,001,20250520,20250520,USD,DR,05,01,S,72496.46,72496.46,20250818,20250520,90,0001000506
100,3000,0000010001,,,20251028,0100002010,0100002011,2024,0100002011,001,20240423,20240423,USD,DR,04,01,S,405209.18,405209.18,20240722,20240423,90,0001000114
100,3000,0000010008,,,20251030,0100002012,0100002013,2024,0100002013,001,20240705,20240705,USD,DR,07,01,S,306652.36,306652.36,20240804,20240705,30,0001000187
100,3000,0000010001,,,20251207,0100002014,0100002015,2025,0100002015,001,20250506,20250506,USD,DR,05,01,S,194212.18,194212.18,20250804,20250506,90,0001000492
100,3000,0000010000,,,20240614,0100002016,0100002017,2024,0100002017,001,20240316,20240316,USD,DR,03,01,S,312250.51,312250.51,20240614,20240316,90,0001000076
100,3000,0000010003,,,20251124,0100002018,0100002019,2025,0100002019,001,20250930,20250930,USD,DR,09,01,S,366796.88,366796.88,20251030,20250930,30,0001000639
100,3000,0000010000,,,20251119,0100002020,0100002021,2025,0100002021,001,20250523,20250523,USD,DR,05,01,S,394949.06,394949.06,20250821,20250523,90,0001000509
100,3000,0000010038,,,20241128,0100002022,0100002023,2024,0100002023,001,20240909,20240909,USD,DR,09,01,S,329656.52,329656.52,20241009,20240909,30,0001000253
100,3000,0000010033,,,20250505,0100002024,0100002025,2024,0100002025,001,20240620,20240620,USD,DR,06,01,S,60401.32,60401.32,20240720,20240620,30,0001000172
100,3000,0000010001,,,20241012,0100002026,0100002027,2024,0100002027,001,20240123,20240123,USD,DR,01,01,S,421953.84,421953.84,20240422,20240123,90,0001000023
100,3000,0000010026,,,20251110,0100002028,0100002029,2025,0100002029,001,20250912,20250912,USD,DR,09,01,S,176220.59,176220.59,20251012,20250912,30,0001000621
100,3000,0000010002,,,20251010,0100002030,0100002031,2024,0100002031,001,20240526,20240526,USD,DR,05,01,S,233662.6,233662.6,20240824,20240526,90,0001000147
100,3000,0000010002,,,20250812,0100002032,0100002033,2025,0100002033,001,20250211,20250211,USD,DR,02,01,S,376875.48,376875.48,20250512,20250211,90,0001000408
100,3000,0000010039,,,20251211,0100002034,0100002035,2025,0100002035,001,20251025,20251025,USD,DR,10,01,S,103254.59,103254.59,20251124,20251025,30,0001000664
100,3000,0000010016,,,20250417,0100002036,0100002037,2025,0100002037,001,20250214,20250214,USD,DR,02,01,S,274561.06,274561.06,20250316,20250214,30,0001000411
100,3000,0000010000,,,20250922,0100002038,0100002039,2024,0100002039,001,20240116,20240116,USD,DR,01,01,S,118823.03,118823.03,20240415,20240116,90,0001000016
100,3000,0000010022,,,20250710,0100002040,0100002041,2025,0100002041,001,20250503,20250503,USD,DR,05,01,S,112621.21,112621.21,20250602,20250503,30,0001000489
100,3000,0000010001,,,20251202,0100002042,0100002043,2025,0100002043,001,20250406,20250406,USD,DR,04,01,S,114591.89,114591.89,20250705,20250406,90,0001000462
100,3000,0000010001,,,,,0100002044,2025,0100002044,001,20251127,20251127,USD,DR,11,01,S,192969.3,192969.3,20260225,20251127,90,0001000697
100,3000,0000010002,,,,,0100002045,2025,0100002045,001,20251231,20251231,USD,DR,12,01,S,390678.36,390678.36,20260331,20251231,90,0001000731
100,3000,0000010001,,,20250204,0100002046,0100002047,2024,0100002047,001,20240405,20240405,USD,DR,04,01,S,328183.04,328183.04,20240704,20240405,90,0001000096
100,3000,0000010002,,,20240815,0100002048,0100002049,2024,0100002049,001,20240515,20240515,USD,DR,05,01,S,130701.47,130701.47,20240813,20240515,90,0001000136
100,3000,0000010002,,,20250807,0100002050,0100002051,2024,0100002051,001,20240522,20240522,USD,DR,05,01,S,210153.35,210153.35,20240820,20240522,90,0001000143
100,3000,0000010001,,,20251207,0100002052,0100002053,2025,0100002053,001,20250906,20250906,USD,DR,09,01,S,402371.37,402371.37,20251205,20250906,90,0001000615
100,3000,0000010002,,,20251129,0100002054,0100002055,2025,0100002055,001,20250826,20250826,USD,DR,08,01,S,186732.67,186732.67,20251124,20250826,90,0001000604
100,3000,0000010002,,,20250617,0100002056,0100002057,2024,0100002057,001,20241108,20241108,USD,DR,11,01,S,456294.49,456294.49,20250206,20241108,90,0001000313
100,3000,0000010001,,,20251130,0100002058,0100002059,2025,0100002059,001,20250510,20250510,USD,DR,05,01,S,129418.08,129418.08,20250808,20250510,90,0001000496
100,3000,0000010046,,,20250504,0100002060,0100002061,2025,0100002061,001,20250307,20250307,USD,DR,03,01,S,368732.12,368732.12,20250406,20250307,30,0001000432
100,3000,0000010013,,,,,0100002062,2025,0100002062,001,20251215,20251215,USD,DR,12,01,S,499647.88,499647.88,20260114,20251215,30,0001000715
100,3000,0000010046,,,20250207,0100002063,0100002064,2024,0100002064,001,20240728,20240728,USD,DR,07,01,S,106946.7,106946.7,20240827,20240728,30,0001000210
100,3000,0000010001,,,20250823,0100002065,0100002066,2024,0100002066,001,20240118,20240118,USD,DR,01,01,S,276808.18,276808.18,20240417,20240118,90,0001000018
100,3000,0000010001,,,20251031,0100002067,0100002068,2025,0100002068,001,20250730,20250730,USD,DR,07,01,S,163604.51,163604.51,20251028,20250730,90,0001000577
100,3000,0000010002,,,20251209,0100002069,0100002070,2025,0100002070,001,20250810,20250810,USD,DR,08,01,S,205219.41,205219.41,20251108,20250810,90,0001000588
100,3000,0000010000,,,,,0100002071,2025,0100002071,001,20251212,20251212,USD,DR,12,01,S,366011.16,366011.16,20260312,20251212,90,0001000712
100,3000,0000010043,,,20250219,0100002072,0100002073,2024,0100002073,001,20240327,20240327,USD,DR,03,01,S,190988.68,190988.68,20240426,20240327,30,0001000087
100,3000,0000010004,,,20251220,0100002074,0100002075,2024,0100002075,001,20240802,20240802,USD,DR,08,01,S,294883.56,294883.56,20240901,20240802,30,0001000215
100,3000,0000010015,,,20250908,0100002076,0100002077,2025,0100002077,001,20250529,20250529,USD,DR,05,01,S,111381.22,111381.22,20250628,20250529,30,0001000515
100,3000,0000010028,,,20250303,0100002078,0100002079,2024,0100002079,001,20240721,20240721,USD,DR,07,01,S,154350.69,154350.69,20240820,20240721,30,0001000203
100,3000,0000010002,,,20250721,0100002080,0100002081,2025,0100002081,001,20250105,20250105,USD,DR,01,01,S,420504.27,420504.27,20250405,20250105,90,0001000371
100,3000,0000010002,,,20250818,0100002082,0100002083,2025,0100002083,001,20250115,20250115,USD,DR,01,01,S,399578.16,399578.16,20250415,20250115,90,0001000381
100,3000,0000010011,,,20251225,0100002084,0100002085,2025,0100002085,001,20251016,20251016,USD,DR,10,01,S,301146.29,301146.29,20251115,20251016,30,0001000655
100,3000,0000010000,,,20251231,0100002086,0100002087,2025,0100002087,001,20251002,20251002,USD,DR,10,01,S,447941.87,447941.87,20251231,20251002,90,0001000641
100,3000,0000010002,,,20250917,0100002088,0100002089,2024,0100002089,001,20241119,20241119,USD,DR,11,01,S,204192.35,204192.35,20250217,20241119,90,0001000324
100,3000,0000010034,,,20251231,0100002090,0100002091,2025,0100002091,001,20250919,20250919,USD,DR,09,01,S,463512.05,463512.05,20251019,20250919,30,0001000628
100,3000,0000010000,,,20250103,0100002092,0100002093,2024,0100002093,001,20240307,20240307,USD,DR,03,01,S,370825.03,370825.03,20240605,20240307,90,0001000067
100,3000,0000010001,,,,,0100002094,2025,0100002094,001,20251205,20251205,USD,DR,12,01,S,302654.16,302654.16,20260305,20251205,90,0001000705
100,3000,0000010001,,,20251226,0100002095,0100002096,2025,0100002096,001,20250902,20250902,USD,DR,09,01,S,73880.5,73880.5,20251201,20250902,90,0001000611
100,3000,0000010002,,,20241223,0100002097,0100002098,2024,0100002098,001,20240506,20240506,USD,DR,05,01,S,182564.76,182564.76,20240804,20240506,90,0001000127
100,3000,0000010002,,,20250207,0100002099,0100002100,2024,0100002100,001,20240410,20240410,USD,DR,04,01,S,68514.17,68514.17,20240709,20240410,90,0001000101
100,3000,0000010028,,,20250806,0100002101,0100002102,2024,0100002102,001,20241203,20241203,USD,DR,12,01,S,407591.72,407591.72,20250102,20241203,30,0001000338
100,3000,0000010036,,,20250622,0100002103,0100002104,2024,0100002104,001,20241028,20241028,USD,DR,10,01,S,347821.45,347821.45,20241127,20241028,30,0001000302
100,3000,0000010033,,,20251227,0100002105,0100002106,2024,0100002106,001,20241019,20241019,USD,DR,10,01,S,164605.02,164605.02,20241118,20241019,30,0001000293
100,3000,0000010041,,,,,0100002107,2025,0100002107,001,20251213,20251213,USD,DR,12,01,S,435965.06,435965.06,20260112,20251213,30,0001000713
100,3000,0000010001,,,20251122,0100002108,0100002109,2025,0100002109,001,20250722,20250722,USD,DR,07,01,S,412044.63,412044.63,20251020,20250722,90,0001000569
100,3000,0000010001,,,20240718,0100002110,0100002111,2024,0100002111,001,20240308,20240308,USD,DR,03,01,S,140605.89,140605.89,20240606,20240308,90,0001000068
100,3000,0000010002,,,20251231,0100002112,0100002113,2024,0100002113,001,20240302,20240302,USD,DR,03,01,S,159388.79,159388.79,20240531,20240302,90,0001000062
100,3000,0000010000,,,20250125,0100002114,0100002115,2024,0100002115,001,20240601,20240601,USD,DR,06,01,S,467268.0,467268.0,20240830,20240601,90,0001000153
100,3000,0000010025,,,20250922,0100002116,0100002117,2025,0100002117,001,20250724,20250724,USD,DR,07,01,S,484335.85,484335.85,20250823,20250724,30,0001000571
100,3000,0000010002,,,20250926,0100002118,0100002119,2024,0100002119,001,20240714,20240714,USD,DR,07,01,S,267813.91,267813.91,20241012,20240714,90,0001000196
100,3000,0000010002,,,20241124,0100002120,0100002121,2024,0100002121,001,20240209,20240209,USD,DR,02,01,S,141750.58,141750.58,20240509,20240209,90,0001000040
100,3000,0000010036,,,20250612,0100002122,0100002123,2025,0100002123,001,20250114,20250114,USD,DR,01,01,S,470880.46,470880.46,20250213,20250114,30,0001000380
100,3000,0000010026,,,20250812,0100002124,0100002125,2024,0100002125,001,20240716,20240716,USD,DR,07,01,S,333716.98,333716.98,20240815,20240716,30,0001000198
100,3000,0000010002,,,20250927,0100002126,0100002127,2024,0100002127,001,20241109,20241109,USD,DR,11,01,S,99963.78,99963.78,20250207,20241109,90,0001000314
100,3000,0000010002,,,20250702,0100002128,0100002129,2025,0100002129,001,20250116,20250116,USD,DR,01,01,S,424385.14,424385.14,20250416,20250116,90,0001000382
100,3000,0000010000,,,20250518,0100002130,0100002131,2025,0100002131,001,20250123,20250123,USD,DR,01,01,S,331499.06,331499.06,20250423,20250123,90,0001000389
100,3000,0000010042,,,20251227,0100002132,0100002133,2025,0100002133,001,20250228,20250228,USD,DR,02,01,S,121821.14,121821.14,20250330,20250228,30,0001000425
100,3000,0000010048,,,20250929,0100002134,0100002135,2025,0100002135,001,20250215,20250215,USD,DR,02,01,S,351742.25,351742.25,20250317,20250215,30,0001000412
100,3000,0000010001,,,20250708,0100002136,0100002137,2024,0100002137,001,20240830,20240830,USD,DR,08,01,S,349318.15,349318.15,20241128,20240830,90,0001000243
100,3000,0000010038,,,20251025,0100002138,0100002139,2024,0100002139,001,20241208,20241208,USD,DR,12,01,S,124232.96,124232.96,20250107,20241208,30,0001000343
100,3000,0000010010,,,20241202,0100002140,0100002141,2024,0100002141,001,20240713,20240713,USD,DR,07,01,S,80162.87,80162.87,20240812,20240713,30,0001000195
100,3000,0000010001,,,20250527,0100002142,0100002143,2024,0100002143,001,20240207,20240207,USD,DR,02,01,S,257587.54,257587.54,20240507,20240207,90,0001000038
100,3000,0000010000,,,20251010,0100002144,0100002145,2024,0100002145,001,20240126,20240126,USD,DR,01,01,S,101071.08,101071.08,20240425,20240126,90,0001000026
100,3000,0000010001,,,20240909,0100002146,0100002147,2024,0100002147,001,20240317,20240317,USD,DR,03,01,S,347637.65,347637.65,20240615,20240317,90,0001000077
100,3000,0000010001,,,20251118,0100002148,0100002149,2025,0100002149,001,20250819,20250819,USD,DR,08,01,S,294812.25,294812.25,20251117,20250819,90,0001000597
100,3000,0000010001,,,,,0100002150,2025,0100002150,001,20251126,20251126,USD,DR,11,01,S,476680.43,476680.43,20260224,20251126,90,0001000696
100,3000,0000010000,,,20250404,0100002151,0100002152,2024,0100002152,001,20241204,20241204,USD,DR,12,01,S,119413.15,119413.15,20250304,20241204,90,0001000339
100,3000,0000010001,,,20250626,0100002153,0100002154,2024,0100002154,001,20241128,20241128,USD,DR,11,01,S,463282.11,463282.11,20250226,20241128,90,0001000333
100,3000,0000010000,,,20250814,0100002155,0100002156,2025,0100002156,001,20250113,20250113,USD,DR,01,01,S,449295.38,449295.38,20250413,20250113,90,0001000379
100,3000,0000010045,,,20251120,0100002157,0100002158,2025,0100002158,001,20250218,20250218,USD,DR,02,01,S,459425.46,459425.46,20250320,20250218,30,0001000415
100,3000,0000010002,,,20250910,0100002159,0100002160,2024,0100002160,001,20240514,20240514,USD,DR,05,01,S,354086.27,354086.27,20240812,20240514,90,0001000135
100,3000,0000010002,,,20251104,0100002161,0100002162,2025,0100002162,001,20250507,20250507,USD,DR,05,01,S,252379.13,252379.13,20250805,20250507,90,0001000493
100,3000,0000010000,,,20251106,0100002163,0100002164,2025,0100002164,001,20250519,20250519,USD,DR,05,01,S,157896.95,157896.95,20250817,20250519,90,0001000505
100,3000,0000010001,,,20250727,0100002165,0100002166,2024,0100002166,001,20241027,20241027,USD,DR,10,01,S,240388.24,240388.24,20250125,20241027,90,0001000301
100,3000,0000010000,,,20251023,0100002167,0100002168,2025,0100002168,001,20250517,20250517,USD,DR,05,01,S,346710.21,346710.21,20250815,20250517,90,0001000503
100,3000,0000010002,,,20250624,0100002169,0100002170,2025,0100002170,001,20250309,20250309,USD,DR,03,01,S,322575.84,322575.84,20250607,20250309,90,0001000434
100,3000,0000010001,,,20250119,0100002171,0100002172,2024,0100002172,001,20240411,20240411,USD,DR,04,01,S,206905.83,206905.83,20240710,20240411,90,0001000102
100,3000,0000010001,,,20251231,0100002173,0100002174,2025,0100002174,001,20250926,20250926,USD,DR,09,01,S,253110.75,253110.75,20251225,20250926,90,0001000635
100,3000,0000010001,,,20250830,0100002175,0100002176,2025,0100002176,001,20250415,20250415,USD,DR,04,01,S,285516.67,285516.67,20250714,20250415,90,0001000471
100,3000,0000010000,,,20251129,0100002177,0100002178,2025,0100002178,001,20250816,20250816,USD,DR,08,01,S,316325.07,316325.07,20251114,20250816,90,0001000594
100,3000,0000010036,,,20251125,0100002179,0100002180,2024,0100002180,001,20240326,20240326,USD,DR,03,01,S,365633.29,365633.29,20240425,20240326,30,0001000086
100,3000,0000010000,,,20250929,0100002181,0100002182,2025,0100002182,001,20250521,20250521,USD,DR,05,01,S,187774.2,187774.2,20250819,20250521,90,0001000507
100,3000,0000010037,,,20250308,0100002183,0100002184,2025,0100002184,001,20250129,20250129,USD,DR,01,01,S,348602.99,348602.99,20250228,20250129,30,0001000395
100,3000,0000010008,,,20241226,0100002185,0100002186,2024,0100002186,001,20240731,20240731,USD,DR,07,01,S,275989.6,275989.6,20240830,20240731,30,0001000213
100,3000,0000010023,,,20250202,0100002187,0100002188,2024,0100002188,001,20240822,20240822,USD,DR,08,01,S,485529.08,485529.08,20240921,20240822,30,0001000235
100,3000,0000010002,,,20250613,0100002189,0100002190,2025,0100002190,001,20250101,20250101,USD,DR,01,01,S,75911.23,75911.23,20250401,20250101,90,0001000367
100,3000,0000010002,,,20250911,0100002191,0100002192,2025,0100002192,001,20250526,20250526,USD,DR,05,01,S,263697.94,263697.94,20250824,20250526,90,0001000512
100,3000,0000010002,,,20250324,0100002193,0100002194,2024,0100002194,001,20240106,20240106,USD,DR,01,01,S,330368.08,330368.08,20240405,20240106,90,0001000006
100,3000,0000010001,,,,,0100002195,2025,0100002195,001,20251214,20251214,USD,DR,12,01,S,167606.04,167606.04,20260314,20251214,90,0001000714
100,3000,0000010036,,,20250908,0100002196,0100002197,2025,0100002197,001,20250808,20250808,USD,DR,08,01,S,323242.11,323242.11,20250907,20250808,30,0001000586
100,3000,0000010001,,,20250831,0100002198,0100002199,2024,0100002199,001,20240730,20240730,USD,DR,07,01,S,339215.89,339215.89,20241028,20240730,90,0001000212
100,3000,0000010000,,,20251108,0100002200,0100002201,2025,0100002201,001,20250224,20250224,USD,DR,02,01,S,136061.19,136061.19,20250525,20250224,90,0001000421
100,3000,0000010027,,,20250608,0100002202,0100002203,2024,0100002203,001,20240501,20240501,USD,DR,05,01,S,395197.17,395197.17,20240531,20240501,30,0001000122
100,3000,0000010001,,,20250823,0100002204,0100002205,2025,0100002205,001,20250420,20250420,USD,DR,04,01,S,284536.64,284536.64,20250719,20250420,90,0001000476
100,3000,0000010001,,,20250912,0100002206,0100002207,2025,0100002207,001,20250310,20250310,USD,DR,03,01,S,327071.17,327071.17,20250608,20250310,90,0001000435
100,3000,0000010000,,,20250628,0100002208,0100002209,2024,0100002209,001,20240520,20240520,USD,DR,05,01,S,202996.0,202996.0,20240818,20240520,90,0001000141
100,3000,0000010001,,,20251106,0100002210,0100002211,2025,0100002211,001,20250314,20250314,USD,DR,03,01,S,477845.83,477845.83,20250612,20250314,90,0001000439
100,3000,0000010035,,,20251209,0100002212,0100002213,2025,0100002213,001,20250423,20250423,USD,DR,04,01,S,473135.72,473135.72,20250523,20250423,30,0001000479
100,3000,0000010048,,,20240915,0100002214,0100002215,2024,0100002215,001,20240517,20240517,USD,DR,05,01,S,61051.37,61051.37,20240616,20240517,30,0001000138
100,3000,0000010040,,,20251223,0100002216,0100002217,2025,0100002217,001,20250723,20250723,USD,DR,07,01,S,151916.11,151916.11,20250822,20250723,30,0001000570
100,3000,0000010002,,,20250702,0100002218,0100002219,2024,0100002219,001,20241215,20241215,USD,DR,12,01,S,463854.82,463854.82,20250315,20241215,90,0001000350
100,3000,0000010001,,,20241009,0100002220,0100002221,2024,0100002221,001,20240105,20240105,USD,DR,01,01,S,250089.96,250089.96,20240404,20240105,90,0001000005
100,3000,0000010000,,,,,0100002222,2025,0100002222,001,20251123,20251123,USD,DR,11,01,S,486586.77,486586.77,20260221,20251123,90,0001000693
100,3000,0000010001,,,20250612,0100002223,0100002224,2024,0100002224,001,20241002,20241002,USD,DR,10,01,S,419016.55,419016.55,20241231,20241002,90,0001000276
100,3000,0000010001,,,20251211,0100002225,0100002226,2025,0100002226,001,20250607,20250607,USD,DR,06,01,S,182969.31,182969.31,20250905,20250607,90,0001000524
100,3000,0000010000,,,20240706,0100002227,0100002228,2024,0100002228,001,20240214,20240214,USD,DR,02,01,S,436595.97,436595.97,20240514,20240214,90,0001000045
100,3000,0000010008,,,20250115,0100002229,0100002230,2024,0100002230,001,20240213,20240213,USD,DR,02,01,S,309417.03,309417.03,20240314,20240213,30,0001000044
100,3000,0000010000,,,20250821,0100002231,0100002232,2025,0100002232,001,20250212,20250212,USD,DR,02,01,S,284510.61,284510.61,20250513,20250212,90,0001000409
100,3000,0000010035,,,20250919,0100002233,0100002234,2024,0100002234,001,20241030,20241030,USD,DR,10,01,S,366942.91,366942.91,20241129,20241030,30,0001000304
100,3000,0000010000,,,,,0100002235,2025,0100002235,001,20251121,20251121,USD,DR,11,01,S,155961.55,155961.55,20260219,20251121,90,0001000691
100,3000,0000010031,,,20250606,0100002236,0100002237,2024,0100002237,001,20240726,20240726,USD,DR,07,01,S,212986.97,212986.97,20240825,20240726,30,0001000208
100,3000,0000010001,,,20250305,0100002238,0100002239,2024,0100002239,001,20240612,20240612,USD,DR,06,01,S,376049.21,376049.21,20240910,20240612,90,0001000164
100,3000,0000010000,,,20251031,0100002240,0100002241,2024,0100002241,001,20240720,20240720,USD,DR,07,01,S,132088.49,132088.49,20241018,20240720,90,0001000202
100,3000,0000010001,,,20251204,0100002242,0100002243,2025,0100002243,001,20250901,20250901,USD,DR,09,01,S,50726.85,50726.85,20251130,20250901,90,0001000610
100,3000,0000010008,,,20240822,0100002244,0100002245,2024,0100002245,001,20240331,20240331,USD,DR,03,01,S,491898.18,491898.18,20240430,20240331,30,0001000091
100,3000,0000010028,,,20251222,0100002246,0100002247,2025,0100002247,001,20251009,20251009,USD,DR,10,01,S,477857.29,477857.29,20251108,20251009,30,0001000648
100,3000,0000010021,,,20250813,0100002248,0100002249,2024,0100002249,001,20240725,20240725,USD,DR,07,01,S,466111.72,466111.72,20240824,20240725,30,0001000207
100,3000,0000010000,,,20251030,0100002250,0100002251,2025,0100002251,001,20250430,20250430,USD,DR,04,01,S,355348.93,355348.93,20250729,20250430,90,0001000486
100,3000,0000010010,,,20250509,0100002252,0100002253,2024,0100002253,001,20241105,20241105,USD,DR,11,01,S,398206.33,398206.33,20241205,20241105,30,0001000310
100,3000,0000010019,,,20250921,0100002254,0100002255,2024,0100002255,001,20240206,20240206,USD,DR,02,01,S,432148.15,432148.15,20240307,20240206,30,0001000037
100,3000,0000010006,,,20251203,0100002256,0100002257,2025,0100002257,001,20250701,20250701,USD,DR,07,01,S,317585.19,317585.19,20250731,20250701,30,0001000548
100,3000,0000010000,,,20250501,0100002258,0100002259,2025,0100002259,001,20250130,20250130,USD,DR,01,01,S,250962.48,250962.48,20250430,20250130,90,0001000396
100,3000,0000010001,,,20250105,0100002260,0100002261,2024,0100002261,001,20240908,20240908,USD,DR,09,01,S,214897.04,214897.04,20241207,20240908,90,0001000252
100,3000,0000010000,,,20251223,0100002262,0100002263,2024,0100002263,001,20240917,20240917,USD,DR,09,01,S,420633.07,420633.07,20241216,20240917,90,0001000261
100,3000,0000010048,,,20251113,0100002264,0100002265,2025,0100002265,001,20250527,20250527,USD,DR,05,01,S,434965.81,434965.81,20250626,20250527,30,0001000513
100,3000,0000010002,,,20250917,0100002266,0100002267,2024,0100002267,001,20240228,20240228,USD,DR,02,01,S,56264.9,56264.9,20240528,20240228,90,0001000059
100,3000,0000010001,,,20250110,0100002268,0100002269,2024,0100002269,001,20240402,20240402,USD,DR,04,01,S,355335.12,355335.12,20240701,20240402,90,0001000093
100,3000,0000010000,,,20241220,0100002270,0100002271,2024,0100002271,001,20240626,20240626,USD,DR,06,01,S,96205.38,96205.38,20240924,20240626,90,0001000178
100,3000,0000010000,,,20250921,0100002272,0100002273,2024,0100002273,001,20241104,20241104,USD,DR,11,01,S,255318.55,255318.55,20250202,20241104,90,0001000309
100,3000,0000010001,,,20240820,0100002274,0100002275,2024,0100002275,001,20240328,20240328,USD,DR,03,01,S,110276.53,110276.53,20240626,20240328,90,0001000088
100,3000,0000010000,,,20251221,0100002276,0100002277,2024,0100002277,001,20240820,20240820,USD,DR,08,01,S,163013.43,163013.43,20241118,20240820,90,0001000233
100,3000,0000010000,,,20251224,0100002278,0100002279,2024,0100002279,001,20240401,20240401,USD,DR,04,01,S,158496.07,158496.07,20240630,20240401,90,0001000092
100,3000,0000010002,,,20250720,0100002280,0100002281,2025,0100002281,001,20250402,20250402,USD,DR,04,01,S,61724.21,61724.21,20250701,20250402,90,0001000458
100,3000,0000010030,,,20250405,0100002282,0100002283,2024,0100002283,001,20241120,20241120,USD,DR,11,01,S,129175.86,129175.86,20241220,20241120,30,0001000325
100,3000,0000010043,,,20251219,0100002284,0100002285,2024,0100002285,001,20241201,20241201,USD,DR,12,01,S,173437.73,173437.73,20241231,20241201,30,0001000336
100,3000,0000010002,,,20251009,0100002286,0100002287,2025,0100002287,001,20250705,20250705,USD,DR,07,01,S,153298.4,153298.4,20251003,20250705,90,0001000552
100,3000,0000010008,,,20251108,0100002288,0100002289,2024,0100002289,001,20240529,20240529,USD,DR,05,01,S,109058.28,109058.28,20240628,20240529,30,0001000150
100,3000,0000010001,,,20240818,0100002290,0100002291,2024,0100002291,001,20240312,20240312,USD,DR,03,01,S,74655.6,74655.6,20240610,20240312,90,0001000072
100,3000,0000010010,,,20251024,0100002292,0100002293,2025,0100002293,001,20250905,20250905,USD,DR,09,01,S,459095.3,459095.3,20251005,20250905,30,0001000614
100,3000,0000010012,,,,,0100002294,2025,0100002294,001,20251218,20251218,USD,DR,12,01,S,446601.69,446601.69,20260117,20251218,30,0001000718
100,3000,0000010003,,,20251227,0100002295,0100002296,2025,0100002296,001,20251029,20251029,USD,DR,10,01,S,127545.23,127545.23,20251128,20251029,30,0001000668
100,3000,0000010001,,,20250318,0100002297,0100002298,2024,0100002298,001,20240627,20240627,USD,DR,06,01,S,417896.24,417896.24,20240925,20240627,90,0001000179
100,3000,0000010002,,,20251008,0100002299,0100002300,2025,0100002300,001,20250318,20250318,USD,DR,03,01,S,197029.41,197029.41,20250616,20250318,90,0001000443
100,3000,0000010013,,,20251118,0100002301,0100002302,2025,0100002302,001,20250720,20250720,USD,DR,07,01,S,448080.02,448080.02,20250819,20250720,30,0001000567
100,3000,0000010029,,,20241005,0100002303,0100002304,2024,0100002304,001,20240511,20240511,USD,DR,05,01,S,120092.71,120092.71,20240610,20240511,30,0001000132
100,3000,0000010002,,,20250609,0100002305,0100002306,2024,0100002306,001,20241122,20241122,USD,DR,11,01,S,258488.55,258488.55,20250220,20241122,90,0001000327
100,3000,0000010001,,,20251202,0100002307,0100002308,2024,0100002308,001,20241009,20241009,USD,DR,10,01,S,75100.06,75100.06,20250107,20241009,90,0001000283
100,3000,0000010001,,,20251207,0100002309,0100002310,2024,0100002310,001,20240814,20240814,USD,DR,08,01,S,323262.21,323262.21,20241112,20240814,90,0001000227
100,3000,0000010002,,,20251113,0100002311,0100002312,2025,0100002312,001,20250719,20250719,USD,DR,07,01,S,143531.68,143531.68,20251017,20250719,90,0001000566
100,3000,0000010002,,,20251108,0100002313,0100002314,2025,0100002314,001,20250809,20250809,USD,DR,08,01,S,408539.94,408539.94,20251107,20250809,90,0001000587
100,3000,0000010040,,,20250923,0100002315,0100002316,2025,0100002316,001,20250804,20250804,USD,DR,08,01,S,207027.77,207027.77,20250903,20250804,30,0001000582
100,3000,0000010037,,,20250901,0100002317,0100002318,2024,0100002318,001,20241206,20241206,USD,DR,12,01,S,224206.64,224206.64,20250105,20241206,30,0001000341
100,3000,0000010001,,,20251112,0100002319,0100002320,2025,0100002320,001,20250103,20250103,USD,DR,01,01,S,426058.13,426058.13,20250403,20250103,90,0001000369
100,3000,0000010001,,,20251220,0100002321,0100002322,2024,0100002322,001,20241107,20241107,USD,DR,11,01,S,325020.8,325020.8,20250205,20241107,90,0001000312
100,3000,0000010034,,,20241008,0100002323,0100002324,2024,0100002324,001,20240710,20240710,USD,DR,07,01,S,457745.56,457745.56,20240809,20240710,30,0001000192
100,3000,0000010001,,,20251230,0100002325,0100002326,2025,0100002326,001,20250928,20250928,USD,DR,09,01,S,178552.2,178552.2,20251227,20250928,90,0001000637
100,3000,0000010002,,,20250929,0100002327,0100002328,2025,0100002328,001,20250611,20250611,USD,DR,06,01,S,94394.28,94394.28,20250909,20250611,90,0001000528
100,3000,0000010000,,,20250118,0100002329,0100002330,2024,0100002330,001,20240322,20240322,USD,DR,03,01,S,146337.82,146337.82,20240620,20240322,90,0001000082
100,3000,0000010001,,,20250212,0100002331,0100002332,2024,0100002332,001,20240512,20240512,USD,DR,05,01,S,309696.65,309696.65,20240810,20240512,90,0001000133
100,3000,0000010004,,,20251231,0100002333,0100002334,2025,0100002334,001,20251109,20251109,USD,DR,11,01,S,206429.06,206429.06,20251209,20251109,30,0001000679
100,3000,0000010027,,,20250121,0100002335,0100002336,2024,0100002336,001,20240923,20240923,USD,DR,09,01,S,337543.83,337543.83,20241023,20240923,30,0001000267
100,3000,0000010002,,,20251213,0100002337,0100002338,2025,0100002338,001,20250822,20250822,USD,DR,08,01,S,482880.16,482880.16,20251120,20250822,90,0001000600
100,3000,0000010037,,,20250809,0100002339,0100002340,2025,0100002340,001,20250112,20250112,USD,DR,01,01,S,228992.58,228992.58,20250211,20250112,30,0001000378
100,3000,0000010000,,,20241211,0100002341,0100002342,2024,0100002342,001,20240811,20240811,USD,DR,08,01,S,311024.1,311024.1,20241109,20240811,90,0001000224
100,3000,0000010034,,,20251107,0100002343,0100002344,2025,0100002344,001,20250917,20250917,USD,DR,09,01,S,319067.74,319067.74,20251017,20250917,30,0001000626
100,3000,0000010000,,,20250306,0100002345,0100002346,2024,0100002346,001,20240108,20240108,USD,DR,01,01,S,430240.81,430240.81,20240407,20240108,90,0001000008
100,3000,0000010001,,,20241227,0100002347,0100002348,2024,0100002348,001,20240912,20240912,USD,DR,09,01,S,312559.34,312559.34,20241211,20240912,90,0001000256
100,3000,0000010032,,,20251221,0100002349,0100002350,2024,0100002350,001,20240420,20240420,USD,DR,04,01,S,186775.48,186775.48,20240520,20240420,30,0001000111
100,3000,0000010000,,,,,0100002351,2025,0100002351,001,20251124,20251124,USD,DR,11,01,S,183645.29,183645.29,20260222,20251124,90,0001000694
100,3000,0000010000,,,20250910,0100002352,0100002353,2024,0100002353,001,20240524,20240524,USD,DR,05,01,S,184348.2,184348.2,20240822,20240524,90,0001000145
100,3000,0000010000,,,20251220,0100002354,0100002355,2025,0100002355,001,20250910,20250910,USD,DR,09,01,S,463350.69,463350.69,20251209,20250910,90,0001000619
100,3000,0000010021,,,20251113,0100002356,0100002357,2024,0100002357,001,20240920,20240920,USD,DR,09,01,S,247546.54,247546.54,20241020,20240920,30,0001000264
100,3000,0000010045,,,20241128,0100002358,0100002359,2024,0100002359,001,20240412,20240412,USD,DR,04,01,S,389879.05,389879.05,20240512,20240412,30,0001000103
100,3000,0000010000,,,20250103,0100002360,0100002361,2024,0100002361,001,20240409,20240409,USD,DR,04,01,S,206982.65,206982.65,20240708,20240409,90,0001000100
100,3000,0000010000,,,20251106,0100002362,0100002363,2025,0100002363,001,20250424,20250424,USD,DR,04,01,S,470835.51,470835.51,20250723,20250424,90,0001000480
100,3000,0000010021,,,20251116,0100002364,0100002365,2024,0100002365,001,20240918,20240918,USD,DR,09,01,S,278623.26,278623.26,20241018,20240918,30,0001000262
100,3000,0000010002,,,,,0100002366,2025,0100002366,001,20251104,20251104,USD,DR,11,01,S,294528.91,294528.91,20260202,20251104,90,0001000674
100,3000,0000010000,,,20251014,0100002367,0100002368,2025,0100002368,001,20250428,20250428,USD,DR,04,01,S,497814.31,497814.31,20250727,20250428,90,0001000484
100,3000,0000010000,,,20250817,0100002369,0100002370,2024,0100002370,001,20240227,20240227,USD,DR,02,01,S,237961.96,237961.96,20240527,20240227,90,0001000058
100,3000,0000010000,,,20250329,0100002371,0100002372,2024,0100002372,001,20240629,20240629,USD,DR,06,01,S,454394.04,454394.04,20240927,20240629,90,0001000181
100,3000,0000010002,,,20250529,0100002373,0100002374,2024,0100002374,001,20240403,20240403,USD,DR,04,01,S,354642.54,354642.54,20240702,20240403,90,0001000094
100,3000,0000010002,,,20251229,0100002375,0100002376,2025,0100002376,001,20250927,20250927,USD,DR,09,01,S,375311.02,375311.02,20251226,20250927,90,0001000636
100,3000,0000010001,,,20251022,0100002377,0100002378,2025,0100002378,001,20250613,20250613,USD,DR,06,01,S,102925.18,102925.18,20250911,20250613,90,0001000530
100,3000,0000010042,,,20251003,0100002379,0100002380,2025,0100002380,001,20250207,20250207,USD,DR,02,01,S,437706.72,437706.72,20250309,20250207,30,0001000404
100,3000,0000010002,,,20250923,0100002381,0100002382,2025,0100002382,001,20250619,20250619,USD,DR,06,01,S,228340.31,228340.31,20250917,20250619,90,0001000536
100,3000,0000010016,,,20251017,0100002383,0100002384,2024,0100002384,001,20240113,20240113,USD,DR,01,01,S,378363.4,378363.4,20240212,20240113,30,0001000013
100,3000,0000010000,,,20251127,0100002385,0100002386,2024,0100002386,001,20240112,20240112,USD,DR,01,01,S,236101.17,236101.17,20240411,20240112,90,0001000012
100,3000,0000010001,,,20250424,0100002387,0100002388,2024,0100002388,001,20240903,20240903,USD,DR,09,01,S,438937.54,438937.54,20241202,20240903,90,0001000247
100,3000,0000010043,,,20251017,0100002389,0100002390,2025,0100002390,001,20250909,20250909,USD,DR,09,01,S,94745.94,94745.94,20251009,20250909,30,0001000618
100,3000,0000010002,,,20250825,0100002391,0100002392,2024,0100002392,001,20240801,20240801,USD,DR,08,01,S,338523.14,338523.14,20241030,20240801,90,0001000214
100,3000,0000010008,,,20250710,0100002393,0100002394,2025,0100002394,001,20250322,20250322,USD,DR,03,01,S,327310.24,327310.24,20250421,20250322,30,0001000447
100,3000,0000010024,,,20251224,0100002395,0100002396,2025,0100002396,001,20250805,20250805,USD,DR,08,01,S,498981.23,498981.23,20250904,20250805,30,0001000583
100,3000,0000010000,,,20250318,0100002397,0100002398,2024,0100002398,001,20240114,20240114,USD,DR,01,01,S,235773.58,235773.58,20240413,20240114,90,0001000014
100,3000,0000010000,,,20250717,0100002399,0100002400,2024,0100002400,001,20240107,20240107,USD,DR,01,01,S,51250.07,51250.07,20240406,20240107,90,0001000007
100,3000,0000010000,,,20250721,0100002401,0100002402,2025,0100002402,001,20250311,20250311,USD,DR,03,01,S,241138.03,241138.03,20250609,20250311,90,0001000436
100,3000,0000010002,,,20251019,0100002403,0100002404,2025,0100002404,001,20250603,20250603,USD,DR,06,01,S,480842.35,480842.35,20250901,20250603,90,0001000520
100,3000,0000010000,,,20250830,0100002405,0100002406,2024,0100002406,001,20240919,20240919,USD,DR,09,01,S,327798.4,327798.4,20241218,20240919,90,0001000263
100,3000,0000010000,,,20250813,0100002407,0100002408,2025,0100002408,001,20250504,20250504,USD,DR,05,01,S,431635.04,431635.04,20250802,20250504,90,0001000490
100,3000,0000010005,,,20251213,0100002409,0100002410,2024,0100002410,001,20240504,20240504,USD,DR,05,01,S,71199.34,71199.34,20240603,20240504,30,0001000125
100,3000,0000010001,,,20250523,0100002411,0100002412,2024,0100002412,001,20240922,20240922,USD,DR,09,01,S,359888.78,359888.78,20241221,20240922,90,0001000266
100,3000,0000010042,,,20251125,0100002413,0100002414,2025,0100002414,001,20250904,20250904,USD,DR,09,01,S,427667.86,427667.86,20251004,20250904,30,0001000613
100,3000,0000010021,,,20251230,0100002415,0100002416,2025,0100002416,001,20250911,20250911,USD,DR,09,01,S,225383.18,225383.18,20251011,20250911,30,0001000620
100,3000,0000010045,,,20250823,0100002417,0100002418,2024,0100002418,001,20240221,20240221,USD,DR,02,01,S,366855.14,366855.14,20240322,20240221,30,0001000052
100,3000,0000010007,,,20250317,0100002419,0100002420,2024,0100002420,001,20241114,20241114,USD,DR,11,01,S,277038.84,277038.84,20241214,20241114,30,0001000319
100,3000,0000010030,,,,,0100002421,2025,0100002421,001,20251207,20251207,USD,DR,12,01,S,64248.2,64248.2,20260106,20251207,30,0001000707
100,3000,0000010001,,,20250213,0100002422,0100002423,2024,0100002423,001,20240617,20240617,USD,DR,06,01,S,95994.82,95994.82,20240915,20240617,90,0001000169
100,3000,0000010012,,,20241106,0100002424,0100002425,2024,0100002425,001,20240727,20240727,USD,DR,07,01,S,393361.49,393361.49,20240826,20240727,30,0001000209
100,3000,0000010000,,,20250826,0100002426,0100002427,2024,0100002427,001,20241210,20241210,USD,DR,12,01,S,50026.19,50026.19,20250310,20241210,90,0001000345
100,3000,0000010002,,,20251230,0100002428,0100002429,2024,0100002429,001,20241113,20241113,USD,DR,11,01,S,337648.11,337648.11,20250211,20241113,90,0001000318
100,3000,0000010009,,,20250717,0100002430,0100002431,2025,0100002431,001,20250610,20250610,USD,DR,06,01,S,337729.17,337729.17,20250710,20250610,30,0001000527
100,3000,0000010002,,,20251226,0100002432,0100002433,2025,0100002433,001,20250925,20250925,USD,DR,09,01,S,131231.85,131231.85,20251224,20250925,90,0001000634
100,3000,0000010001,,,20251120,0100002434,0100002435,2025,0100002435,001,20250731,20250731,USD,DR,07,01,S,99456.82,99456.82,20251029,20250731,90,0001000578
100,3000,0000010034,,,20251111,0100002436,0100002437,2025,0100002437,001,20250914,20250914,USD,DR,09,01,S,302484.91,302484.91,20251014,20250914,30,0001000623
100,3000,0000010003,,,20251224,0100002438,0100002439,2025,0100002439,001,20251122,20251122,USD,DR,11,01,S,311382.82,311382.82,20251222,20251122,30,0001000692
100,3000,0000010000,,,20250731,0100002440,0100002441,2024,0100002441,001,20240523,20240523,USD,DR,05,01,S,374623.31,374623.31,20240821,20240523,90,0001000144
