MANDT,EBELN,BUKRS,BSTYP,BSART,LIFNR,WAERS,RLWRT,AEDAT,BEDAT,KDATB,KDATE,ERNAM,ZTERM,ZBD1T,EKORG,EKGRP,LOEKZ,STATU,FRGKE,FRGZU,PROCSTAT
100,4500000001,1000,F,NB,0000050205,USD,50292.57,20240101,20240101,20240101,20240326,COMPRAS2,Z030,30,1000,300,,B,2,X,05
100,4500000002,1000,F,NB,0000050156,USD,65407.59,20240102,20240102,20240102,20240301,COMPRAS1,Z030,30,1000,100,,B,2,X,05
100,4500000003,1000,F,NB,0000050113,USD,21000.85,20240103,20240103,20240103,20240203,COMPRAS3,Z030,30,1000,300,,B,2,X,05
100,4500000004,2000,F,NB,0000050097,USD,23176.47,20240104,20240104,20240104,20240319,COMPRAS1,Z030,30,1000,200,,B,2,X,05
100,4500000005,2000,F,NB,0000050273,USD,9459.72,20240105,20240105,20240105,20240207,COMPRAS2,Z030,30,1000,100,,B,2,X,05
100,4500000006,2000,F,NB,0000050174,USD,19588.62,20240106,20240106,20240106,20240328,COMPRAS2,Z030,30,1000,100,,B,2,X,05
100,4500000007,2000,F,NB,0000050119,USD,21882.5,20240107,20240107,20240107,20240211,COMPRAS1,Z030,30,1000,300,,B,2,X,05
100,4500000008,1000,F,NB,0000050178,USD,15276.5,20240108,20240108,20240108,20240308,COMPRAS1,Z030,30,1000,200,,B,2,X,05
100,4500000009,2000,F,NB,0000050183,USD,18148.48,20240109,20240109,20240109,20240311,COMPRAS3,Z030,30,1000,300,,B,2,X,05
100,4500000010,2000,F,NB,0000050209,USD,62767.03,20240110,20240110,20240110,20240404,COMPRAS1,Z030,30,1000,200,,B,2,X,05
100,4500000011,1000,F,UB,0000050160,USD,38732.34,20240111,20240111,20240111,20240322,COMPRAS2,Z030,30,1000,300,,B,2,X,05
100,4500000012,2000,F,NB,0000050039,USD,31860.24,20240112,20240112,20240112,20240217,COMPRAS1,Z030,30,1000,100,,B,2,X,05
100,4500000013,2000,F,NB,0000050049,USD,19584.25,20240113,20240113,20240113,20240321,COMPRAS1,Z030,30,1000,100,,B,2,X,05
100,4500000014,2000,F,NB,0000050058,USD,25383.98,20240114,20240114,20240114,20240218,COMPRAS3,Z030,30,1000,300,,B,2,X,05
100,4500000015,2000,F,NB,0000050023,USD,12781.68,20240115,20240115,20240115,20240402,COMPRAS3,Z030,30,1000,300,,B,2,X,05
100,4500000016,2000,F,NB,0000050245,USD,23619.83,20240116,20240116,20240116,20240317,COMPRAS1,Z030,30,1000,100,,B,2,X,05
100,4500000017,1000,F,NB,0000050148,USD,17497.52,20240117,20240117,20240117,20240402,COMPRAS3,Z030,30,1000,100,,B,2,X,05
100,4500000018,1000,F,NB,0000050025,USD,58670.84,20240118,20240118,20240118,20240312,COMPRAS2,Z030,30,1000,200,,B,2,X,05
100,4500000019,1000,F,NB,0000050222,USD,43418.86,20240119,20240119,20240119,20240312,COMPRAS2,Z030,30,1000,100,,B,2,X,05
100,4500000020,1000,F,NB,0000050045,USD,47318.37,20240120,20240120,20240120,20240320,COMPRAS2,Z030,30,1000,100,,B,2,X,05
100,4500000021,1000,F,NB,0000050050,USD,36248.9,20240121,20240121,20240121,20240228,COMPRAS2,Z030,30,1000,200,,B,2,X,05
100,4500000022,2000,F,NB,0000050012,USD,58382.7,20240122,20240122,20240122,20240415,COMPRAS2,Z030,30,1000,200,,B,2,X,05
100,4500000023,1000,F,NB,0000050266,USD,11510.0,20240123,20240123,20240123,20240311,COMPRAS1,Z030,30,1000,300,,B,2,X,05
100,4500000024,1000,F,UB,0000050014,USD,5123.7,20240124,20240124,20240124,20240313,COMPRAS3,Z030,30,1000,100,,B,2,X,05
100,4500000025,2000,F,UB,0000050142,USD,33689.42,20240125,20240125,20240125,20240323,COMPRAS2,Z030,30,1000,300,,B,2,X,05
100,4500000026,1000,F,NB,0000050002,USD,10045.38,20240126,20240126,20240126,20240324,COMPRAS1,Z030,30,1000,100,,B,2,X,05
100,4500000027,1000,F,NB,0000050188,USD,5195.89,20240127,20240127,20240127,20240406,COMPRAS1,Z030,30,1000,300,,B,2,X,05
100,4500000028,2000,F,NB,0000050035,USD,58461.5,20240128,20240128,20240128,20240402,COMPRAS2,Z030,30,1000,100,,B,2,X,05
100,4500000029,1000,F,UB,0000050167,USD,35015.54,20240129,20240129,20240129,20240421,COMPRAS2,Z030,30,1000,100,,B,2,X,05
100,4500000030,1000,F,NB,0000050236,USD,1947.84,20240130,20240130,20240130,20240422,COMPRAS1,Z030,30,1000,300,,B,2,X,05
100,4500000031,1000,F,NB,0000050194,USD,4025.68,20240131,20240131,20240131,20240412,COMPRAS3,Z030,30,1000,200,,B,2,X,05
100,4500000032,2000,F,UB,0000050043,USD,59642.34,20240201,20240201,20240201,20240427,COMPRAS2,Z030,30,1000,300,,B,2,X,05
100,4500000033,2000,F,NB,0000050286,USD,5447.18,20240202,20240202,20240202,20240420,COMPRAS1,Z030,30,1000,300,,B,2,X,05
100,4500000034,1000,F,NB,0000050287,USD,39275.18,20240203,20240203,20240203,20240304,COMPRAS2,Z030,30,1000,200,,B,2,X,05
100,4500000035,1000,F,NB,0000050257,USD,12296.16,20240204,20240204,20240204,20240425,COMPRAS2,Z030,30,1000,200,,B,2,X,05
100,4500000036,2000,F,NB,0000050257,USD,36305.08,20240205,20240205,20240205,20240326,COMPRAS2,Z030,30,1000,100,,B,2,X,05
100,4500000037,2000,F,NB,0000050167,USD,46617.48,20240206,20240206,20240206,20240404,COMPRAS1,Z030,30,1000,300,,B,2,X,05
100,4500000038,1000,F,NB,0000050054,USD,64506.05,20240207,20240207,20240207,20240322,COMPRAS1,Z030,30,1000,300,,B,2,X,05
100,4500000039,1000,F,NB,0000050178,USD,20753.89,20240208,20240208,20240208,20240311,COMPRAS2,Z030,30,1000,200,,B,2,X,05
100,4500000040,1000,F,NB,0000050143,USD,48712.07,20240209,20240209,20240209,20240325,COMPRAS2,Z030,30,1000,100,,B,2,X,05
100,4500000041,1000,F,NB,0000050233,USD,1916.95,20240210,20240210,20240210,20240505,COMPRAS1,Z030,30,1000,300,,B,2,X,05
100,4500000042,2000,F,NB,0000050293,USD,3058.13,20240211,20240211,20240211,20240426,COMPRAS2,Z030,30,1000,100,,B,2,X,05
100,4500000043,2000,F,NB,0000050012,USD,5135.51,20240212,20240212,20240212,20240404,COMPRAS2,Z030,30,1000,300,,B,2,X,05
100,4500000044,2000,F,NB,0000050143,USD,35589.71,20240213,20240213,20240213,20240512,COMPRAS2,Z030,30,1000,200,,B,2,X,05
100,4500000045,1000,F,NB,0000050290,USD,16043.66,20240214,20240214,20240214,20240409,COMPRAS2,Z030,30,1000,100,,B,2,X,05
100,4500000046,1000,F,NB,0000050244,USD,33228.02,20240215,20240215,20240215,20240505,COMPRAS3,Z030,30,1000,300,,B,2,X,05
100,4500000047,2000,F,NB,0000050168,USD,21030.68,20240216,20240216,20240216,20240402,COMPRAS3,Z030,30,1000,100,,B,2,X,05
100,4500000048,2000,F,NB,0000050295,USD,22879.86,20240217,20240217,20240217,20240415,COMPRAS1,Z030,30,1000,200,,B,2,X,05
100,4500000049,2000,F,NB,0000050186,USD,10028.55,20240218,20240218,20240218,20240426,COMPRAS1,Z030,30,1000,100,,B,2,X,05
100,4500000050,2000,F,NB,0000050069,USD,54253.17,20240219,20240219,20240219,20240519,COMPRAS2,Z030,30,1000,300,,B,2,X,05
100,4500000051,2000,F,UB,0000050248,USD,33853.15,20240220,20240220,20240220,20240506,COMPRAS3,Z030,30,1000,200,,B,2,X,05
100,4500000052,1000,F,NB,0000050185,USD,1031.7,20240221,20240221,20240221,20240415,COMPRAS1,Z030,30,1000,100,,B,2,X,05
100,4500000053,1000,F,NB,0000050056,USD,7730.1,20240222,20240222,20240222,20240327,COMPRAS3,Z030,30,1000,200,,B,2,X,05
100,4500000054,2000,F,NB,0000050129,USD,4149.36,20240223,20240223,20240223,20240327,COMPRAS3,Z030,30,1000,300,,B,2,X,05
100,4500000055,1000,F,NB,0000050098,USD,54931.0,20240224,20240224,20240224,20240507,COMPRAS1,Z030,30,1000,100,,B,2,X,05
100,4500000056,2000,F,NB,0000050134,USD,65768.33,20240225,20240225,20240225,20240428,COMPRAS3,Z030,30,1000,100,,B,2,X,05
100,4500000057,1000,F,NB,0000050210,USD,37037.88,20240226,20240226,20240226,20240414,COMPRAS1,Z030,30,1000,200,,B,2,X,05
100,4500000058,1000,F,NB,0000050114,USD,22119.52,20240227,20240227,20240227,20240424,COMPRAS3,Z030,30,1000,100,,B,2,X,05
100,4500000059,1000,F,NB,0000050211,USD,37183.72,20240228,20240228,20240228,20240407,COMPRAS3,Z030,30,1000,200,,B,2,X,05
100,4500000060,1000,F,NB,0000050089,USD,20065.56,20240229,20240229,20240229,20240409,COMPRAS1,Z030,30,1000,200,,B,2,X,05
100,4500000061,2000,F,NB,0000050131,USD,39972.12,20240301,20240301,20240301,20240526,COMPRAS1,Z030,30,1000,100,,B,2,X,05
100,4500000062,1000,F,UB,0000050113,USD,60060.81,20240302,20240302,20240302,20240514,COMPRAS3,Z030,30,1000,300,,B,2,X,05
100,4500000063,2000,F,NB,0000050085,USD,21706.3,20240303,20240303,20240303,20240413,COMPRAS3,Z030,30,1000,200,,B,2,X,05
100,4500000064,1000,F,UB,0000050110,USD,31645.28,20240304,20240304,20240304,20240502,COMPRAS1,Z030,30,1000,300,,B,2,X,05
100,4500000065,1000,F,NB,0000050183,USD,12971.91,20240305,20240305,20240305,20240517,COMPRAS1,Z030,30,1000,200,,B,2,X,05
100,4500000066,1000,F,NB,0000050111,USD,24072.73,20240306,20240306,20240306,20240405,COMPRAS3,Z030,30,1000,100,,B,2,X,05
100,4500000067,2000,F,UB,0000050127,USD,11561.3,20240307,20240307,20240307,20240603,COMPRAS1,Z030,30,1000,100,,B,2,X,05
100,4500000068,2000,F,NB,0000050267,USD,15622.23,20240308,20240308,20240308,20240504,COMPRAS2,Z030,30,1000,200,,B,2,X,05
100,4500000069,2000,F,NB,0000050076,USD,47132.04,20240309,20240309,20240309,20240517,COMPRAS3,Z030,30,1000,200,,B,2,X,05
100,4500000070,2000,F,UB,0000050167,USD,10362.1,20240310,20240310,20240310,20240523,COMPRAS3,Z030,30,1000,200,,B,2,X,05
100,4500000071,1000,F,NB,0000050219,USD,4617.02,20240311,20240311,20240311,20240430,COMPRAS1,Z030,30,1000,100,,B,2,X,05
100,4500000072,1000,F,NB,0000050001,USD,13683.96,20240312,20240312,20240312,20240502,COMPRAS1,Z030,30,1000,300,,B,2,X,05
100,4500000073,2000,F,UB,0000050293,USD,6752.64,20240313,20240313,20240313,20240507,COMPRAS1,Z030,30,1000,100,,B,2,X,05
100,4500000074,2000,F,NB,0000050197,USD,25919.63,20240314,20240314,20240314,20240512,COMPRAS1,Z030,30,1000,100,,B,2,X,05
100,4500000075,2000,F,NB,0000050148,USD,32014.37,20240315,20240315,20240315,20240528,COMPRAS1,Z030,30,1000,300,,B,2,X,05
100,4500000076,1000,F,UB,0000050151,USD,38317.87,20240316,20240316,20240316,20240427,COMPRAS1,Z030,30,1000,200,,B,2,X,05
100,4500000077,2000,F,NB,0000050190,USD,2821.69,20240317,20240317,20240317,20240521,COMPRAS1,Z030,30,1000,200,,B,2,X,05
100,4500000078,2000,F,NB,0000050120,USD,24929.58,20240318,20240318,20240318,20240429,COMPRAS3,Z030,30,1000,200,,B,2,X,05
100,4500000079,1000,F,UB,0000050044,USD,32617.41,20240319,20240319,20240319,20240420,COMPRAS1,Z030,30,1000,100,,B,2,X,05
100,4500000080,2000,F,NB,0000050272,USD,14256.04,20240320,20240320,20240320,20240526,COMPRAS2,Z030,30,1000,100,,B,2,X,05
100,4500000081,2000,F,NB,0000050034,USD,29784.16,20240321,20240321,20240321,20240528,COMPRAS1,Z030,30,1000,100,,B,2,X,05
100,4500000082,2000,F,NB,0000050288,USD,44541.48,20240322,20240322,20240322,20240422,COMPRAS3,Z030,30,1000,200,,B,2,X,05
100,4500000083,2000,F,NB,0000050210,USD,63179.91,20240323,20240323,20240323,20240612,COMPRAS1,Z030,30,1000,200,,B,2,X,05
100,4500000084,1000,F,NB,0000050059,USD,20521.7,20240324,20240324,20240324,20240505,COMPRAS2,Z030,30,1000,200,,B,2,X,05
100,4500000085,1000,F,NB,0000050066,USD,52988.76,20240325,20240325,20240325,20240501,COMPRAS3,Z030,30,1000,100,,B,2,X,05
100,4500000086,2000,F,NB,0000050295,USD,23208.63,20240326,20240326,20240326,20240618,COMPRAS1,Z030,30,1000,100,,B,2,X,05
100,4500000087,2000,F,NB,0000050276,USD,31276.15,20240327,20240327,20240327,20240512,COMPRAS1,Z030,30,1000,300,,B,2,X,05
100,4500000088,2000,F,UB,0000050124,USD,8478.19,20240328,20240328,20240328,20240515,COMPRAS3,Z030,30,1000,300,,B,2,X,05
100,4500000089,2000,F,NB,0000050141,USD,32766.66,20240329,20240329,20240329,20240607,COMPRAS2,Z030,30,1000,200,,B,2,X,05
100,4500000090,2000,F,NB,0000050231,USD,1904.24,20240330,20240330,20240330,20240614,COMPRAS2,Z030,30,1000,100,,B,2,X,05
100,4500000091,1000,F,NB,0000050264,USD,22543.17,20240331,20240331,20240331,20240527,COMPRAS2,Z030,30,1000,300,,B,2,X,05
100,4500000092,2000,F,NB,0000050259,USD,49394.96,20240401,20240401,20240401,20240514,COMPRAS1,Z030,30,1000,200,,B,2,X,05
100,4500000093,2000,F,NB,0000050238,USD,28491.31,20240402,20240402,20240402,20240613,COMPRAS1,Z030,30,1000,300,,B,2,X,05
100,4500000094,2000,F,NB,0000050260,USD,52127.02,20240403,20240403,20240403,20240607,COMPRAS2,Z030,30,1000,300,,B,2,X,05
100,4500000095,1000,F,UB,0000050114,USD,19339.74,20240404,20240404,20240404,20240525,COMPRAS1,Z030,30,1000,200,,B,2,X,05
100,4500000096,2000,F,NB,0000050079,USD,6987.87,20240405,20240405,20240405,20240522,COMPRAS2,Z030,30,1000,200,,B,2,X,05
100,4500000097,2000,F,NB,0000050217,USD,17006.1,20240406,20240406,20240406,20240513,COMPRAS2,Z030,30,1000,200,,B,2,X,05
100,4500000098,1000,F,NB,0000050214,USD,23219.45,20240407,20240407,20240407,20240614,COMPRAS1,Z030,30,1000,300,,B,2,X,05
100,4500000099,2000,F,NB,0000050007,USD,33831.43,20240408,20240408,20240408,20240509,COMPRAS2,Z030,30,1000,200,,B,2,X,05
100,4500000100,2000,F,NB,0000050214,USD,11262.54,20240409,20240409,20240409,20240522,COMPRAS3,Z030,30,1000,200,,B,2,X,05
100,4500000101,1000,F,NB,0000050255,USD,23790.02,20240410,20240410,20240410,20240512,COMPRAS1,Z030,30,1000,300,,B,2,X,05
100,4500000102,1000,F,NB,0000050204,USD,3297.61,20240411,20240411,20240411,20240603,COMPRAS2,Z030,30,1000,300,,B,2,X,05
100,4500000103,2000,F,NB,0000050053,USD,31664.22,20240412,20240412,20240412,20240513,COMPRAS3,Z030,30,1000,100,,B,2,X,05
100,4500000104,1000,F,UB,0000050088,USD,17609.38,20240413,20240413,20240413,20240709,COMPRAS1,Z030,30,1000,100,,B,2,X,05
100,4500000105,1000,F,NB,0000050037,USD,32697.64,20240414,20240414,20240414,20240706,COMPRAS1,Z030,30,1000,300,,B,2,X,05
100,4500000106,1000,F,NB,0000050295,USD,4214.76,20240415,20240415,20240415,20240712,COMPRAS2,Z030,30,1000,100,,B,2,X,05
100,4500000107,1000,F,NB,0000050074,USD,41017.17,20240416,20240416,20240416,20240714,COMPRAS1,Z030,30,1000,100,,B,2,X,05
100,4500000108,1000,F,NB,0000050077,USD,4026.44,20240417,20240417,20240417,20240621,COMPRAS1,Z030,30,1000,200,,B,2,X,05
100,4500000109,2000,F,NB,0000050214,USD,35871.02,20240418,20240418,20240418,20240717,COMPRAS2,Z030,30,1000,200,,B,2,X,05
100,4500000110,2000,F,NB,0000050175,USD,49552.87,20240419,20240419,20240419,20240608,COMPRAS2,Z030,30,1000,200,,B,2,X,05
100,4500000111,1000,F,UB,0000050222,USD,52913.37,20240420,20240420,20240420,20240605,COMPRAS1,Z030,30,1000,200,,B,2,X,05
100,4500000112,1000,F,NB,0000050174,USD,43955.1,20240421,20240421,20240421,20240615,COMPRAS2,Z030,30,1000,200,,B,2,X,05
100,4500000113,2000,F,UB,0000050032,USD,33283.2,20240422,20240422,20240422,20240614,COMPRAS3,Z030,30,1000,300,,B,2,X,05
100,4500000114,1000,F,NB,0000050204,USD,4453.8,20240423,20240423,20240423,20240627,COMPRAS3,Z030,30,1000,200,,B,2,X,05
100,4500000115,1000,F,NB,0000050267,USD,569.1,20240424,20240424,20240424,20240709,COMPRAS3,Z030,30,1000,200,,B,2,X,05
100,4500000116,1000,F,NB,0000050187,USD,46967.64,20240425,20240425,20240425,20240622,COMPRAS3,Z030,30,1000,100,,B,2,X,05
100,4500000117,2000,F,NB,0000050042,USD,3501.76,20240426,20240426,20240426,20240618,COMPRAS1,Z030,30,1000,300,,B,2,X,05
100,4500000118,1000,F,UB,0000050190,USD,49436.82,20240427,20240427,20240427,20240607,COMPRAS3,Z030,30,1000,200,,B,2,X,05
100,4500000119,2000,F,NB,0000050137,USD,42644.5,20240428,20240428,20240428,20240607,COMPRAS2,Z030,30,1000,100,,B,2,X,05
100,4500000120,2000,F,UB,0000050084,USD,3072.3,20240429,20240429,20240429,20240714,COMPRAS1,Z030,30,1000,200,,B,2,X,05
100,4500000121,1000,F,UB,0000050187,USD,49454.03,20240430,20240430,20240430,20240717,COMPRAS2,Z030,30,1000,300,,B,2,X,05
100,4500000122,2000,F,NB,0000050194,USD,39968.69,20240501,20240501,20240501,20240625,COMPRAS3,Z030,30,1000,300,,B,2,X,05
100,4500000123,2000,F,NB,0000050139,USD,834.32,20240502,20240502,20240502,20240722,COMPRAS2,Z030,30,1000,300,,B,2,X,05
100,4500000124,1000,F,NB,0000050145,USD,26488.31,20240503,20240503,20240503,20240617,COMPRAS2,Z030,30,1000,100,,B,2,X,05
100,4500000125,1000,F,NB,0000050049,USD,2933.12,20240504,20240504,20240504,20240626,COMPRAS3,Z030,30,1000,100,,B,2,X,05
100,4500000126,2000,F,NB,0000050210,USD,43503.41,20240505,20240505,20240505,20240726,COMPRAS3,Z030,30,1000,200,,B,2,X,05
100,4500000127,2000,F,UB,0000050272,USD,6509.8,20240506,20240506,20240506,20240621,COMPRAS1,Z030,30,1000,200,,B,2,X,05
100,4500000128,2000,F,UB,0000050068,USD,61725.62,20240507,20240507,20240507,20240610,COMPRAS2,Z030,30,1000,200,,B,2,X,05
100,4500000129,2000,F,NB,0000050228,USD,5854.92,20240508,20240508,20240508,20240613,COMPRAS2,Z030,30,1000,300,,B,2,X,05
100,4500000130,2000,F,NB,0000050242,USD,15992.5,20240509,20240509,20240509,20240729,COMPRAS2,Z030,30,1000,200,,B,2,X,05
100,4500000131,1000,F,NB,0000050216,USD,61959.28,20240510,20240510,20240510,20240727,COMPRAS2,Z030,30,1000,100,,B,2,X,05
100,4500000132,2000,F,UB,0000050002,USD,58536.45,20240511,20240511,20240511,20240707,COMPRAS1,Z030,30,1000,300,,B,2,X,05
100,4500000133,2000,F,NB,0000050032,USD,18312.82,20240512,20240512,20240512,20240628,COMPRAS3,Z030,30,1000,200,,B,2,X,05
100,4500000134,2000,F,NB,0000050124,USD,25367.63,20240513,20240513,20240513,20240806,COMPRAS1,Z030,30,1000,200,,B,2,X,05
100,4500000135,2000,F,NB,0000050171,USD,1899.0,20240514,20240514,20240514,20240621,COMPRAS3,Z030,30,1000,100,,B,2,X,05
100,4500000136,2000,F,NB,0000050123,USD,43851.97,20240515,20240515,20240515,20240718,COMPRAS2,Z030,30,1000,300,,B,2,X,05
100,4500000137,2000,F,NB,0000050152,USD,16456.53,20240516,20240516,20240516,20240808,COMPRAS1,Z030,30,1000,300,,B,2,X,05
100,4500000138,1000,F,NB,0000050202,USD,24394.68,20240517,20240517,20240517,20240808,COMPRAS2,Z030,30,1000,100,,B,2,X,05
100,4500000139,1000,F,NB,0000050084,USD,20637.96,20240518,20240518,20240518,20240714,COMPRAS3,Z030,30,1000,100,,B,2,X,05
100,4500000140,2000,F,NB,0000050199,USD,46298.88,20240519,20240519,20240519,20240623,COMPRAS3,Z030,30,1000,100,,B,2,X,05
100,4500000141,2000,F,NB,0000050046,USD,29373.92,20240520,20240520,20240520,20240716,COMPRAS2,Z030,30,1000,100,,B,2,X,05
100,4500000142,2000,F,NB,0000050279,USD,49739.82,20240521,20240521,20240521,20240718,COMPRAS3,Z030,30,1000,100,,B,2,X,05
100,4500000143,2000,F,NB,0000050040,USD,6592.56,20240522,20240522,20240522,20240812,COMPRAS1,Z030,30,1000,200,,B,2,X,05
100,4500000144,2000,F,NB,0000050245,USD,38769.21,20240523,20240523,20240523,20240722,COMPRAS1,Z030,30,1000,100,,B,2,X,05
100,4500000145,2000,F,NB,0000050112,USD,11666.7,20240524,20240524,20240524,20240812,COMPRAS2,Z030,30,1000,100,,B,2,X,05
100,4500000146,2000,F,NB,0000050175,USD,53625.48,20240525,20240525,20240525,20240728,COMPRAS1,Z030,30,1000,200,,B,2,X,05
100,4500000147,2000,F,NB,0000050146,USD,58653.01,20240526,20240526,20240526,20240709,COMPRAS1,Z030,30,1000,100,,B,2,X,05
100,4500000148,1000,F,NB,0000050083,USD,16601.37,20240527,20240527,20240527,20240712,COMPRAS2,Z030,30,1000,300,,B,2,X,05
100,4500000149,2000,F,NB,0000050081,USD,1836.54,20240528,20240528,20240528,20240804,COMPRAS2,Z030,30,1000,100,,B,2,X,05
100,4500000150,1000,F,NB,0000050065,USD,7711.04,20240529,20240529,20240529,20240811,COMPRAS1,Z030,30,1000,100,,B,2,X,05
100,4500000151,2000,F,NB,0000050046,USD,68979.84,20240530,20240530,20240530,20240722,COMPRAS1,Z030,30,1000,100,,B,2,X,05
100,4500000152,2000,F,NB,0000050101,USD,40407.72,20240531,20240531,20240531,20240729,COMPRAS3,Z030,30,1000,300,,B,2,X,05
100,4500000153,2000,F,NB,0000050253,USD,42076.2,20240601,20240601,20240601,20240806,COMPRAS3,Z030,30,1000,300,,B,2,X,05
100,4500000154,2000,F,NB,0000050058,USD,39661.04,20240602,20240602,20240602,20240822,COMPRAS1,Z030,30,1000,200,,B,2,X,05
100,4500000155,1000,F,NB,0000050201,USD,20874.4,20240603,20240603,20240603,20240708,COMPRAS2,Z030,30,1000,200,,B,2,X,05
100,4500000156,2000,F,NB,0000050151,USD,1926.36,20240604,20240604,20240604,20240712,COMPRAS2,Z030,30,1000,300,,B,2,X,05
100,4500000157,2000,F,NB,0000050237,USD,31287.56,20240605,20240605,20240605,20240820,COMPRAS1,Z030,30,1000,100,,B,2,X,05
100,4500000158,2000,F,NB,0000050004,USD,20513.81,20240606,20240606,20240606,20240825,COMPRAS1,Z030,30,1000,300,,B,2,X,05
100,4500000159,1000,F,NB,0000050090,USD,963.81,20240607,20240607,20240607,20240818,COMPRAS1,Z030,30,1000,200,,B,2,X,05
100,4500000160,2000,F,NB,0000050298,USD,15681.04,20240608,20240608,20240608,20240713,COMPRAS1,Z030,30,1000,300,,B,2,X,05
100,4500000161,1000,F,NB,0000050166,USD,26101.08,20240609,20240609,20240609,20240828,COMPRAS1,Z030,30,1000,100,,B,2,X,05
100,4500000162,1000,F,NB,0000050134,USD,34899.84,20240610,20240610,20240610,20240715,COMPRAS1,Z030,30,1000,200,,B,2,X,05
100,4500000163,2000,F,UB,0000050065,USD,1511.88,20240611,20240611,20240611,20240716,COMPRAS3,Z030,30,1000,300,,B,2,X,05
100,4500000164,1000,F,UB,0000050114,USD,64831.49,20240612,20240612,20240612,20240716,COMPRAS3,Z030,30,1000,200,,B,2,X,05
100,4500000165,2000,F,NB,0000050184,USD,3899.56,20240613,20240613,20240613,20240819,COMPRAS1,Z030,30,1000,300,,B,2,X,05
100,4500000166,1000,F,NB,0000050111,USD,76240.29,20240614,20240614,20240614,20240911,COMPRAS3,Z030,30,1000,300,,B,2,X,05
100,4500000167,2000,F,UB,0000050043,USD,29361.52,20240615,20240615,20240615,20240804,COMPRAS1,Z030,30,1000,100,,B,2,X,05
100,4500000168,1000,F,UB,0000050081,USD,14210.8,20240616,20240616,20240616,20240815,COMPRAS2,Z030,30,1000,200,,B,2,X,05
100,4500000169,2000,F,NB,0000050232,USD,33554.95,20240617,20240617,20240617,20240903,COMPRAS3,Z030,30,1000,100,,B,2,X,05
100,4500000170,2000,F,NB,0000050013,USD,81701.78,20240618,20240618,20240618,20240730,COMPRAS3,Z030,30,1000,300,,B,2,X,05
100,4500000171,1000,F,NB,0000050030,USD,41228.08,20240619,20240619,20240619,20240801,COMPRAS3,Z030,30,1000,200,,B,2,X,05
100,4500000172,1000,F,UB,0000050252,USD,8727.0,20240620,20240620,20240620,20240802,COMPRAS2,Z030,30,1000,100,,B,2,X,05
100,4500000173,2000,F,NB,0000050172,USD,34382.65,20240621,20240621,20240621,20240821,COMPRAS1,Z030,30,1000,100,,B,2,X,05
100,4500000174,1000,F,NB,0000050191,USD,30098.83,20240622,20240622,20240622,20240918,COMPRAS2,Z030,30,1000,300,,B,2,X,05
100,4500000175,1000,F,NB,0000050219,USD,27141.46,20240623,20240623,20240623,20240826,COMPRAS1,Z030,30,1000,100,,B,2,X,05
100,4500000176,1000,F,NB,0000050210,USD,22109.7,20240624,20240624,20240624,20240824,COMPRAS1,Z030,30,1000,100,,B,2,X,05
100,4500000177,2000,F,UB,0000050116,USD,8149.9,20240625,20240625,20240625,20240801,COMPRAS3,Z030,30,1000,200,,B,2,X,05
100,4500000178,1000,F,NB,0000050189,USD,11670.0,20240626,20240626,20240626,20240819,COMPRAS1,Z030,30,1000,100,,B,2,X,05
100,4500000179,2000,F,UB,0000050060,USD,63118.8,20240627,20240627,20240627,20240807,COMPRAS3,Z030,30,1000,200,,B,2,X,05
100,4500000180,2000,F,NB,0000050259,USD,6874.92,20240628,20240628,20240628,20240909,COMPRAS2,Z030,30,1000,300,,B,2,X,05
100,4500000181,2000,F,NB,0000050173,USD,32225.43,20240629,20240629,20240629,20240908,COMPRAS1,Z030,30,1000,100,,B,2,X,05
100,4500000182,1000,F,NB,0000050112,USD,63628.72,20240630,20240630,20240630,20240902,COMPRAS2,Z030,30,1000,300,,B,2,X,05
100,4500000183,2000,F,UB,0000050230,USD,4080.1,20240701,20240701,20240701,20240802,COMPRAS3,Z030,30,1000,100,,B,2,X,05
100,4500000184,1000,F,NB,0000050132,USD,11919.24,20240702,20240702,20240702,20240817,COMPRAS3,Z030,30,1000,200,,B,2,X,05
100,4500000185,2000,F,UB,0000050017,USD,66072.49,20240703,20240703,20240703,20240829,COMPRAS3,Z030,30,1000,200,,B,2,X,05
100,4500000186,1000,F,NB,0000050243,USD,38833.33,20240704,20240704,20240704,20240927,COMPRAS1,Z030,30,1000,300,,B,2,X,05
100,4500000187,1000,F,NB,0000050010,USD,90500.83,20240705,20240705,20240705,20240831,COMPRAS2,Z030,30,1000,300,,B,2,X,05
100,4500000188,1000,F,UB,0000050023,USD,62460.76,20240706,20240706,20240706,20240923,COMPRAS3,Z030,30,1000,200,,B,2,X,05
100,4500000189,1000,F,NB,0000050147,USD,21284.79,20240707,20240707,20240707,20240816,COMPRAS3,Z030,30,1000,300,,B,2,X,05
100,4500000190,2000,F,NB,0000050251,USD,1206.94,20240708,20240708,20240708,20240902,COMPRAS2,Z030,30,1000,200,,B,2,X,05
100,4500000191,2000,F,UB,0000050241,USD,19187.56,20240709,20240709,20240709,20240923,COMPRAS1,Z030,30,1000,300,,B,2,X,05
100,4500000192,1000,F,NB,0000050267,USD,41925.01,20240710,20240710,20240710,20240825,COMPRAS2,Z030,30,1000,200,,B,2,X,05
100,4500000193,1000,F,NB,0000050258,USD,43908.78,20240711,20240711,20240711,20240821,COMPRAS1,Z030,30,1000,200,,B,2,X,05
100,4500000194,2000,F,NB,0000050253,USD,16933.68,20240712,20240712,20240712,20240920,COMPRAS1,Z030,30,1000,200,,B,2,X,05
100,4500000195,1000,F,UB,0000050010,USD,2592.52,20240713,20240713,20240713,20240929,COMPRAS1,Z030,30,1000,200,,B,2,X,05
100,4500000196,1000,F,NB,0000050207,USD,13047.3,20240714,20240714,20240714,20241005,COMPRAS1,Z030,30,1000,300,,B,2,X,05
100,4500000197,2000,F,NB,0000050209,USD,36705.95,20240715,20240715,20240715,20240913,COMPRAS1,Z030,30,1000,300,,B,2,X,05
100,4500000198,2000,F,NB,0000050010,USD,49833.45,20240716,20240716,20240716,20241012,COMPRAS3,Z030,30,1000,300,,B,2,X,05
100,4500000199,1000,F,NB,0000050010,USD,20875.8,20240717,20240717,20240717,20240902,COMPRAS3,Z030,30,1000,100,,B,2,X,05
100,4500000200,2000,F,NB,0000050276,USD,45160.79,20240718,20240718,20240718,20240929,COMPRAS2,Z030,30,1000,100,,B,2,X,05
100,4500000201,1000,F,NB,0000050138,USD,28005.45,20240719,20240719,20240719,20240926,COMPRAS1,Z030,30,1000,100,,B,2,X,05
100,4500000202,1000,F,NB,0000050199,USD,15542.81,20240720,20240720,20240720,20241006,COMPRAS2,Z030,30,1000,100,,B,2,X,05
100,4500000203,1000,F,NB,0000050010,USD,109736.74,20240721,20240721,20240721,20240919,COMPRAS3,Z030,30,1000,300,,B,2,X,05
100,4500000204,1000,F,NB,0000050183,USD,37664.43,20240722,20240722,20240722,20240917,COMPRAS1,Z030,30,1000,100,,B,2,X,05
100,4500000205,1000,F,NB,0000050010,USD,163786.18,20240723,20240723,20240723,20240905,COMPRAS1,Z030,30,1000,300,,B,2,X,05
100,4500000206,1000,F,NB,0000050010,USD,84032.48,20240724,20240724,20240724,20241005,COMPRAS1,Z030,30,1000,300,,B,2,X,05
100,4500000207,2000,F,UB,0000050042,USD,100995.16,20240725,20240725,20240725,20241005,COMPRAS2,Z030,30,1000,300,,B,2,X,05
100,4500000208,2000,F,NB,0000050010,USD,104706.42,20240726,20240726,20240726,20240921,COMPRAS2,Z030,30,1000,100,,B,2,X,05
100,4500000209,1000,F,NB,0000050230,USD,62103.31,20240727,20240727,20240727,20241023,COMPRAS3,Z030,30,1000,200,,B,2,X,05
100,4500000210,1000,F,NB,0000050010,USD,80807.46,20240728,20240728,20240728,20240918,COMPRAS2,Z030,30,1000,100,,B,2,X,05
100,4500000211,1000,F,NB,0000050010,USD,106699.98,20240729,20240729,20240729,20241020,COMPRAS3,Z030,30,1000,300,,B,2,X,05
100,4500000212,1000,F,NB,0000050010,USD,625.32,20240730,20240730,20240730,20240909,COMPRAS2,Z030,30,1000,100,,B,2,X,05
100,4500000213,2000,F,UB,0000050010,USD,79832.3,20240731,20240731,20240731,20241008,COMPRAS2,Z030,30,1000,300,,B,2,X,05
100,4500000214,1000,F,NB,0000050010,USD,92317.34,20240801,20240801,20240801,20240913,COMPRAS1,Z030,30,1000,100,,B,2,X,05
100,4500000215,1000,F,UB,0000050010,USD,127400.43,20240802,20240802,20240802,20240929,COMPRAS2,Z030,30,1000,300,,B,2,X,05
100,4500000216,1000,F,UB,0000050200,USD,720.4,20240803,20240803,20240803,20240921,COMPRAS3,Z030,30,1000,300,,B,2,X,05
100,4500000217,2000,F,NB,0000050011,USD,21874.74,20240804,20240804,20240804,20241029,COMPRAS3,Z030,30,1000,300,,B,2,X,05
100,4500000218,2000,F,NB,0000050185,USD,50655.89,20240805,20240805,20240805,20240922,COMPRAS3,Z030,30,1000,300,,B,2,X,05
100,4500000219,1000,F,NB,0000050010,USD,194110.05,20240806,20240806,20240806,20241022,COMPRAS3,Z030,30,1000,200,,B,2,X,05
100,4500000220,1000,F,NB,0000050199,USD,4964.44,20240807,20240807,20240807,20241102,COMPRAS2,Z030,30,1000,300,,B,2,X,05
100,4500000221,2000,F,NB,0000050010,USD,16039.32,20240808,20240808,20240808,20241009,COMPRAS2,Z030,30,1000,300,,B,2,X,05
100,4500000222,1000,F,UB,0000050165,USD,45620.52,20240809,20240809,20240809,20241029,COMPRAS3,Z030,30,1000,300,,B,2,X,05
100,4500000223,2000,F,NB,0000050152,USD,17157.65,20240810,20240810,20240810,20241031,COMPRAS1,Z030,30,1000,300,,B,2,X,05
100,4500000224,2000,F,NB,0000050010,USD,131648.7,20240811,20240811,20240811,20241010,COMPRAS2,Z030,30,1000,200,,B,2,X,05
100,4500000225,2000,F,UB,0000050298,USD,1365.84,20240812,20240812,20240812,20241101,COMPRAS2,Z030,30,1000,100,,B,2,X,05
100,4500000226,2000,F,NB,0000050179,USD,49789.79,20240813,20240813,20240813,20240925,COMPRAS1,Z030,30,1000,200,,B,2,X,05
100,4500000227,2000,F,UB,0000050205,USD,13688.5,20240814,20240814,20240814,20241106,COMPRAS2,Z030,30,1000,100,,B,2,X,05
100,4500000228,1000,F,UB,0000050015,USD,30570.78,20240815,20240815,20240815,20241102,COMPRAS3,Z030,30,1000,100,,B,2,X,05
100,4500000229,2000,F,UB,0000050191,USD,32671.79,20240816,20240816,20240816,20241012,COMPRAS3,Z030,30,1000,200,,B,2,X,05
100,4500000230,2000,F,UB,0000050010,USD,109126.18,20240817,20240817,20240817,20241024,COMPRAS2,Z030,30,1000,100,,B,2,X,05
100,4500000231,1000,F,UB,0000050010,USD,105507.35,20240818,20240818,20240818,20240919,COMPRAS3,Z030,30,1000,100,,B,2,X,05
100,4500000232,2000,F,NB,0000050037,USD,50049.73,20240819,20240819,20240819,20241114,COMPRAS2,Z030,30,1000,300,,B,2,X,05
100,4500000233,1000,F,NB,0000050030,USD,12231.33,20240820,20240820,20240820,20241023,COMPRAS1,Z030,30,1000,100,,B,2,X,05
100,4500000234,1000,F,NB,0000050113,USD,32293.67,20240821,20240821,20240821,20241117,COMPRAS1,Z030,30,1000,100,,B,2,X,05
100,4500000235,1000,F,NB,0000050010,USD,185111.44,20240822,20240822,20240822,20240927,COMPRAS3,Z030,30,1000,200,,B,2,X,05
100,4500000236,2000,F,NB,0000050176,USD,4248.79,20240823,20240823,20240823,20241111,COMPRAS2,Z030,30,1000,100,,B,2,X,05
100,4500000237,2000,F,NB,0000050052,USD,10376.12,20240824,20240824,20240824,20241019,COMPRAS1,Z030,30,1000,300,,B,2,X,05
100,4500000238,2000,F,UB,0000050131,USD,47257.59,20240825,20240825,20240825,20241115,COMPRAS2,Z030,30,1000,100,,B,2,X,05
100,4500000239,1000,F,NB,0000050067,USD,29785.35,20240826,20240826,20240826,20240930,COMPRAS2,Z030,30,1000,100,,B,2,X,05
100,4500000240,2000,F,NB,0000050232,USD,70458.51,20240827,20240827,20240827,20240928,COMPRAS1,Z030,30,1000,200,,B,2,X,05
100,4500000241,2000,F,NB,0000050010,USD,132159.08,20240828,20240828,20240828,20241021,COMPRAS1,Z030,30,1000,100,,B,2,X,05
100,4500000242,2000,F,NB,0000050010,USD,142903.18,20240829,20240829,20240829,20241023,COMPRAS2,Z030,30,1000,200,,B,2,X,05
100,4500000243,2000,F,UB,0000050151,USD,29333.12,20240830,20240830,20240830,20241004,COMPRAS3,Z030,30,1000,100,,B,2,X,05
100,4500000244,1000,F,NB,0000050010,USD,70566.86,20240831,20240831,20240831,20241028,COMPRAS1,Z030,30,1000,100,,B,2,X,05
100,4500000245,1000,F,NB,0000050010,USD,35561.56,20240901,20240901,20240901,20241123,COMPRAS3,Z030,30,1000,100,,B,2,X,05
100,4500000246,1000,F,UB,0000050010,USD,12437.88,20240902,20240902,20240902,20241129,COMPRAS3,Z030,30,1000,200,,B,2,X,05
100,4500000247,1000,F,NB,0000050141,USD,1311.16,20240903,20240903,20240903,20241201,COMPRAS2,Z030,30,1000,300,,B,2,X,05
100,4500000248,2000,F,NB,0000050100,USD,30051.25,20240904,20240904,20240904,20241112,COMPRAS3,Z030,30,1000,300,,B,2,X,05
100,4500000249,1000,F,NB,0000050007,USD,45321.14,20240905,20240905,20240905,20241023,COMPRAS2,Z030,30,1000,100,,B,2,X,05
100,4500000250,1000,F,NB,0000050153,USD,32518.5,20240906,20240906,20240906,20241122,COMPRAS1,Z030,30,1000,100,,B,2,X,05
100,4500000251,1000,F,UB,0000050010,USD,93825.08,20240907,20240907,20240907,20241017,COMPRAS1,Z030,30,1000,200,,B,2,X,05
100,4500000252,2000,F,NB,0000050194,USD,4097.25,20240908,20240908,20240908,20241027,COMPRAS2,Z030,30,1000,300,,B,2,X,05
100,4500000253,2000,F,NB,0000050010,USD,24742.34,20240909,20240909,20240909,20241121,COMPRAS1,Z030,30,1000,300,,B,2,X,05
100,4500000254,2000,F,NB,0000050052,USD,22205.69,20240910,20240910,20240910,20241206,COMPRAS1,Z030,30,1000,200,,B,2,X,05
100,4500000255,1000,F,NB,0000050010,USD,4334.76,20240911,20240911,20240911,20241102,COMPRAS1,Z030,30,1000,300,,B,2,X,05
100,4500000256,2000,F,NB,0000050180,USD,12022.07,20240912,20240912,20240912,20241027,COMPRAS2,Z030,30,1000,300,,B,2,X,05
100,4500000257,1000,F,UB,0000050239,USD,11780.16,20240913,20240913,20240913,20241101,COMPRAS1,Z030,30,1000,200,,B,2,X,05
100,4500000258,2000,F,NB,0000050277,USD,12016.83,20240914,20240914,20240914,20241023,COMPRAS2,Z030,30,1000,300,,B,2,X,05
100,4500000259,1000,F,NB,0000050112,USD,41087.76,20240915,20240915,20240915,20241028,COMPRAS3,Z030,30,1000,100,,B,2,X,05
100,4500000260,1000,F,NB,0000050284,USD,54818.94,20240916,20240916,20240916,20241113,COMPRAS2,Z030,30,1000,300,,B,2,X,05
100,4500000261,1000,F,NB,0000050281,USD,23485.44,20240917,20240917,20240917,20241024,COMPRAS3,Z030,30,1000,100,,B,2,X,05
100,4500000262,2000,F,NB,0000050275,USD,23172.33,20240918,20240918,20240918,20241128,COMPRAS3,Z030,30,1000,200,,B,2,X,05
100,4500000263,1000,F,NB,0000050018,USD,32943.32,20240919,20240919,20240919,20241105,COMPRAS3,Z030,30,1000,300,,B,2,X,05
100,4500000264,1000,F,NB,0000050158,USD,27299.02,20240920,20240920,20240920,20241108,COMPRAS3,Z030,30,1000,300,,B,2,X,05
100,4500000265,2000,F,NB,0000050010,USD,45117.9,20240921,20240921,20240921,20241127,COMPRAS2,Z030,30,1000,200,,B,2,X,05
100,4500000266,2000,F,NB,0000050132,USD,56597.23,20240922,20240922,20240922,20241219,COMPRAS3,Z030,30,1000,200,,B,2,X,05
100,4500000267,2000,F,NB,0000050010,USD,73683.07,20240923,20240923,20240923,20241027,COMPRAS3,Z030,30,1000,200,,B,2,X,05
100,4500000268,1000,F,NB,0000050278,USD,41821.84,20240924,20240924,20240924,20241214,COMPRAS2,Z030,30,1000,200,,B,2,X,05
100,4500000269,2000,F,UB,0000050016,USD,6225.6,20240925,20240925,20240925,20241127,COMPRAS1,Z030,30,1000,200,,B,2,X,05
100,4500000270,1000,F,NB,0000050211,USD,68294.82,20240926,20240926,20240926,20241111,COMPRAS2,Z030,30,1000,300,,B,2,X,05
100,4500000271,1000,F,NB,0000050010,USD,18933.56,20240927,20240927,20240927,20241225,COMPRAS1,Z030,30,1000,200,,B,2,X,05
100,4500000272,2000,F,NB,0000050118,USD,28609.34,20240928,20240928,20240928,20241108,COMPRAS2,Z030,30,1000,200,,B,2,X,05
100,4500000273,1000,F,NB,0000050010,USD,205639.77,20240929,20240929,20240929,20241207,COMPRAS1,Z030,30,1000,100,,B,2,X,05
100,4500000274,2000,F,UB,0000050010,USD,85517.26,20240930,20240930,20240930,20241126,COMPRAS3,Z030,30,1000,200,,B,2,X,05
100,4500000275,2000,F,NB,0000050017,USD,48333.18,20241001,20241001,20241001,20241228,COMPRAS1,Z030,30,1000,200,,B,2,X,05
100,4500000276,2000,F,NB,0000050026,USD,31080.28,20241002,20241002,20241002,20241226,COMPRAS2,Z030,30,1000,300,,B,2,X,05
100,4500000277,2000,F,NB,0000050265,USD,34377.51,20241003,20241003,20241003,20241230,COMPRAS2,Z030,30,1000,200,,B,2,X,05
100,4500000278,1000,F,NB,0000050010,USD,75728.48,20241004,20241004,20241004,20241226,COMPRAS3,Z030,30,1000,300,,B,2,X,05
100,4500000279,2000,F,NB,0000050010,USD,110368.44,20241005,20241005,20241005,20241118,COMPRAS3,Z030,30,1000,100,,B,2,X,05
100,4500000280,2000,F,NB,0000050297,USD,13517.01,20241006,20241006,20241006,20241222,COMPRAS3,Z030,30,1000,100,,B,2,X,05
100,4500000281,1000,F,NB,0000050234,USD,9641.08,20241007,20241007,20241007,20241227,COMPRAS3,Z030,30,1000,100,,B,2,X,05
100,4500000282,2000,F,NB,0000050272,USD,40544.58,20241008,20241008,20241008,20250106,COMPRAS1,Z030,30,1000,200,,B,2,X,05
100,4500000283,2000,F,NB,0000050010,USD,99946.96,20241009,20241009,20241009,20241109,COMPRAS1,Z030,30,1000,300,,B,2,X,05
100,4500000284,2000,F,NB,0000050010,USD,32314.62,20241010,20241010,20241010,20241128,COMPRAS3,Z030,30,1000,200,,B,2,X,05
100,4500000285,2000,F,NB,0000050240,USD,10779.8,20241011,20241011,20241011,20250104,COMPRAS3,Z030,30,1000,200,,B,2,X,05
100,4500000286,2000,F,NB,0000050107,USD,26576.15,20241012,20241012,20241012,20241224,COMPRAS1,Z030,30,1000,200,,B,2,X,05
100,4500000287,1000,F,NB,0000050014,USD,56494.2,20241013,20241013,20241013,20241207,COMPRAS1,Z030,30,1000,100,,B,2,X,05
100,4500000288,1000,F,NB,0000050010,USD,105995.07,20241014,20241014,20241014,20241211,COMPRAS1,Z030,30,1000,200,,B,2,X,05
100,4500000289,1000,F,NB,0000050033,USD,23315.92,20241015,20241015,20241015,20241230,COMPRAS2,Z030,30,1000,300,,B,2,X,05
100,4500000290,1000,F,NB,0000050010,USD,69401.29,20241016,20241016,20241016,20241126,COMPRAS3,Z030,30,1000,100,,B,2,X,05
100,4500000291,1000,F,NB,0000050010,USD,147989.69,20241017,20241017,20241017,20241217,COMPRAS3,Z030,30,1000,300,,B,2,X,05
100,4500000292,2000,F,NB,0000050136,USD,12637.32,20241018,20241018,20241018,20250108,COMPRAS2,Z030,30,1000,100,,B,2,X,05
100,4500000293,1000,F,NB,0000050010,USD,68310.73,20241019,20241019,20241019,20241130,COMPRAS1,Z030,30,1000,100,,B,2,X,05
100,4500000294,1000,F,NB,0000050183,USD,40285.66,20241020,20241020,20241020,20250117,COMPRAS1,Z030,30,1000,100,,B,2,X,05
100,4500000295,1000,F,NB,0000050182,USD,35096.74,20241021,20241021,20241021,20250113,COMPRAS2,Z030,30,1000,300,,B,2,X,05
100,4500000296,1000,F,NB,0000050010,USD,32817.76,20241022,20241022,20241022,20250118,COMPRAS2,Z030,30,1000,200,,B,2,X,05
100,4500000297,2000,F,NB,0000050111,USD,42146.8,20241023,20241023,20241023,20241213,COMPRAS3,Z030,30,1000,300,,B,2,X,05
100,4500000298,1000,F,NB,0000050053,USD,4559.61,20241024,20241024,20241024,20250105,COMPRAS1,Z030,30,1000,300,,B,2,X,05
100,4500000299,2000,F,NB,0000050067,USD,4147.0,20241025,20241025,20241025,20241217,COMPRAS3,Z030,30,1000,200,,B,2,X,05
100,4500000300,1000,F,NB,0000050010,USD,8429.68,20241026,20241026,20241026,20241231,COMPRAS2,Z030,30,1000,300,,B,2,X,05
100,4500000301,2000,F,NB,0000050134,USD,54439.55,20241027,20241027,20241027,20250101,COMPRAS1,Z030,30,1000,300,,B,2,X,05
100,4500000302,2000,F,UB,0000050148,USD,70110.35,20241028,20241028,20241028,20241220,COMPRAS2,Z030,30,1000,300,,B,2,X,05
100,4500000303,1000,F,NB,0000050259,USD,11555.2,20241029,20241029,20241029,20241226,COMPRAS3,Z030,30,1000,200,,B,2,X,05
100,4500000304,2000,F,NB,0000050092,USD,6100.36,20241030,20241030,20241030,20250122,COMPRAS2,Z030,30,1000,300,,B,2,X,05
100,4500000305,1000,F,NB,0000050240,USD,2332.08,20241031,20241031,20241031,20241221,COMPRAS2,Z030,30,1000,300,,B,2,X,05
100,4500000306,2000,F,NB,0000050213,USD,52856.95,20241101,20241101,20241101,20241210,COMPRAS2,Z030,30,1000,200,,B,2,X,05
100,4500000307,1000,F,UB,0000050010,USD,49497.51,20241102,20241102,20241102,20250129,COMPRAS1,Z030,30,1000,200,,B,2,X,05
100,4500000308,2000,F,NB,0000050101,USD,8733.83,20241103,20241103,20241103,20241224,COMPRAS3,Z030,30,1000,100,,B,2,X,05
100,4500000309,2000,F,NB,0000050172,USD,36107.9,20241104,20241104,20241104,20250121,COMPRAS2,Z030,30,1000,200,,B,2,X,05
100,4500000310,1000,F,NB,0000050182,USD,35762.91,20241105,20241105,20241105,20250201,COMPRAS2,Z030,30,1000,300,,B,2,X,05
100,4500000311,2000,F,NB,0000050047,USD,18485.23,20241106,20241106,20241106,20250131,COMPRAS3,Z030,30,1000,300,,B,2,X,05
100,4500000312,2000,F,NB,0000050012,USD,15420.96,20241107,20241107,20241107,20241219,COMPRAS3,Z030,30,1000,100,,B,2,X,05
100,4500000313,1000,F,NB,0000050104,USD,8979.27,20241108,20241108,20241108,20241223,COMPRAS3,Z030,30,1000,100,,B,2,X,05
100,4500000314,2000,F,NB,0000050010,USD,119583.0,20241109,20241109,20241109,20241219,COMPRAS3,Z030,30,1000,100,,B,2,X,05
100,4500000315,1000,F,NB,0000050145,USD,30627.55,20241110,20241110,20241110,20241229,COMPRAS3,Z030,30,1000,300,,B,2,X,05
100,4500000316,1000,F,NB,0000050010,USD,164909.68,20241111,20241111,20241111,20250118,COMPRAS2,Z030,30,1000,200,,B,2,X,05
100,4500000317,2000,F,NB,0000050167,USD,22105.62,20241112,20241112,20241112,20250117,COMPRAS3,Z030,30,1000,300,,B,2,X,05
100,4500000318,1000,F,NB,0000050010,USD,80169.18,20241113,20241113,20241113,20250202,COMPRAS2,Z030,30,1000,200,,B,2,X,05
100,4500000319,2000,F,UB,0000050265,USD,9789.72,20241114,20241114,20241114,20250202,COMPRAS1,Z030,30,1000,100,,B,2,X,05
100,4500000320,2000,F,UB,0000050251,USD,7410.3,20241115,20241115,20241115,20250129,COMPRAS3,Z030,30,1000,200,,B,2,X,05
100,4500000321,2000,F,NB,0000050032,USD,43440.17,20241116,20241116,20241116,20250127,COMPRAS2,Z030,30,1000,300,,B,2,X,05
100,4500000322,2000,F,NB,0000050287,USD,2207.26,20241117,20241117,20241117,20241225,COMPRAS2,Z030,30,1000,300,,B,2,X,05
100,4500000323,2000,F,NB,0000050010,USD,83226.54,20241118,20241118,20241118,20250207,COMPRAS2,Z030,30,1000,100,,B,2,X,05
100,4500000324,1000,F,UB,0000050010,USD,111686.44,20241119,20241119,20241119,20241220,COMPRAS2,Z030,30,1000,200,,B,2,X,05
100,4500000325,1000,F,NB,0000050010,USD,96875.57,20241120,20241120,20241120,20250203,COMPRAS1,Z030,30,1000,100,,B,2,X,05
100,4500000326,1000,F,NB,0000050065,USD,2090.92,20241121,20241121,20241121,20250210,COMPRAS3,Z030,30,1000,300,,B,2,X,05
100,4500000327,2000,F,NB,0000050010,USD,82046.34,20241122,20241122,20241122,20250128,COMPRAS2,Z030,30,1000,200,,B,2,X,05
100,4500000328,1000,F,UB,0000050010,USD,32993.5,20241123,20241123,20241123,20241229,COMPRAS1,Z030,30,1000,200,,B,2,X,05
100,4500000329,2000,F,NB,0000050257,USD,520.63,20241124,20241124,20241124,20250208,COMPRAS3,Z030,30,1000,300,,B,2,X,05
100,4500000330,1000,F,NB,0000050010,USD,22618.89,20241125,20241125,20241125,20241231,COMPRAS2,Z030,30,1000,300,,B,2,X,05
100,4500000331,2000,F,NB,0000050010,USD,8184.72,20241126,20241126,20241126,20241231,COMPRAS3,Z030,30,1000,100,,B,2,X,05
100,4500000332,2000,F,UB,0000050010,USD,73609.23,20241127,20241127,20241127,20250116,COMPRAS2,Z030,30,1000,200,,B,2,X,05
100,4500000333,2000,F,NB,0000050071,USD,33378.54,20241128,20241128,20241128,20250104,COMPRAS1,Z030,30,1000,100,,B,2,X,05
100,4500000334,2000,F,NB,0000050021,USD,23031.0,20241129,20241129,20241129,20250102,COMPRAS1,Z030,30,1000,100,,B,2,X,05
100,4500000335,1000,F,NB,0000050232,USD,29325.88,20241130,20241130,20241130,20250212,COMPRAS1,Z030,30,1000,100,,B,2,X,05
100,4500000336,2000,F,NB,0000050298,USD,8905.82,20241201,20241201,20241201,20250226,COMPRAS2,Z030,30,1000,300,,B,2,X,05
100,4500000337,1000,F,UB,0000050010,USD,53397.95,20241202,20241202,20241202,20250210,COMPRAS3,Z030,30,1000,200,,B,2,X,05
100,4500000338,1000,F,UB,0000050010,USD,34255.2,20241203,20241203,20241203,20250203,COMPRAS1,Z030,30,1000,200,,B,2,X,05
100,4500000339,1000,F,NB,0000050097,USD,43634.39,20241204,20241204,20241204,20250122,COMPRAS1,Z030,30,1000,200,,B,2,X,05
100,4500000340,1000,F,NB,0000050276,USD,39657.0,20241205,20241205,20241205,20250201,COMPRAS2,Z030,30,1000,100,,B,2,X,05
100,4500000341,1000,F,NB,0000050005,USD,53046.3,20241206,20241206,20241206,20250225,COMPRAS1,Z030,30,1000,100,,B,2,X,05
100,4500000342,2000,F,NB,0000050010,USD,47633.95,20241207,20241207,20241207,20250219,COMPRAS3,Z030,30,1000,100,,B,2,X,05
100,4500000343,1000,F,NB,0000050177,USD,12623.25,20241208,20241208,20241208,20250119,COMPRAS1,Z030,30,1000,300,,B,2,X,05
100,4500000344,2000,F,NB,0000050192,USD,72462.21,20241209,20241209,20241209,20250129,COMPRAS3,Z030,30,1000,100,,B,2,X,05
100,4500000345,2000,F,NB,0000050010,USD,25931.27,20241210,20241210,20241210,20250204,COMPRAS1,Z030,30,1000,100,,B,2,X,05
100,4500000346,1000,F,NB,0000050010,USD,1563.28,20241211,20241211,20241211,20250307,COMPRAS1,Z030,30,1000,200,,B,2,X,05
100,4500000347,1000,F,UB,0000050292,USD,416.36,20241212,20241212,20241212,20250119,COMPRAS2,Z030,30,1000,300,,B,2,X,05
100,4500000348,1000,F,NB,0000050176,USD,29637.58,20241213,20241213,20241213,20250208,COMPRAS3,Z030,30,1000,300,,B,2,X,05
100,4500000349,2000,F,UB,0000050010,USD,174748.49,20241214,20241214,20241214,20250126,COMPRAS2,Z030,30,1000,200,,B,2,X,05
100,4500000350,2000,F,NB,0000050271,USD,11466.03,20241215,20241215,20241215,20250311,COMPRAS3,Z030,30,1000,300,,B,2,X,05
100,4500000351,2000,F,NB,0000050010,USD,45108.29,20241216,20241216,20241216,20250215,COMPRAS2,Z030,30,1000,300,,B,2,X,05
100,4500000352,2000,F,NB,0000050170,USD,30402.22,20241217,20241217,20241217,20250118,COMPRAS1,Z030,30,1000,300,,B,2,X,05
100,4500000353,1000,F,NB,0000050130,USD,16434.75,20241218,20241218,20241218,20250222,COMPRAS1,Z030,30,1000,300,,B,2,X,05
100,4500000354,1000,F,NB,0000050010,USD,12309.84,20241219,20241219,20241219,20250217,COMPRAS3,Z030,30,1000,100,,B,2,X,05
100,4500000355,2000,F,UB,0000050271,USD,23981.2,20241220,20241220,20241220,20250126,COMPRAS1,Z030,30,1000,100,,B,2,X,05
100,4500000356,1000,F,NB,0000050100,USD,27420.31,20241221,20241221,20241221,20250210,COMPRAS1,Z030,30,1000,100,,B,2,X,05
100,4500000357,2000,F,NB,0000050224,USD,16255.68,20241222,20241222,20241222,20250304,COMPRAS2,Z030,30,1000,300,,B,2,X,05
100,4500000358,1000,F,UB,0000050104,USD,11149.06,20241223,20241223,20241223,20250126,COMPRAS1,Z030,30,1000,300,,B,2,X,05
100,4500000359,2000,F,NB,0000050072,USD,81508.87,20241224,20241224,20241224,20250320,COMPRAS3,Z030,30,1000,200,,B,2,X,05
100,4500000360,1000,F,NB,0000050208,USD,76690.14,20241225,20241225,20241225,20250315,COMPRAS3,Z030,30,1000,100,,B,2,X,05
100,4500000361,2000,F,NB,0000050010,USD,146162.23,20241226,20241226,20241226,20250323,COMPRAS3,Z030,30,1000,300,,B,2,X,05
100,4500000362,1000,F,NB,0000050125,USD,12650.22,20241227,20241227,20241227,20250214,COMPRAS2,Z030,30,1000,200,,B,2,X,05
100,4500000363,1000,F,NB,0000050210,USD,10198.27,20241228,20241228,20241228,20250127,COMPRAS1,Z030,30,1000,100,,B,2,X,05
100,4500000364,2000,F,NB,0000050199,USD,31888.01,20241229,20241229,20241229,20250317,COMPRAS2,Z030,30,1000,100,,B,2,X,05
100,4500000365,1000,F,NB,0000050010,USD,41573.84,20241230,20241230,20241230,20250228,COMPRAS3,Z030,30,1000,100,,B,2,X,05
100,4500000366,2000,F,NB,0000050010,USD,39266.0,20241231,20241231,20241231,20250205,COMPRAS2,Z030,30,1000,100,,B,2,X,05
100,4500000367,1000,F,NB,0000050038,USD,604.08,20250101,20250101,20250101,20250210,COMPRAS2,Z030,30,1000,300,,B,2,X,05
100,4500000368,2000,F,NB,0000050173,USD,49047.4,20250102,20250102,20250102,20250213,COMPRAS2,Z030,30,1000,200,,B,2,X,05
100,4500000369,1000,F,NB,0000050071,USD,16029.44,20250103,20250103,20250103,20250309,COMPRAS1,Z030,30,1000,200,,B,2,X,05
100,4500000370,1000,F,NB,0000050191,USD,12201.48,20250104,20250104,20250104,20250208,COMPRAS3,Z030,30,1000,100,,B,2,X,05
100,4500000371,2000,F,NB,0000050081,USD,21362.27,20250105,20250105,20250105,20250402,COMPRAS3,Z030,30,1000,300,,B,2,X,05
100,4500000372,1000,F,NB,0000050145,USD,16024.31,20250106,20250106,20250106,20250304,COMPRAS3,Z030,30,1000,300,,B,2,X,05
100,4500000373,2000,F,NB,0000050206,USD,20641.75,20250107,20250107,20250107,20250403,COMPRAS3,Z030,30,1000,200,,B,2,X,05
100,4500000374,1000,F,NB,0000050213,USD,27117.68,20250108,20250108,20250108,20250219,COMPRAS1,Z030,30,1000,300,,B,2,X,05
100,4500000375,1000,F,UB,0000050111,USD,31032.15,20250109,20250109,20250109,20250310,COMPRAS1,Z030,30,1000,300,,B,2,X,05
100,4500000376,1000,F,NB,0000050005,USD,59471.22,20250110,20250110,20250110,20250228,COMPRAS1,Z030,30,1000,300,,B,2,X,05
100,4500000377,2000,F,NB,0000050218,USD,45022.9,20250111,20250111,20250111,20250404,COMPRAS1,Z030,30,1000,300,,B,2,X,05
100,4500000378,2000,F,UB,0000050037,USD,63399.07,20250112,20250112,20250112,20250222,COMPRAS2,Z030,30,1000,200,,B,2,X,05
100,4500000379,2000,F,NB,0000050094,USD,7109.08,20250113,20250113,20250113,20250320,COMPRAS1,Z030,30,1000,200,,B,2,X,05
100,4500000380,1000,F,NB,0000050235,USD,40416.4,20250114,20250114,20250114,20250322,COMPRAS1,Z030,30,1000,100,,B,2,X,05
100,4500000381,2000,F,NB,0000050296,USD,3757.78,20250115,20250115,20250115,20250331,COMPRAS2,Z030,30,1000,300,,B,2,X,05
100,4500000382,2000,F,NB,0000050003,USD,10267.82,20250116,20250116,20250116,20250322,COMPRAS3,Z030,30,1000,200,,B,2,X,05
100,4500000383,2000,F,NB,0000050295,USD,57630.29,20250117,20250117,20250117,20250406,COMPRAS2,Z030,30,1000,300,,B,2,X,05
100,4500000384,2000,F,NB,0000050142,USD,18938.05,20250118,20250118,20250118,20250309,COMPRAS3,Z030,30,1000,100,,B,2,X,05
100,4500000385,2000,F,NB,0000050049,USD,14696.56,20250119,20250119,20250119,20250321,COMPRAS2,Z030,30,1000,200,,B,2,X,05
100,4500000386,1000,F,NB,0000050219,USD,12419.57,20250120,20250120,20250120,20250228,COMPRAS1,Z030,30,1000,200,,B,2,X,05
100,4500000387,2000,F,NB,0000050249,USD,16519.41,20250121,20250121,20250121,20250325,COMPRAS3,Z030,30,1000,300,,B,2,X,05
100,4500000388,1000,F,NB,0000050180,USD,36087.05,20250122,20250122,20250122,20250409,COMPRAS2,Z030,30,1000,300,,B,2,X,05
100,4500000389,1000,F,NB,0000050254,USD,14362.56,20250123,20250123,20250123,20250420,COMPRAS1,Z030,30,1000,300,,B,2,X,05
100,4500000390,2000,F,NB,0000050082,USD,29381.58,20250124,20250124,20250124,20250401,COMPRAS2,Z030,30,1000,300,,B,2,X,05
100,4500000391,1000,F,NB,0000050120,USD,465.18,20250125,20250125,20250125,20250315,COMPRAS3,Z030,30,1000,200,,B,2,X,05
100,4500000392,1000,F,UB,0000050022,USD,6256.66,20250126,20250126,20250126,20250330,COMPRAS2,Z030,30,1000,200,,B,2,X,05
100,4500000393,2000,F,NB,0000050281,USD,20623.83,20250127,20250127,20250127,20250409,COMPRAS2,Z030,30,1000,200,,B,2,X,05
100,4500000394,1000,F,NB,0000050157,USD,8664.84,20250128,20250128,20250128,20250301,COMPRAS1,Z030,30,1000,200,,B,2,X,05
100,4500000395,1000,F,UB,0000050033,USD,26132.56,20250129,20250129,20250129,20250330,COMPRAS1,Z030,30,1000,300,,B,2,X,05
100,4500000396,1000,F,NB,0000050182,USD,51041.57,20250130,20250130,20250130,20250427,COMPRAS2,Z030,30,1000,200,,B,2,X,05
100,4500000397,2000,F,NB,0000050224,USD,13539.57,20250131,20250131,20250131,20250306,COMPRAS1,Z030,30,1000,100,,B,2,X,05
100,4500000398,1000,F,NB,0000050272,USD,16747.5,20250201,20250201,20250201,20250317,COMPRAS1,Z030,30,1000,200,,B,2,X,05
100,4500000399,1000,F,NB,0000050129,USD,60128.31,20250202,20250202,20250202,20250323,COMPRAS3,Z030,30,1000,300,,B,2,X,05
100,4500000400,1000,F,NB,0000050054,USD,19709.2,20250203,20250203,20250203,20250426,COMPRAS2,Z030,30,1000,300,,B,2,X,05
100,4500000401,1000,F,NB,0000050298,USD,10624.55,20250204,20250204,20250204,20250505,COMPRAS2,Z030,30,1000,100,,B,2,X,05
100,4500000402,2000,F,NB,0000050215,USD,2416.64,20250205,20250205,20250205,20250311,COMPRAS2,Z030,30,1000,100,,B,2,X,05
100,4500000403,2000,F,UB,0000050095,USD,58097.74,20250206,20250206,20250206,20250310,COMPRAS2,Z030,30,1000,300,,B,2,X,05
100,4500000404,2000,F,NB,0000050233,USD,69706.78,20250207,20250207,20250207,20250311,COMPRAS2,Z030,30,1000,100,,B,2,X,05
100,4500000405,2000,F,NB,0000050011,USD,58016.17,20250208,20250208,20250208,20250423,COMPRAS1,Z030,30,1000,200,,B,2,X,05
100,4500000406,1000,F,NB,0000050159,USD,26564.55,20250209,20250209,20250209,20250406,COMPRAS2,Z030,30,1000,100,,B,2,X,05
100,4500000407,1000,F,NB,0000050060,USD,31614.94,20250210,20250210,20250210,20250331,COMPRAS2,Z030,30,1000,300,,B,2,X,05
100,4500000408,2000,F,NB,0000050131,USD,7410.48,20250211,20250211,20250211,20250329,COMPRAS1,Z030,30,1000,300,,B,2,X,05
100,4500000409,2000,F,NB,0000050226,USD,19711.36,20250212,20250212,20250212,20250416,COMPRAS1,Z030,30,1000,100,,B,2,X,05
100,4500000410,1000,F,NB,0000050047,USD,18189.46,20250213,20250213,20250213,20250325,COMPRAS2,Z030,30,1000,200,,B,2,X,05
100,4500000411,1000,F,UB,0000050243,USD,23278.36,20250214,20250214,20250214,20250407,COMPRAS2,Z030,30,1000,300,,B,2,X,05
100,4500000412,2000,F,NB,0000050014,USD,16336.7,20250215,20250215,20250215,20250321,COMPRAS1,Z030,30,1000,300,,B,2,X,05
100,4500000413,1000,F,NB,0000050014,USD,15479.9,20250216,20250216,20250216,20250414,COMPRAS2,Z030,30,1000,300,,B,2,X,05
100,4500000414,2000,F,NB,0000050102,USD,23823.43,20250217,20250217,20250217,20250430,COMPRAS3,Z030,30,1000,300,,B,2,X,05
100,4500000415,2000,F,NB,0000050138,USD,21480.99,20250218,20250218,20250218,20250428,COMPRAS2,Z030,30,1000,100,,B,2,X,05
100,4500000416,1000,F,NB,0000050138,USD,28485.85,20250219,20250219,20250219,20250403,COMPRAS3,Z030,30,1000,300,,B,2,X,05
100,4500000417,1000,F,NB,0000050260,USD,65775.72,20250220,20250220,20250220,20250513,COMPRAS2,Z030,30,1000,100,,B,2,X,05
100,4500000418,2000,F,NB,0000050150,USD,32112.98,20250221,20250221,20250221,20250512,COMPRAS3,Z030,30,1000,100,,B,2,X,05
100,4500000419,2000,F,NB,0000050218,USD,1582.84,20250222,20250222,20250222,20250427,COMPRAS3,Z030,30,1000,100,,B,2,X,05
100,4500000420,2000,F,NB,0000050279,USD,68207.33,20250223,20250223,20250223,20250501,COMPRAS1,Z030,30,1000,100,,B,2,X,05
100,4500000421,1000,F,UB,0000050130,USD,31021.12,20250224,20250224,20250224,20250513,COMPRAS2,Z030,30,1000,100,,B,2,X,05
100,4500000422,1000,F,NB,0000050072,USD,22398.15,20250225,20250225,20250225,20250403,COMPRAS3,Z030,30,1000,200,,B,2,X,05
100,4500000423,1000,F,NB,0000050067,USD,39189.4,20250226,20250226,20250226,20250505,COMPRAS3,Z030,30,1000,300,,B,2,X,05
100,4500000424,2000,F,NB,0000050079,USD,64559.97,20250227,20250227,20250227,20250527,COMPRAS2,Z030,30,1000,300,,B,2,X,05
100,4500000425,2000,F,NB,0000050233,USD,17221.65,20250228,20250228,20250228,20250405,COMPRAS2,Z030,30,1000,300,,B,2,X,05
100,4500000426,1000,F,NB,0000050224,USD,9797.86,20250301,20250301,20250301,20250425,COMPRAS3,Z030,30,1000,100,,B,2,X,05
100,4500000427,2000,F,NB,0000050052,USD,25955.48,20250302,20250302,20250302,20250411,COMPRAS3,Z030,30,1000,200,,B,2,X,05
100,4500000428,1000,F,NB,0000050062,USD,45401.5,20250303,20250303,20250303,20250515,COMPRAS3,Z030,30,1000,200,,B,2,X,05
100,4500000429,2000,F,NB,0000050086,USD,57446.14,20250304,20250304,20250304,20250416,COMPRAS3,Z030,30,1000,100,,B,2,X,05
100,4500000430,2000,F,NB,0000050111,USD,23350.3,20250305,20250305,20250305,20250512,COMPRAS2,Z030,30,1000,300,,B,2,X,05
100,4500000431,1000,F,NB,0000050040,USD,15681.22,20250306,20250306,20250306,20250515,COMPRAS2,Z030,30,1000,300,,B,2,X,05
100,4500000432,2000,F,NB,0000050291,USD,30585.04,20250307,20250307,20250307,20250505,COMPRAS1,Z030,30,1000,100,,B,2,X,05
100,4500000433,2000,F,NB,0000050026,USD,17116.7,20250308,20250308,20250308,20250507,COMPRAS1,Z030,30,1000,200,,B,2,X,05
100,4500000434,2000,F,NB,0000050264,USD,45123.69,20250309,20250309,20250309,20250409,COMPRAS3,Z030,30,1000,100,,B,2,X,05
100,4500000435,1000,F,NB,0000050000,USD,13504.48,20250310,20250310,20250310,20250517,COMPRAS3,Z030,30,1000,300,,B,2,X,05
100,4500000436,2000,F,UB,0000050019,USD,40702.64,20250311,20250311,20250311,20250417,COMPRAS2,Z030,30,1000,200,,B,2,X,05
100,4500000437,1000,F,NB,0000050101,USD,15429.88,20250312,20250312,20250312,20250508,COMPRAS1,Z030,30,1000,300,,B,2,X,05
100,4500000438,1000,F,NB,0000050238,USD,4074.88,20250313,20250313,20250313,20250516,COMPRAS2,Z030,30,1000,200,,B,2,X,05
100,4500000439,2000,F,NB,0000050166,USD,22861.26,20250314,20250314,20250314,20250508,COMPRAS2,Z030,30,1000,300,,B,2,X,05
100,4500000440,2000,F,NB,0000050065,USD,52227.89,20250315,20250315,20250315,20250527,COMPRAS3,Z030,30,1000,200,,B,2,X,05
100,4500000441,1000,F,NB,0000050054,USD,44942.4,20250316,20250316,20250316,20250513,COMPRAS3,Z030,30,1000,300,,B,2,X,05
100,4500000442,2000,F,NB,0000050288,USD,24707.06,20250317,20250317,20250317,20250513,COMPRAS2,Z030,30,1000,100,,B,2,X,05
100,4500000443,2000,F,NB,0000050120,USD,56256.48,20250318,20250318,20250318,20250530,COMPRAS3,Z030,30,1000,300,,B,2,X,05
100,4500000444,1000,F,NB,0000050132,USD,18767.41,20250319,20250319,20250319,20250525,COMPRAS1,Z030,30,1000,200,,B,2,X,05
100,4500000445,1000,F,NB,0000050025,USD,29068.16,20250320,20250320,20250320,20250512,COMPRAS2,Z030,30,1000,200,,B,2,X,05
100,4500000446,1000,F,NB,0000050079,USD,22871.52,20250321,20250321,20250321,20250601,COMPRAS3,Z030,30,1000,300,,B,2,X,05
100,4500000447,1000,F,NB,0000050188,USD,15089.03,20250322,20250322,20250322,20250618,COMPRAS2,Z030,30,1000,300,,B,2,X,05
100,4500000448,2000,F,NB,0000050023,USD,20105.09,20250323,20250323,20250323,20250513,COMPRAS3,Z030,30,1000,100,,B,2,X,05
100,4500000449,2000,F,NB,0000050222,USD,73053.61,20250324,20250324,20250324,20250520,COMPRAS1,Z030,30,1000,100,,B,2,X,05
100,4500000450,2000,F,UB,0000050193,USD,43724.98,20250325,20250325,20250325,20250506,COMPRAS2,Z030,30,1000,300,,B,2,X,05
100,4500000451,1000,F,NB,0000050195,USD,52184.64,20250326,20250326,20250326,20250504,COMPRAS2,Z030,30,1000,300,,B,2,X,05
100,4500000452,2000,F,NB,0000050034,USD,41501.85,20250327,20250327,20250327,20250601,COMPRAS1,Z030,30,1000,100,,B,2,X,05
100,4500000453,1000,F,NB,0000050104,USD,27140.49,20250328,20250328,20250328,20250510,COMPRAS1,Z030,30,1000,300,,B,2,X,05
100,4500000454,2000,F,NB,0000050139,USD,12397.34,20250329,20250329,20250329,20250608,COMPRAS3,Z030,30,1000,200,,B,2,X,05
100,4500000455,1000,F,NB,0000050151,USD,17878.08,20250330,20250330,20250330,20250609,COMPRAS2,Z030,30,1000,200,,B,2,X,05
100,4500000456,2000,F,NB,0000050190,USD,42179.64,20250331,20250331,20250331,20250521,COMPRAS2,Z030,30,1000,100,,B,2,X,05
100,4500000457,2000,F,UB,0000050186,USD,42610.11,20250401,20250401,20250401,20250614,COMPRAS1,Z030,30,1000,200,,B,2,X,05
100,4500000458,1000,F,NB,0000050274,USD,12999.74,20250402,20250402,20250402,20250601,COMPRAS1,Z030,30,1000,200,,B,2,X,05
100,4500000459,2000,F,NB,0000050103,USD,4204.2,20250403,20250403,20250403,20250608,COMPRAS1,Z030,30,1000,100,,B,2,X,05
100,4500000460,1000,F,NB,0000050055,USD,17841.27,20250404,20250404,20250404,20250522,COMPRAS2,Z030,30,1000,100,,B,2,X,05
100,4500000461,2000,F,NB,0000050053,USD,33290.76,20250405,20250405,20250405,20250610,COMPRAS3,Z030,30,1000,100,,B,2,X,05
100,4500000462,2000,F,NB,0000050045,USD,58705.48,20250406,20250406,20250406,20250620,COMPRAS3,Z030,30,1000,300,,B,2,X,05
100,4500000463,2000,F,NB,0000050034,USD,18973.64,20250407,20250407,20250407,20250613,COMPRAS1,Z030,30,1000,300,,B,2,X,05
100,4500000464,1000,F,NB,0000050135,USD,18728.84,20250408,20250408,20250408,20250702,COMPRAS2,Z030,30,1000,100,,B,2,X,05
100,4500000465,2000,F,NB,0000050097,USD,148.34,20250409,20250409,20250409,20250702,COMPRAS2,Z030,30,1000,100,,B,2,X,05
100,4500000466,1000,F,NB,0000050160,USD,7297.3,20250410,20250410,20250410,20250517,COMPRAS2,Z030,30,1000,300,,B,2,X,05
100,4500000467,1000,F,NB,0000050140,USD,38266.18,20250411,20250411,20250411,20250618,COMPRAS1,Z030,30,1000,300,,B,2,X,05
100,4500000468,1000,F,NB,0000050267,USD,23006.01,20250412,20250412,20250412,20250512,COMPRAS1,Z030,30,1000,100,,B,2,X,05
100,4500000469,2000,F,NB,0000050160,USD,26353.67,20250413,20250413,20250413,20250516,COMPRAS2,Z030,30,1000,200,,B,2,X,05
100,4500000470,1000,F,NB,0000050108,USD,21714.1,20250414,20250414,20250414,20250515,COMPRAS1,Z030,30,1000,200,,B,2,X,05
100,4500000471,1000,F,NB,0000050154,USD,5247.28,20250415,20250415,20250415,20250526,COMPRAS1,Z030,30,1000,300,,B,2,X,05
100,4500000472,1000,F,NB,0000050066,USD,54352.54,20250416,20250416,20250416,20250605,COMPRAS2,Z030,30,1000,300,,B,2,X,05
100,4500000473,2000,F,NB,0000050239,USD,17777.85,20250417,20250417,20250417,20250705,COMPRAS3,Z030,30,1000,300,,B,2,X,05
100,4500000474,2000,F,NB,0000050091,USD,1546.55,20250418,20250418,20250418,20250524,COMPRAS1,Z030,30,1000,200,,B,2,X,05
100,4500000475,1000,F,UB,0000050291,USD,69153.58,20250419,20250419,20250419,20250530,COMPRAS2,Z030,30,1000,200,,B,2,X,05
100,4500000476,1000,F,NB,0000050110,USD,27247.35,20250420,20250420,20250420,20250522,COMPRAS1,Z030,30,1000,200,,B,2,X,05
100,4500000477,1000,F,NB,0000050075,USD,17292.71,20250421,20250421,20250421,20250526,COMPRAS2,Z030,30,1000,300,,B,2,X,05
100,4500000478,1000,F,NB,0000050017,USD,35537.75,20250422,20250422,20250422,20250713,COMPRAS1,Z030,30,1000,300,,B,2,X,05
100,4500000479,2000,F,NB,0000050047,USD,42269.55,20250423,20250423,20250423,20250601,COMPRAS1,Z030,30,1000,200,,B,2,X,05
100,4500000480,1000,F,NB,0000050163,USD,23985.72,20250424,20250424,20250424,20250721,COMPRAS3,Z030,30,1000,200,,B,2,X,05
100,4500000481,1000,F,NB,0000050028,USD,21536.3,20250425,20250425,20250425,20250721,COMPRAS1,Z030,30,1000,300,,B,2,X,05
100,4500000482,1000,F,NB,0000050071,USD,53346.2,20250426,20250426,20250426,20250613,COMPRAS2,Z030,30,1000,200,,B,2,X,05
100,4500000483,1000,F,NB,0000050094,USD,66799.35,20250427,20250427,20250427,20250603,COMPRAS2,Z030,30,1000,200,,B,2,X,05
100,4500000484,1000,F,NB,0000050160,USD,3148.08,20250428,20250428,20250428,20250720,COMPRAS2,Z030,30,1000,200,,B,2,X,05
100,4500000485,2000,F,NB,0000050183,USD,18578.76,20250429,20250429,20250429,20250715,COMPRAS2,Z030,30,1000,100,,B,2,X,05
100,4500000486,2000,F,NB,0000050139,USD,2981.21,20250430,20250430,20250430,20250620,COMPRAS2,Z030,30,1000,200,,B,2,X,05
100,4500000487,2000,F,NB,0000050101,USD,12433.64,20250501,20250501,20250501,20250619,COMPRAS1,Z030,30,1000,100,,B,2,X,05
100,4500000488,2000,F,NB,0000050023,USD,2338.88,20250502,20250502,20250502,20250613,COMPRAS2,Z030,30,1000,300,,B,2,X,05
100,4500000489,2000,F,NB,0000050097,USD,37618.12,20250503,20250503,20250503,20250708,COMPRAS2,Z030,30,1000,100,,B,2,X,05
100,4500000490,2000,F,NB,0000050013,USD,67585.6,20250504,20250504,20250504,20250702,COMPRAS3,Z030,30,1000,300,,B,2,X,05
100,4500000491,1000,F,NB,0000050224,USD,41595.28,20250505,20250505,20250505,20250604,COMPRAS3,Z030,30,1000,300,,B,2,X,05
100,4500000492,1000,F,NB,0000050265,USD,25253.34,20250506,20250506,20250506,20250616,COMPRAS2,Z030,30,1000,300,,B,2,X,05
100,4500000493,1000,F,NB,0000050292,USD,21029.85,20250507,20250507,20250507,20250615,COMPRAS2,Z030,30,1000,200,,B,2,X,05
100,4500000494,2000,F,NB,0000050125,USD,69172.46,20250508,20250508,20250508,20250618,COMPRAS1,Z030,30,1000,300,,B,2,X,05
100,4500000495,2000,F,NB,0000050128,USD,20699.3,20250509,20250509,20250509,20250713,COMPRAS2,Z030,30,1000,300,,B,2,X,05
100,4500000496,2000,F,NB,0000050086,USD,77450.52,20250510,20250510,20250510,20250614,COMPRAS3,Z030,30,1000,200,,B,2,X,05
100,4500000497,2000,F,NB,0000050213,USD,12827.15,20250511,20250511,20250511,20250625,COMPRAS1,Z030,30,1000,300,,B,2,X,05
100,4500000498,1000,F,NB,0000050062,USD,39660.28,20250512,20250512,20250512,20250712,COMPRAS2,Z030,30,1000,300,,B,2,X,05
100,4500000499,1000,F,NB,0000050046,USD,20783.73,20250513,20250513,20250513,20250613,COMPRAS1,Z030,30,1000,300,,B,2,X,05
100,4500000500,1000,F,UB,0000050296,USD,34975.93,20250514,20250514,20250514,20250726,COMPRAS1,Z030,30,1000,200,,B,2,X,05
100,4500000501,1000,F,NB,0000050040,USD,2266.24,20250515,20250515,20250515,20250811,COMPRAS2,Z030,30,1000,200,,B,2,X,05
100,4500000502,1000,F,NB,0000050057,USD,35866.56,20250516,20250516,20250516,20250729,COMPRAS3,Z030,30,1000,100,,B,2,X,05
100,4500000503,1000,F,NB,0000050053,USD,17540.25,20250517,20250517,20250517,20250811,COMPRAS1,Z030,30,1000,100,,B,2,X,05
100,4500000504,2000,F,NB,0000050271,USD,26069.71,20250518,20250518,20250518,20250706,COMPRAS2,Z030,30,1000,300,,B,2,X,05
100,4500000505,1000,F,NB,0000050238,USD,20895.3,20250519,20250519,20250519,20250626,COMPRAS2,Z030,30,1000,100,,B,2,X,05
100,4500000506,1000,F,NB,0000050016,USD,9122.4,20250520,20250520,20250520,20250804,COMPRAS3,Z030,30,1000,100,,B,2,X,05
100,4500000507,1000,F,NB,0000050144,USD,2461.2,20250521,20250521,20250521,20250801,COMPRAS3,Z030,30,1000,100,,B,2,X,05
100,4500000508,2000,F,NB,0000050109,USD,2311.8,20250522,20250522,20250522,20250808,COMPRAS2,Z030,30,1000,100,,B,2,X,05
100,4500000509,2000,F,NB,0000050082,USD,1291.08,20250523,20250523,20250523,20250719,COMPRAS2,Z030,30,1000,300,,B,2,X,05
100,4500000510,2000,F,NB,0000050084,USD,40182.82,20250524,20250524,20250524,20250721,COMPRAS3,Z030,30,1000,100,,B,2,X,05
100,4500000511,2000,F,NB,0000050239,USD,38489.94,20250525,20250525,20250525,20250625,COMPRAS1,Z030,30,1000,100,,B,2,X,05
100,4500000512,2000,F,NB,0000050042,USD,46636.23,20250526,20250526,20250526,20250629,COMPRAS1,Z030,30,1000,300,,B,2,X,05
100,4500000513,1000,F,NB,0000050229,USD,18876.86,20250527,20250527,20250527,20250728,COMPRAS2,Z030,30,1000,200,,B,2,X,05
100,4500000514,2000,F,NB,0000050025,USD,29047.98,20250528,20250528,20250528,20250825,COMPRAS3,Z030,30,1000,100,,B,2,X,05
100,4500000515,2000,F,UB,0000050003,USD,19510.02,20250529,20250529,20250529,20250802,COMPRAS1,Z030,30,1000,300,,B,2,X,05
100,4500000516,1000,F,NB,0000050280,USD,6492.09,20250530,20250530,20250530,20250630,COMPRAS2,Z030,30,1000,100,,B,2,X,05
100,4500000517,1000,F,NB,0000050037,USD,368.16,20250531,20250531,20250531,20250725,COMPRAS2,Z030,30,1000,100,,B,2,X,05
100,4500000518,2000,F,NB,0000050139,USD,45877.26,20250601,20250601,20250601,20250812,COMPRAS1,Z030,30,1000,100,,B,2,X,05
100,4500000519,1000,F,NB,0000050229,USD,11206.12,20250602,20250602,20250602,20250707,COMPRAS1,Z030,30,1000,300,,B,2,X,05
100,4500000520,1000,F,UB,0000050063,USD,36709.99,20250603,20250603,20250603,20250728,COMPRAS3,Z030,30,1000,100,,B,2,X,05
100,4500000521,2000,F,NB,0000050019,USD,7834.96,20250604,20250604,20250604,20250901,COMPRAS2,Z030,30,1000,200,,B,2,X,05
100,4500000522,1000,F,NB,0000050078,USD,36288.48,20250605,20250605,20250605,20250724,COMPRAS2,Z030,30,1000,300,,B,2,X,05
100,4500000523,2000,F,NB,0000050235,USD,36505.95,20250606,20250606,20250606,20250810,COMPRAS2,Z030,30,1000,100,,B,2,X,05
100,4500000524,2000,F,NB,0000050089,USD,51921.46,20250607,20250607,20250607,20250806,COMPRAS3,Z030,30,1000,300,,B,2,X,05
100,4500000525,1000,F,UB,0000050130,USD,41751.95,20250608,20250608,20250608,20250727,COMPRAS2,Z030,30,1000,200,,B,2,X,05
100,4500000526,2000,F,NB,0000050069,USD,24901.34,20250609,20250609,20250609,20250717,COMPRAS3,Z030,30,1000,100,,B,2,X,05
100,4500000527,2000,F,NB,0000050232,USD,15884.64,20250610,20250610,20250610,20250908,COMPRAS2,Z030,30,1000,300,,B,2,X,05
100,4500000528,1000,F,NB,0000050053,USD,43290.63,20250611,20250611,20250611,20250803,COMPRAS2,Z030,30,1000,300,,B,2,X,05
100,4500000529,2000,F,NB,0000050175,USD,33049.86,20250612,20250612,20250612,20250826,COMPRAS1,Z030,30,1000,300,,B,2,X,05
100,4500000530,1000,F,NB,0000050138,USD,9847.71,20250613,20250613,20250613,20250803,COMPRAS2,Z030,30,1000,300,,B,2,X,05
100,4500000531,1000,F,NB,0000050041,USD,35737.19,20250614,20250614,20250614,20250910,COMPRAS2,Z030,30,1000,200,,B,2,X,05
100,4500000532,1000,F,NB,0000050128,USD,26198.15,20250615,20250615,20250615,20250823,COMPRAS3,Z030,30,1000,200,,B,2,X,05
100,4500000533,1000,F,NB,0000050184,USD,8611.8,20250616,20250616,20250616,20250801,COMPRAS2,Z030,30,1000,300,,B,2,X,05
100,4500000534,1000,F,NB,0000050142,USD,4080.3,20250617,20250617,20250617,20250729,COMPRAS1,Z030,30,1000,100,,B,2,X,05
100,4500000535,1000,F,NB,0000050128,USD,42600.99,20250618,20250618,20250618,20250827,COMPRAS1,Z030,30,1000,200,,B,2,X,05
100,4500000536,1000,F,NB,0000050217,USD,30342.89,20250619,20250619,20250619,20250826,COMPRAS3,Z030,30,1000,300,,B,2,X,05
100,4500000537,2000,F,UB,0000050173,USD,3919.93,20250620,20250620,20250620,20250720,COMPRAS1,Z030,30,1000,100,,B,2,X,05
100,4500000538,2000,F,UB,0000050001,USD,13243.2,20250621,20250621,20250621,20250731,COMPRAS3,Z030,30,1000,300,,B,2,X,05
100,4500000539,1000,F,UB,0000050068,USD,48038.88,20250622,20250622,20250622,20250809,COMPRAS1,Z030,30,1000,200,,B,2,X,05
100,4500000540,2000,F,NB,0000050202,USD,13180.74,20250623,20250623,20250623,20250802,COMPRAS1,Z030,30,1000,300,,B,2,X,05
100,4500000541,1000,F,NB,0000050181,USD,56947.44,20250624,20250624,20250624,20250810,COMPRAS2,Z030,30,1000,200,,B,2,X,05
100,4500000542,2000,F,NB,0000050109,USD,59751.45,20250625,20250625,20250625,20250807,COMPRAS2,Z030,30,1000,200,,B,2,X,05
100,4500000543,1000,F,NB,0000050240,USD,11759.28,20250626,20250626,20250626,20250812,COMPRAS3,Z030,30,1000,300,,B,2,X,05
100,4500000544,2000,F,NB,0000050002,USD,6440.6,20250627,20250627,20250627,20250829,COMPRAS2,Z030,30,1000,300,,B,2,X,05
100,4500000545,2000,F,NB,0000050217,USD,11974.41,20250628,20250628,20250628,20250908,COMPRAS1,Z030,30,1000,200,,B,2,X,05
100,4500000546,2000,F,NB,0000050053,USD,29297.86,20250629,20250629,20250629,20250907,COMPRAS1,Z030,30,1000,200,,B,2,X,05
100,4500000547,2000,F,NB,0000050123,USD,59285.74,20250630,20250630,20250630,20250926,COMPRAS3,Z030,30,1000,200,,B,2,X,05
100,4500000548,2000,F,NB,0000050114,USD,47461.26,20250701,20250701,20250701,20250916,COMPRAS3,Z030,30,1000,200,,B,2,X,05
100,4500000549,2000,F,UB,0000050026,USD,66663.8,20250702,20250702,20250702,20250920,COMPRAS3,Z030,30,1000,200,,B,2,X,05
100,4500000550,2000,F,NB,0000050299,USD,2659.8,20250703,20250703,20250703,20250904,COMPRAS2,Z030,30,1000,200,,B,2,X,05
100,4500000551,2000,F,UB,0000050000,USD,42868.41,20250704,20250704,20250704,20250925,COMPRAS3,Z030,30,1000,300,,B,2,X,05
100,4500000552,1000,F,NB,0000050103,USD,37105.53,20250705,20250705,20250705,20250813,COMPRAS1,Z030,30,1000,200,,B,2,X,05
100,4500000553,1000,F,NB,0000050134,USD,16969.74,20250706,20250706,20250706,20250905,COMPRAS1,Z030,30,1000,200,,B,2,X,05
100,4500000554,1000,F,NB,0000050195,USD,12048.68,20250707,20250707,20250707,20250810,COMPRAS2,Z030,30,1000,100,,B,2,X,05
100,4500000555,1000,F,NB,0000050125,USD,24507.36,20250708,20250708,20250708,20250822,COMPRAS2,Z030,30,1000,300,,B,2,X,05
100,4500000556,1000,F,NB,0000050092,USD,8444.78,20250709,20250709,20250709,20251005,COMPRAS1,Z030,30,1000,100,,B,2,X,05
100,4500000557,2000,F,NB,0000050248,USD,62322.05,20250710,20250710,20250710,20250825,COMPRAS3,Z030,30,1000,100,,B,2,X,05
100,4500000558,2000,F,NB,0000050103,USD,619.12,20250711,20250711,20250711,20250823,COMPRAS3,Z030,30,1000,200,,B,2,X,05
100,4500000559,1000,F,NB,0000050120,USD,15205.28,20250712,20250712,20250712,20250815,COMPRAS2,Z030,30,1000,300,,B,2,X,05
100,4500000560,2000,F,NB,0000050014,USD,1410.47,20250713,20250713,20250713,20250926,COMPRAS1,Z030,30,1000,200,,B,2,X,05
100,4500000561,2000,F,NB,0000050156,USD,43443.7,20250714,20250714,20250714,20250919,COMPRAS2,Z030,30,1000,100,,B,2,X,05
100,4500000562,2000,F,NB,0000050244,USD,47116.18,20250715,20250715,20250715,20250821,COMPRAS1,Z030,30,1000,200,,B,2,X,05
100,4500000563,2000,F,NB,0000050271,USD,30863.25,20250716,20250716,20250716,20250921,COMPRAS2,Z030,30,1000,300,,B,2,X,05
100,4500000564,1000,F,NB,0000050196,USD,47982.63,20250717,20250717,20250717,20250912,COMPRAS2,Z030,30,1000,200,,B,2,X,05
100,4500000565,1000,F,UB,0000050299,USD,39299.76,20250718,20250718,20250718,20251012,COMPRAS1,Z030,30,1000,100,,B,2,X,05
100,4500000566,2000,F,NB,0000050177,USD,6636.2,20250719,20250719,20250719,20251004,COMPRAS3,Z030,30,1000,300,,B,2,X,05
100,4500000567,2000,F,UB,0000050250,USD,26384.12,20250720,20250720,20250720,20250821,COMPRAS3,Z030,30,1000,200,,B,2,X,05
100,4500000568,2000,F,UB,0000050216,USD,4727.07,20250721,20250721,20250721,20250928,COMPRAS1,Z030,30,1000,300,,B,2,X,05
100,4500000569,2000,F,NB,0000050137,USD,35117.23,20250722,20250722,20250722,20250915,COMPRAS2,Z030,30,1000,300,,B,2,X,05
100,4500000570,1000,F,NB,0000050181,USD,49302.79,20250723,20250723,20250723,20250917,COMPRAS3,Z030,30,1000,300,,B,2,X,05
100,4500000571,1000,F,NB,0000050289,USD,32386.02,20250724,20250724,20250724,20250830,COMPRAS3,Z030,30,1000,200,,B,2,X,05
100,4500000572,1000,F,NB,0000050112,USD,18411.84,20250725,20250725,20250725,20250901,COMPRAS1,Z030,30,1000,100,,B,2,X,05
100,4500000573,2000,F,NB,0000050159,USD,71438.45,20250726,20250726,20250726,20250828,COMPRAS2,Z030,30,1000,100,,B,2,X,05
100,4500000574,1000,F,NB,0000050133,USD,16292.44,20250727,20250727,20250727,20251023,COMPRAS3,Z030,30,1000,100,,B,2,X,05
100,4500000575,2000,F,NB,0000050199,USD,4596.54,20250728,20250728,20250728,20250928,COMPRAS2,Z030,30,1000,100,,B,2,X,05
100,4500000576,1000,F,NB,0000050268,USD,12013.12,20250729,20250729,20250729,20251008,COMPRAS3,Z030,30,1000,200,,B,2,X,05
100,4500000577,2000,F,NB,0000050191,USD,26587.4,20250730,20250730,20250730,20250908,COMPRAS2,Z030,30,1000,100,,B,2,X,05
100,4500000578,1000,F,NB,0000050065,USD,16630.59,20250731,20250731,20250731,20250907,COMPRAS3,Z030,30,1000,300,,B,2,X,05
100,4500000579,2000,F,UB,0000050211,USD,49006.56,20250801,20250801,20250801,20251022,COMPRAS3,Z030,30,1000,300,,B,2,X,05
100,4500000580,2000,F,NB,0000050071,USD,58949.58,20250802,20250802,20250802,20251002,COMPRAS3,Z030,30,1000,100,,B,2,X,05
100,4500000581,2000,F,NB,0000050217,USD,30404.35,20250803,20250803,20250803,20251013,COMPRAS1,Z030,30,1000,100,,B,2,X,05
100,4500000582,2000,F,NB,0000050297,USD,27627.0,20250804,20250804,20250804,20251026,COMPRAS1,Z030,30,1000,200,,B,2,X,05
100,4500000583,1000,F,NB,0000050176,USD,17232.72,20250805,20250805,20250805,20250912,COMPRAS3,Z030,30,1000,200,,B,2,X,05
100,4500000584,2000,F,NB,0000050231,USD,24772.97,20250806,20250806,20250806,20251024,COMPRAS2,Z030,30,1000,200,,B,2,X,05
100,4500000585,2000,F,NB,0000050149,USD,3909.54,20250807,20250807,20250807,20251014,COMPRAS3,Z030,30,1000,100,,B,2,X,05
100,4500000586,1000,F,NB,0000050037,USD,17902.44,20250808,20250808,20250808,20251005,COMPRAS2,Z030,30,1000,200,,B,2,X,05
100,4500000587,1000,F,NB,0000050068,USD,82730.55,20250809,20250809,20250809,20251020,COMPRAS3,Z030,30,1000,200,,B,2,X,05
100,4500000588,2000,F,NB,0000050245,USD,61409.77,20250810,20250810,20250810,20250914,COMPRAS3,Z030,30,1000,200,,B,2,X,05
100,4500000589,2000,F,NB,0000050227,USD,39657.68,20250811,20250811,20250811,20251017,COMPRAS1,Z030,30,1000,200,,B,2,X,05
100,4500000590,1000,F,NB,0000050296,USD,16185.16,20250812,20250812,20250812,20251005,COMPRAS1,Z030,30,1000,300,,B,2,X,05
100,4500000591,1000,F,UB,0000050209,USD,38624.49,20250813,20250813,20250813,20250912,COMPRAS3,Z030,30,1000,300,,B,2,X,05
100,4500000592,2000,F,NB,0000050244,USD,14652.23,20250814,20250814,20250814,20250929,COMPRAS3,Z030,30,1000,100,,B,2,X,05
100,4500000593,2000,F,NB,0000050215,USD,46000.36,20250815,20250815,20250815,20250916,COMPRAS2,Z030,30,1000,200,,B,2,X,05
100,4500000594,2000,F,NB,0000050103,USD,10103.95,20250816,20250816,20250816,20251022,COMPRAS3,Z030,30,1000,200,,B,2,X,05
100,4500000595,2000,F,NB,0000050281,USD,29122.71,20250817,20250817,20250817,20250924,COMPRAS3,Z030,30,1000,100,,B,2,X,05
100,4500000596,2000,F,NB,0000050065,USD,38964.04,20250818,20250818,20250818,20251025,COMPRAS2,Z030,30,1000,300,,B,2,X,05
100,4500000597,1000,F,UB,0000050013,USD,7211.72,20250819,20250819,20250819,20251117,COMPRAS2,Z030,30,1000,200,,B,2,X,05
100,4500000598,2000,F,NB,0000050118,USD,42396.61,20250820,20250820,20250820,20251118,COMPRAS3,Z030,30,1000,200,,B,2,X,05
100,4500000599,1000,F,NB,0000050268,USD,312.61,20250821,20250821,20250821,20251118,COMPRAS3,Z030,30,1000,300,,B,2,X,05
100,4500000600,1000,F,NB,0000050183,USD,20602.08,20250822,20250822,20250822,20251108,COMPRAS2,Z030,30,1000,300,,B,2,X,05
100,4500000601,1000,F,NB,0000050295,USD,54005.89,20250823,20250823,20250823,20251110,COMPRAS1,Z030,30,1000,100,,B,2,X,05
100,4500000602,2000,F,NB,0000050239,USD,39714.41,20250824,20250824,20250824,20251101,COMPRAS2,Z030,30,1000,300,,B,2,X,05
100,4500000603,2000,F,NB,0000050146,USD,6980.92,20250825,20250825,20250825,20251030,COMPRAS3,Z030,30,1000,100,,B,2,X,05
100,4500000604,1000,F,NB,0000050092,USD,21078.21,20250826,20250826,20250826,20250929,COMPRAS2,Z030,30,1000,300,,B,2,X,05
100,4500000605,1000,F,NB,0000050174,USD,60306.2,20250827,20250827,20250827,20251123,COMPRAS1,Z030,30,1000,300,,B,2,X,05
100,4500000606,2000,F,NB,0000050224,USD,54692.23,20250828,20250828,20250828,20251030,COMPRAS2,Z030,30,1000,100,,B,2,X,05
100,4500000607,2000,F,NB,0000050241,USD,16083.61,20250829,20250829,20250829,20251103,COMPRAS2,Z030,30,1000,200,,B,2,X,05
100,4500000608,2000,F,NB,0000050048,USD,43599.59,20250830,20250830,20250830,20251101,COMPRAS3,Z030,30,1000,100,,B,2,X,05
100,4500000609,1000,F,NB,0000050214,USD,5298.24,20250831,20250831,20250831,20251129,COMPRAS1,Z030,30,1000,100,,B,2,X,05
100,4500000610,2000,F,NB,0000050221,USD,35571.85,20250901,20250901,20250901,20251027,COMPRAS2,Z030,30,1000,100,,B,2,X,05
100,4500000611,1000,F,NB,0000050211,USD,7059.85,20250902,20250902,20250902,20251015,COMPRAS1,Z030,30,1000,300,,B,2,X,05
100,4500000612,2000,F,NB,0000050222,USD,20268.85,20250903,20250903,20250903,20251202,COMPRAS2,Z030,30,1000,100,,B,2,X,05
100,4500000613,2000,F,NB,0000050176,USD,33123.0,20250904,20250904,20250904,20251012,COMPRAS2,Z030,30,1000,200,,B,2,X,05
100,4500000614,1000,F,UB,0000050173,USD,46755.6,20250905,20250905,20250905,20251022,COMPRAS3,Z030,30,1000,300,,B,2,X,05
100,4500000615,2000,F,NB,0000050045,USD,34449.57,20250906,20250906,20250906,20251019,COMPRAS3,Z030,30,1000,300,,B,2,X,05
100,4500000616,2000,F,NB,0000050240,USD,46624.25,20250907,20250907,20250907,20251121,COMPRAS1,Z030,30,1000,300,,B,2,X,05
100,4500000617,1000,F,NB,0000050261,USD,4915.82,20250908,20250908,20250908,20251120,COMPRAS3,Z030,30,1000,200,,B,2,X,05
100,4500000618,2000,F,NB,0000050140,USD,52792.68,20250909,20250909,20250909,20251204,COMPRAS1,Z030,30,1000,200,,B,2,X,05
100,4500000619,1000,F,NB,0000050014,USD,15647.21,20250910,20250910,20250910,20251010,COMPRAS2,Z030,30,1000,200,,B,2,X,05
100,4500000620,2000,F,NB,0000050184,USD,38147.68,20250911,20250911,20250911,20251031,COMPRAS2,Z030,30,1000,200,,B,2,X,05
100,4500000621,2000,F,NB,0000050224,USD,14248.12,20250912,20250912,20250912,20251119,COMPRAS3,Z030,30,1000,300,,B,2,X,05
100,4500000622,2000,F,NB,0000050239,USD,2897.32,20250913,20250913,20250913,20251106,COMPRAS1,Z030,30,1000,100,,B,2,X,05
100,4500000623,1000,F,NB,0000050201,USD,10411.7,20250914,20250914,20250914,20251115,COMPRAS2,Z030,30,1000,300,,B,2,X,05
100,4500000624,2000,F,UB,0000050292,USD,4619.52,20250915,20250915,20250915,20251129,COMPRAS1,Z030,30,1000,300,,B,2,X,05
100,4500000625,1000,F,UB,0000050048,USD,7327.26,20250916,20250916,20250916,20251112,COMPRAS1,Z030,30,1000,100,,B,2,X,05
100,4500000626,2000,F,NB,0000050185,USD,21947.08,20250917,20250917,20250917,20251108,COMPRAS1,Z030,30,1000,100,,B,2,X,05
100,4500000627,2000,F,NB,0000050269,USD,36980.54,20250918,20250918,20250918,20251204,COMPRAS1,Z030,30,1000,300,,B,2,X,05
100,4500000628,1000,F,NB,0000050199,USD,33235.68,20250919,20250919,20250919,20251025,COMPRAS3,Z030,30,1000,200,,B,2,X,05
100,4500000629,2000,F,UB,0000050142,USD,15595.75,20250920,20250920,20250920,20251123,COMPRAS2,Z030,30,1000,200,,B,2,X,05
100,4500000630,1000,F,NB,0000050075,USD,28964.67,20250921,20250921,20250921,20251119,COMPRAS1,Z030,30,1000,100,,B,2,X,05
100,4500000631,2000,F,NB,0000050087,USD,25237.59,20250922,20250922,20250922,20251107,COMPRAS3,Z030,30,1000,200,,B,2,X,05
100,4500000632,1000,F,NB,0000050101,USD,21157.34,20250923,20250923,20250923,20251210,COMPRAS3,Z030,30,1000,100,,B,2,X,05
100,4500000633,1000,F,NB,0000050092,USD,7801.5,20250924,20250924,20250924,20251130,COMPRAS3,Z030,30,1000,200,,B,2,X,05
100,4500000634,1000,F,NB,0000050225,USD,3990.69,20250925,20250925,20250925,20251104,COMPRAS2,Z030,30,1000,100,,B,2,X,05
100,4500000635,1000,F,NB,0000050244,USD,46038.33,20250926,20250926,20250926,20251110,COMPRAS3,Z030,30,1000,100,,B,2,X,05
100,4500000636,1000,F,NB,0000050086,USD,32601.6,20250927,20250927,20250927,20251113,COMPRAS1,Z030,30,1000,300,,B,2,X,05
100,4500000637,2000,F,UB,0000050268,USD,25271.44,20250928,20250928,20250928,20251112,COMPRAS1,Z030,30,1000,300,,B,2,X,05
100,4500000638,2000,F,NB,0000050010,USD,13554.36,20250929,20250929,20250929,20251222,COMPRAS2,Z030,30,1000,300,,B,2,X,05
100,4500000639,2000,F,UB,0000050299,USD,15025.72,20250930,20250930,20250930,20251115,COMPRAS2,Z030,30,1000,300,,B,2,X,05
100,4500000640,1000,F,NB,0000050036,USD,38934.4,20251001,20251001,20251001,20251218,COMPRAS1,Z030,30,1000,200,,B,2,X,05
100,4500000641,2000,F,NB,0000050193,USD,1929.06,20251002,20251002,20251002,20251217,COMPRAS1,Z030,30,1000,200,,B,2,X,05
100,4500000642,2000,F,UB,0000050053,USD,233.66,20251003,20251003,20251003,20251210,COMPRAS1,Z030,30,1000,300,,B,2,X,05
100,4500000643,2000,F,NB,0000050067,USD,20695.0,20251004,20251004,20251004,20251124,COMPRAS2,Z030,30,1000,200,,B,2,X,05
100,4500000644,1000,F,NB,0000050220,USD,8347.99,20251005,20251005,20251005,20251120,COMPRAS3,Z030,30,1000,300,,B,2,X,05
100,4500000645,1000,F,NB,0000050173,USD,68130.78,20251006,20251006,20251006,20251219,COMPRAS2,Z030,30,1000,100,,B,2,X,05
100,4500000646,2000,F,NB,0000050096,USD,39688.47,20251007,20251007,20251007,20251118,COMPRAS3,Z030,30,1000,300,,B,2,X,05
100,4500000647,2000,F,NB,0000050018,USD,10641.24,20251008,20251008,20251008,20251215,COMPRAS2,Z030,30,1000,200,,B,2,X,05
100,4500000648,2000,F,NB,0000050294,USD,48259.82,20251009,20251009,20251009,20251215,COMPRAS1,Z030,30,1000,100,,B,2,X,05
100,4500000649,1000,F,NB,0000050150,USD,33746.39,20251010,20251010,20251010,20251230,COMPRAS1,Z030,30,1000,300,,B,2,X,05
100,4500000650,1000,F,NB,0000050198,USD,24861.46,20251011,20251011,20251011,20260109,COMPRAS1,Z030,30,1000,200,,B,2,X,05
100,4500000651,2000,F,NB,0000050081,USD,6807.6,20251012,20251012,20251012,20260103,COMPRAS1,Z030,30,1000,100,,B,2,X,05
100,4500000652,2000,F,NB,0000050084,USD,1803.62,20251013,20251013,20251013,20251130,COMPRAS1,Z030,30,1000,300,,B,2,X,05
100,4500000653,2000,F,NB,0000050188,USD,35185.4,20251014,20251014,20251014,20251203,COMPRAS2,Z030,30,1000,300,,B,2,X,05
100,4500000654,2000,F,NB,0000050011,USD,25317.81,20251015,20251015,20251015,20251130,COMPRAS3,Z030,30,1000,300,,B,2,X,05
100,4500000655,2000,F,UB,0000050156,USD,2297.73,20251016,20251016,20251016,20251211,COMPRAS1,Z030,30,1000,100,,B,2,X,05
100,4500000656,1000,F,NB,0000050026,USD,8526.58,20251017,20251017,20251017,20251218,COMPRAS3,Z030,30,1000,200,,B,2,X,05
100,4500000657,1000,F,NB,0000050232,USD,33664.68,20251018,20251018,20251018,20260114,COMPRAS3,Z030,30,1000,200,,B,2,X,05
100,4500000658,2000,F,NB,0000050208,USD,48634.11,20251019,20251019,20251019,20251218,COMPRAS1,Z030,30,1000,100,,B,2,X,05
100,4500000659,1000,F,NB,0000050073,USD,29472.3,20251020,20251020,20251020,20251126,COMPRAS3,Z030,30,1000,200,,B,2,X,05
100,4500000660,2000,F,NB,0000050001,USD,14179.51,20251021,20251021,20251021,20251121,COMPRAS2,Z030,30,1000,100,,B,2,X,05
100,4500000661,2000,F,NB,0000050193,USD,2673.11,20251022,20251022,20251022,20251217,COMPRAS3,Z030,30,1000,200,,B,2,X,05
100,4500000662,2000,F,UB,0000050180,USD,7612.4,20251023,20251023,20251023,20251228,COMPRAS3,Z030,30,1000,300,,B,2,X,05
100,4500000663,1000,F,NB,0000050224,USD,50481.16,20251024,20251024,20251024,20260106,COMPRAS2,Z030,30,1000,100,,B,2,X,05
100,4500000664,1000,F,NB,0000050249,USD,43152.55,20251025,20251025,20251025,20251230,COMPRAS1,Z030,30,1000,200,,B,2,X,05
100,4500000665,2000,F,NB,0000050215,USD,30539.67,20251026,20251026,20251026,20260122,COMPRAS1,Z030,30,1000,200,,B,2,X,05
100,4500000666,1000,F,NB,0000050094,USD,1226.21,20251027,20251027,20251027,20260120,COMPRAS2,Z030,30,1000,100,,B,2,X,05
100,4500000667,1000,F,NB,0000050079,USD,9461.48,20251028,20251028,20251028,20251222,COMPRAS2,Z030,30,1000,200,,B,2,X,05
100,4500000668,2000,F,NB,0000050119,USD,37081.86,20251029,20251029,20251029,20251215,COMPRAS1,Z030,30,1000,200,,B,2,X,05
100,4500000669,1000,F,NB,0000050256,USD,19769.4,20251030,20251030,20251030,20260103,COMPRAS1,Z030,30,1000,100,,B,2,X,05
100,4500000670,1000,F,NB,0000050170,USD,27249.06,20251031,20251031,20251031,20260104,COMPRAS2,Z030,30,1000,200,,B,2,X,05
100,4500000671,2000,F,UB,0000050190,USD,697.28,20251101,20251101,20251101,20260117,COMPRAS2,Z030,30,1000,300,,B,2,X,05
100,4500000672,2000,F,NB,0000050004,USD,24797.68,20251102,20251102,20251102,20251220,COMPRAS1,Z030,30,1000,100,,B,2,X,05
100,4500000673,2000,F,NB,0000050298,USD,39897.42,20251103,20251103,20251103,20260114,COMPRAS2,Z030,30,1000,100,,B,2,X,05
100,4500000674,1000,F,NB,0000050247,USD,48765.62,20251104,20251104,20251104,20260121,COMPRAS2,Z030,30,1000,200,,B,2,X,05
100,4500000675,1000,F,NB,0000050033,USD,68474.36,20251105,20251105,20251105,20260123,COMPRAS2,Z030,30,1000,100,,B,2,X,05
100,4500000676,1000,F,NB,0000050065,USD,15825.41,20251106,20251106,20251106,20251216,COMPRAS3,Z030,30,1000,300,,B,2,X,05
100,4500000677,1000,F,NB,0000050285,USD,18029.52,20251107,20251107,20251107,20251223,COMPRAS1,Z030,30,1000,200,,B,2,X,05
100,4500000678,1000,F,NB,0000050069,USD,36478.54,20251108,20251108,20251108,20251208,COMPRAS3,Z030,30,1000,100,,B,2,X,05
100,4500000679,1000,F,NB,0000050165,USD,30736.02,20251109,20251109,20251109,20251211,COMPRAS3,Z030,30,1000,100,,B,2,X,05
100,4500000680,1000,F,NB,0000050098,USD,1393.95,20251110,20251110,20251110,20251217,COMPRAS3,Z030,30,1000,300,,B,2,X,05
100,4500000681,2000,F,NB,0000050192,USD,36841.28,20251111,20251111,20251111,20260117,COMPRAS1,Z030,30,1000,300,,B,2,X,05
100,4500000682,1000,F,NB,0000050120,USD,16250.85,20251112,20251112,20251112,20260107,COMPRAS1,Z030,30,1000,100,,B,2,X,05
100,4500000683,1000,F,NB,0000050148,USD,45348.91,20251113,20251113,20251113,20260111,COMPRAS2,Z030,30,1000,300,,B,2,X,05
100,4500000684,2000,F,NB,0000050299,USD,13121.39,20251114,20251114,20251114,20260130,COMPRAS2,Z030,30,1000,200,,B,2,X,05
100,4500000685,2000,F,NB,0000050253,USD,9262.62,20251115,20251115,20251115,20260207,COMPRAS3,Z030,30,1000,300,,B,2,X,05
100,4500000686,1000,F,NB,0000050011,USD,34041.35,20251116,20251116,20251116,20251218,COMPRAS3,Z030,30,1000,200,,B,2,X,05
100,4500000687,2000,F,NB,0000050097,USD,14116.44,20251117,20251117,20251117,20260121,COMPRAS2,Z030,30,1000,200,,B,2,X,05
100,4500000688,1000,F,NB,0000050095,USD,21973.46,20251118,20251118,20251118,20260121,COMPRAS2,Z030,30,1000,100,,B,2,X,05
100,4500000689,1000,F,NB,0000050165,USD,9448.62,20251119,20251119,20251119,20260209,COMPRAS2,Z030,30,1000,100,,B,2,X,05
100,4500000690,2000,F,NB,0000050289,USD,736.56,20251120,20251120,20251120,20260113,COMPRAS2,Z030,30,1000,200,,B,2,X,05
100,4500000691,1000,F,NB,0000050091,USD,25497.22,20251121,20251121,20251121,20260206,COMPRAS3,Z030,30,1000,300,,B,2,X,05
100,4500000692,2000,F,NB,0000050240,USD,6484.59,20251122,20251122,20251122,20251227,COMPRAS2,Z030,30,1000,200,,B,2,X,05
100,4500000693,1000,F,UB,0000050215,USD,16918.0,20251123,20251123,20251123,20260217,COMPRAS3,Z030,30,1000,200,,B,2,X,05
100,4500000694,1000,F,NB,0000050015,USD,46605.6,20251124,20251124,20251124,20260120,COMPRAS2,Z030,30,1000,300,,B,2,X,05
100,4500000695,2000,F,NB,0000050216,USD,49191.78,20251125,20251125,20251125,20251225,COMPRAS3,Z030,30,1000,100,,B,2,X,05
100,4500000696,2000,F,NB,0000050126,USD,12934.36,20251126,20251126,20251126,20260214,COMPRAS3,Z030,30,1000,200,,B,2,X,05
100,4500000697,1000,F,UB,0000050144,USD,27127.44,20251127,20251127,20251127,20260125,COMPRAS2,Z030,30,1000,200,,B,2,X,05
100,4500000698,2000,F,UB,0000050173,USD,28884.36,20251128,20251128,20251128,20260102,COMPRAS1,Z030,30,1000,200,,B,2,X,05
100,4500000699,2000,F,NB,0000050221,USD,19979.38,20251129,20251129,20251129,20260129,COMPRAS3,Z030,30,1000,300,,B,2,X,05
100,4500000700,1000,F,NB,0000050008,USD,58222.23,20251130,20251130,20251130,20260118,COMPRAS2,Z030,30,1000,200,,B,2,X,05
100,4500000701,2000,F,NB,0000050295,USD,11768.31,20251201,20251201,20251201,20260109,COMPRAS2,Z030,30,1000,200,,B,2,X,05
100,4500000702,1000,F,NB,0000050214,USD,52648.79,20251202,20251202,20251202,20260217,COMPRAS1,Z030,30,1000,100,,B,2,X,05
100,4500000703,2000,F,NB,0000050148,USD,29500.34,20251203,20251203,20251203,20260123,COMPRAS3,Z030,30,1000,100,,B,2,X,05
100,4500000704,2000,F,NB,0000050235,USD,52676.25,20251204,20251204,20251204,20260108,COMPRAS3,Z030,30,1000,200,,B,2,X,05
100,4500000705,1000,F,UB,0000050069,USD,295.34,20251205,20251205,20251205,20260115,COMPRAS3,Z030,30,1000,200,,B,2,X,05
100,4500000706,1000,F,NB,0000050202,USD,9360.64,20251206,20251206,20251206,20260111,COMPRAS2,Z030,30,1000,300,,B,2,X,05
100,4500000707,2000,F,UB,0000050227,USD,61.4,20251207,20251207,20251207,20260215,COMPRAS2,Z030,30,1000,300,,B,2,X,05
100,4500000708,1000,F,NB,0000050139,USD,54026.64,20251208,20251208,20251208,20260203,COMPRAS2,Z030,30,1000,300,,B,2,X,05
100,4500000709,2000,F,NB,0000050264,USD,3139.84,20251209,20251209,20251209,20260206,COMPRAS1,Z030,30,1000,300,,B,2,X,05
100,4500000710,1000,F,NB,0000050092,USD,66409.1,20251210,20251210,20251210,20260122,COMPRAS2,Z030,30,1000,300,,B,2,X,05
100,4500000711,2000,F,NB,0000050171,USD,20392.59,20251211,20251211,20251211,20260219,COMPRAS1,Z030,30,1000,300,,B,2,X,05
100,4500000712,2000,F,NB,0000050043,USD,13554.78,20251212,20251212,20251212,20260308,COMPRAS3,Z030,30,1000,200,,B,2,X,05
100,4500000713,2000,F,NB,0000050139,USD,4904.16,20251213,20251213,20251213,20260130,COMPRAS1,Z030,30,1000,200,,B,2,X,05
100,4500000714,2000,F,NB,0000050256,USD,5275.9,20251214,20251214,20251214,20260312,COMPRAS3,Z030,30,1000,200,,B,2,X,05
100,4500000715,2000,F,NB,0000050166,USD,52701.75,20251215,20251215,20251215,20260306,COMPRAS2,Z030,30,1000,200,,B,2,X,05
100,4500000716,2000,F,NB,0000050036,USD,29316.87,20251216,20251216,20251216,20260203,COMPRAS2,Z030,30,1000,100,,B,2,X,05
100,4500000717,1000,F,NB,0000050298,USD,54284.82,20251217,20251217,20251217,20260119,COMPRAS2,Z030,30,1000,300,,B,2,X,05
100,4500000718,2000,F,UB,0000050132,USD,91037.38,20251218,20251218,20251218,20260226,COMPRAS3,Z030,30,1000,300,,B,2,X,05
100,4500000719,2000,F,NB,0000050186,USD,48735.53,20251219,20251219,20251219,20260224,COMPRAS3,Z030,30,1000,100,,B,2,X,05
100,4500000720,1000,F,NB,0000050093,USD,39017.6,20251220,20251220,20251220,20260312,COMPRAS1,Z030,30,1000,100,,B,2,X,05
100,4500000721,2000,F,NB,0000050260,USD,24512.43,20251221,20251221,20251221,20260227,COMPRAS1,Z030,30,1000,300,,B,2,X,05
100,4500000722,1000,F,UB,0000050191,USD,29307.23,20251222,20251222,20251222,20260318,COMPRAS1,Z030,30,1000,300,,B,2,X,05
100,4500000723,2000,F,NB,0000050284,USD,706.03,20251223,20251223,20251223,20260131,COMPRAS1,Z030,30,1000,300,,B,2,X,05
100,4500000724,1000,F,NB,0000050120,USD,27187.33,20251224,20251224,20251224,20260214,COMPRAS3,Z030,30,1000,300,,B,2,X,05
100,4500000725,2000,F,NB,0000050248,USD,28148.04,20251225,20251225,20251225,20260124,COMPRAS1,Z030,30,1000,300,,B,2,X,05
100,4500000726,1000,F,NB,0000050269,USD,25755.61,20251226,20251226,20251226,20260301,COMPRAS3,Z030,30,1000,300,,B,2,X,05
100,4500000727,2000,F,NB,0000050251,USD,52632.66,20251227,20251227,20251227,20260207,COMPRAS2,Z030,30,1000,300,,B,2,X,05
100,4500000728,2000,F,NB,0000050169,USD,36325.48,20251228,20251228,20251228,20260208,COMPRAS2,Z030,30,1000,300,,B,2,X,05
100,4500000729,1000,F,NB,0000050220,USD,4282.79,20251229,20251229,20251229,20260215,COMPRAS1,Z030,30,1000,300,,B,2,X,05
100,4500000730,1000,F,NB,0000050147,USD,1501.28,20251230,20251230,20251230,20260129,COMPRAS2,Z030,30,1000,300,,B,2,X,05
100,4500000731,2000,F,UB,0000050242,USD,61480.03,20251231,20251231,20251231,20260223,COMPRAS1,Z030,30,1000,300,,B,2,X,05
