MANDT,KOKRS,BELNR,BUZEI,LEDNR,OBJNR,GJAHR,WRTTP,VERSN,KSTAR,VRGNG,PERIO,KOSTL,WTGBTR,WOGBTR,WKGBTR,MEGBTR,MEINH,REFBN,REFBT,BUDAT,BEKNZ
100,1000,0000300001,001,00,KS1000MANT100,2024,04,000,0000400000,COIN,001,MANT100,35147.01,35147.01,35147.01,0,,4500000001,EKKO,20240101,S
100,1000,0000300002,001,00,KS1000MANT200,2024,04,000,0000400000,COIN,001,MANT200,48963.66,48963.66,48963.66,0,,4500000002,EKKO,20240102,S
100,1000,0000300003,001,00,KS1000MIN200,2024,04,000,0000400000,COIN,001,MIN200,44952.42,44952.42,44952.42,0,,4500000003,EKKO,20240103,S
100,1000,0000300004,001,00,KS1000LAB100,2024,04,000,0000400000,COIN,001,LAB100,12552.31,12552.31,12552.31,0,,4500000004,EKKO,20240104,S
100,1000,0000300005,001,00,KS1000LOG100,2024,04,000,0000400000,COIN,001,LOG100,5248.24,5248.24,5248.24,0,,4500000005,EKKO,20240105,S
100,1000,0000300006,001,00,KS1000LAB100,2024,04,000,0000400000,COIN,001,LAB100,25819.0,25819.0,25819.0,0,,4500000006,EKKO,20240106,S
100,1000,0000300007,001,00,KS1000LAB100,2024,04,000,0000400000,COIN,001,LAB100,29710.52,29710.52,29710.52,0,,4500000007,EKKO,20240107,S
100,1000,0000300008,001,00,KS1000MANT200,2024,04,000,0000400000,COIN,001,MANT200,31687.24,31687.24,31687.24,0,,4500000008,EKKO,20240108,S
100,1000,0000300009,001,00,KS1000LAB100,2024,04,000,0000400000,COIN,001,LAB100,33683.38,33683.38,33683.38,0,,4500000009,EKKO,20240109,S
100,1000,0000300010,001,00,KS1000REF100,2024,04,000,0000400000,COIN,001,REF100,33809.81,33809.81,33809.81,0,,4500000010,EKKO,20240110,S
100,1000,0000300011,001,00,KS1000MANT100,2024,04,000,0000400000,COIN,001,MANT100,14152.03,14152.03,14152.03,0,,4500000011,EKKO,20240111,S
100,1000,0000300012,001,00,KS1000LOG100,2024,04,000,0000400000,COIN,001,LOG100,30115.54,30115.54,30115.54,0,,4500000012,EKKO,20240112,S
100,1000,0000300013,001,00,KS1000LOG100,2024,04,000,0000400000,COIN,001,LOG100,49249.38,49249.38,49249.38,0,,4500000013,EKKO,20240113,S
100,1000,0000300014,001,00,KS1000LAB100,2024,04,000,0000400000,COIN,001,LAB100,11568.4,11568.4,11568.4,0,,4500000014,EKKO,20240114,S
100,1000,0000300015,001,00,KS1000LOG100,2024,04,000,0000400000,COIN,001,LOG100,49500.88,49500.88,49500.88,0,,4500000015,EKKO,20240115,S
100,1000,0000300016,001,00,KS1000REF100,2024,04,000,0000400000,COIN,001,REF100,16909.08,16909.08,16909.08,0,,4500000016,EKKO,20240116,S
100,1000,0000300017,001,00,KS1000MANT100,2024,04,000,0000400000,COIN,001,MANT100,28738.79,28738.79,28738.79,0,,4500000017,EKKO,20240117,S
100,1000,0000300018,001,00,KS1000PLAN100,2024,04,000,0000400000,COIN,001,PLAN100,34284.21,34284.21,34284.21,0,,4500000018,EKKO,20240118,S
100,1000,0000300019,001,00,KS1000MIN100,2024,04,000,0000400000,COIN,001,MIN100,21946.23,21946.23,21946.23,0,,4500000019,EKKO,20240119,S
100,1000,0000300020,001,00,KS1000MANT100,2024,04,000,0000400000,COIN,001,MANT100,11530.62,11530.62,11530.62,0,,4500000020,EKKO,20240120,S
100,1000,0000300021,001,00,KS1000MANT100,2024,04,000,0000400000,COIN,001,MANT100,46151.29,46151.29,46151.29,0,,4500000021,EKKO,20240121,S
100,1000,0000300022,001,00,KS1000LOG100,2024,04,000,0000400000,COIN,001,LOG100,32563.21,32563.21,32563.21,0,,4500000022,EKKO,20240122,S
100,1000,0000300023,001,00,KS1000MANT100,2024,04,000,0000400000,COIN,001,MANT100,7586.06,7586.06,7586.06,0,,4500000023,EKKO,20240123,S
100,1000,0000300024,001,00,KS1000PLAN100,2024,04,000,0000400000,COIN,001,PLAN100,35916.97,35916.97,35916.97,0,,4500000024,EKKO,20240124,S
100,1000,0000300025,001,00,KS1000LOG100,2024,04,000,0000400000,COIN,001,LOG100,34137.71,34137.71,34137.71,0,,4500000025,EKKO,20240125,S
100,1000,0000300026,001,00,KS1000MIN100,2024,04,000,0000400000,COIN,001,MIN100,6922.6,6922.6,6922.6,0,,4500000026,EKKO,20240126,S
100,1000,0000300027,001,00,KS1000MIN100,2024,04,000,0000400000,COIN,001,MIN100,28781.43,28781.43,28781.43,0,,4500000027,EKKO,20240127,S
100,1000,0000300028,001,00,KS1000REF100,2024,04,000,0000400000,COIN,001,REF100,3754.26,3754.26,3754.26,0,,4500000028,EKKO,20240128,S
100,1000,0000300029,001,00,KS1000MIN100,2024,04,000,0000400000,COIN,001,MIN100,25078.71,25078.71,25078.71,0,,4500000029,EKKO,20240129,S
100,1000,0000300030,001,00,KS1000MANT100,2024,04,000,0000400000,COIN,001,MANT100,37826.18,37826.18,37826.18,0,,4500000030,EKKO,20240130,S
100,1000,0000300031,001,00,KS1000MANT200,2024,04,000,0000400000,COIN,001,MANT200,12846.69,12846.69,12846.69,0,,4500000031,EKKO,20240131,S
100,1000,0000300032,001,00,KS1000REF100,2024,04,000,0000400000,COIN,002,REF100,6563.77,6563.77,6563.77,0,,4500000032,EKKO,20240201,S
100,1000,0000300033,001,00,KS1000LAB100,2024,04,000,0000400000,COIN,002,LAB100,44737.43,44737.43,44737.43,0,,4500000033,EKKO,20240202,S
100,1000,0000300034,001,00,KS1000MANT200,2024,04,000,0000400000,COIN,002,MANT200,12321.42,12321.42,12321.42,0,,4500000034,EKKO,20240203,S
100,1000,0000300035,001,00,KS1000MANT200,2024,04,000,0000400000,COIN,002,MANT200,42605.22,42605.22,42605.22,0,,4500000035,EKKO,20240204,S
100,1000,0000300036,001,00,KS1000LOG100,2024,04,000,0000400000,COIN,002,LOG100,27367.82,27367.82,27367.82,0,,4500000036,EKKO,20240205,S
100,1000,0000300037,001,00,KS1000LOG100,2024,04,000,0000400000,COIN,002,LOG100,5266.79,5266.79,5266.79,0,,4500000037,EKKO,20240206,S
100,1000,0000300038,001,00,KS1000MIN100,2024,04,000,0000400000,COIN,002,MIN100,16068.19,16068.19,16068.19,0,,4500000038,EKKO,20240207,S
100,1000,0000300039,001,00,KS1000MIN100,2024,04,000,0000400000,COIN,002,MIN100,14450.78,14450.78,14450.78,0,,4500000039,EKKO,20240208,S
100,1000,0000300040,001,00,KS1000MANT100,2024,04,000,0000400000,COIN,002,MANT100,30455.66,30455.66,30455.66,0,,4500000040,EKKO,20240209,S
100,1000,0000300041,001,00,KS1000MANT200,2024,04,000,0000400000,COIN,002,MANT200,31938.0,31938.0,31938.0,0,,4500000041,EKKO,20240210,S
100,1000,0000300042,001,00,KS1000REF100,2024,04,000,0000400000,COIN,002,REF100,31113.35,31113.35,31113.35,0,,4500000042,EKKO,20240211,S
100,1000,0000300043,001,00,KS1000LAB100,2024,04,000,0000400000,COIN,002,LAB100,45043.57,45043.57,45043.57,0,,4500000043,EKKO,20240212,S
100,1000,0000300044,001,00,KS1000LAB100,2024,04,000,0000400000,COIN,002,LAB100,3549.01,3549.01,3549.01,0,,4500000044,EKKO,20240213,S
100,1000,0000300045,001,00,KS1000MANT100,2024,04,000,0000400000,COIN,002,MANT100,31041.87,31041.87,31041.87,0,,4500000045,EKKO,20240214,S
100,1000,0000300046,001,00,KS1000MANT100,2024,04,000,0000400000,COIN,002,MANT100,38938.85,38938.85,38938.85,0,,4500000046,EKKO,20240215,S
100,1000,0000300047,001,00,KS1000REF100,2024,04,000,0000400000,COIN,002,REF100,13455.39,13455.39,13455.39,0,,4500000047,EKKO,20240216,S
100,1000,0000300048,001,00,KS1000LOG100,2024,04,000,0000400000,COIN,002,LOG100,49607.53,49607.53,49607.53,0,,4500000048,EKKO,20240217,S
100,1000,0000300049,001,00,KS1000LAB100,2024,04,000,0000400000,COIN,002,LAB100,30221.33,30221.33,30221.33,0,,4500000049,EKKO,20240218,S
100,1000,0000300050,001,00,KS1000LAB100,2024,04,000,0000400000,COIN,002,LAB100,8817.48,8817.48,8817.48,0,,4500000050,EKKO,20240219,S
100,1000,0000300051,001,00,KS1000REF100,2024,04,000,0000400000,COIN,002,REF100,35946.23,35946.23,35946.23,0,,4500000051,EKKO,20240220,S
100,1000,0000300052,001,00,KS1000MIN200,2024,04,000,0000400000,COIN,002,MIN200,1326.43,1326.43,1326.43,0,,4500000052,EKKO,20240221,S
100,1000,0000300053,001,00,KS1000PLAN100,2024,04,000,0000400000,COIN,002,PLAN100,45289.67,45289.67,45289.67,0,,4500000053,EKKO,20240222,S
100,1000,0000300054,001,00,KS1000REF100,2024,04,000,0000400000,COIN,002,REF100,43882.56,43882.56,43882.56,0,,4500000054,EKKO,20240223,S
100,1000,0000300055,001,00,KS1000MIN200,2024,04,000,0000400000,COIN,002,MIN200,27494.5,27494.5,27494.5,0,,4500000055,EKKO,20240224,S
100,1000,0000300056,001,00,KS1000LAB100,2024,04,000,0000400000,COIN,002,LAB100,16366.62,16366.62,16366.62,0,,4500000056,EKKO,20240225,S
100,1000,0000300057,001,00,KS1000PLAN100,2024,04,000,0000400000,COIN,002,PLAN100,2284.0,2284.0,2284.0,0,,4500000057,EKKO,20240226,S
100,1000,0000300058,001,00,KS1000MANT200,2024,04,000,0000400000,COIN,002,MANT200,27585.89,27585.89,27585.89,0,,4500000058,EKKO,20240227,S
100,1000,0000300059,001,00,KS1000MIN200,2024,04,000,0000400000,COIN,002,MIN200,16559.36,16559.36,16559.36,0,,4500000059,EKKO,20240228,S
100,1000,0000300060,001,00,KS1000MIN100,2024,04,000,0000400000,COIN,002,MIN100,35451.55,35451.55,35451.55,0,,4500000060,EKKO,20240229,S
100,1000,0000300061,001,00,KS1000LAB100,2024,04,000,0000400000,COIN,003,LAB100,6411.82,6411.82,6411.82,0,,4500000061,EKKO,20240301,S
100,1000,0000300062,001,00,KS1000MIN100,2024,04,000,0000400000,COIN,003,MIN100,30507.74,30507.74,30507.74,0,,4500000062,EKKO,20240302,S
100,1000,0000300063,001,00,KS1000LOG100,2024,04,000,0000400000,COIN,003,LOG100,10650.55,10650.55,10650.55,0,,4500000063,EKKO,20240303,S
100,1000,0000300064,001,00,KS1000MANT100,2024,04,000,0000400000,COIN,003,MANT100,41828.24,41828.24,41828.24,0,,4500000064,EKKO,20240304,S
100,1000,0000300065,001,00,KS1000MANT200,2024,04,000,0000400000,COIN,003,MANT200,49078.44,49078.44,49078.44,0,,4500000065,EKKO,20240305,S
100,1000,0000300066,001,00,KS1000MANT200,2024,04,000,0000400000,COIN,003,MANT200,41505.75,41505.75,41505.75,0,,4500000066,EKKO,20240306,S
100,1000,0000300067,001,00,KS1000LOG100,2024,04,000,0000400000,COIN,003,LOG100,49767.72,49767.72,49767.72,0,,4500000067,EKKO,20240307,S
100,1000,0000300068,001,00,KS1000LOG100,2024,04,000,0000400000,COIN,003,LOG100,45183.38,45183.38,45183.38,0,,4500000068,EKKO,20240308,S
100,1000,0000300069,001,00,KS1000LOG100,2024,04,000,0000400000,COIN,003,LOG100,20395.18,20395.18,20395.18,0,,4500000069,EKKO,20240309,S
100,1000,0000300070,001,00,KS1000LOG100,2024,04,000,0000400000,COIN,003,LOG100,21476.38,21476.38,21476.38,0,,4500000070,EKKO,20240310,S
100,1000,0000300071,001,00,KS1000MANT100,2024,04,000,0000400000,COIN,003,MANT100,6080.89,6080.89,6080.89,0,,4500000071,EKKO,20240311,S
100,1000,0000300072,001,00,KS1000MANT100,2024,04,000,0000400000,COIN,003,MANT100,40905.56,40905.56,40905.56,0,,4500000072,EKKO,20240312,S
100,1000,0000300073,001,00,KS1000REF100,2024,04,000,0000400000,COIN,003,REF100,40948.71,40948.71,40948.71,0,,4500000073,EKKO,20240313,S
100,1000,0000300074,001,00,KS1000LAB100,2024,04,000,0000400000,COIN,003,LAB100,39514.88,39514.88,39514.88,0,,4500000074,EKKO,20240314,S
100,1000,0000300075,001,00,KS1000LOG100,2024,04,000,0000400000,COIN,003,LOG100,10646.49,10646.49,10646.49,0,,4500000075,EKKO,20240315,S
100,1000,0000300076,001,00,KS1000PLAN100,2024,04,000,0000400000,COIN,003,PLAN100,16001.8,16001.8,16001.8,0,,4500000076,EKKO,20240316,S
100,1000,0000300077,001,00,KS1000LAB100,2024,04,000,0000400000,COIN,003,LAB100,29604.39,29604.39,29604.39,0,,4500000077,EKKO,20240317,S
100,1000,0000300078,001,00,KS1000LAB100,2024,04,000,0000400000,COIN,003,LAB100,27135.73,27135.73,27135.73,0,,4500000078,EKKO,20240318,S
100,1000,0000300079,001,00,KS1000MIN200,2024,04,000,0000400000,COIN,003,MIN200,24476.71,24476.71,24476.71,0,,4500000079,EKKO,20240319,S
100,1000,0000300080,001,00,KS1000LOG100,2024,04,000,0000400000,COIN,003,LOG100,3548.64,3548.64,3548.64,0,,4500000080,EKKO,20240320,S
100,1000,0000300081,001,00,KS1000LAB100,2024,04,000,0000400000,COIN,003,LAB100,29359.8,29359.8,29359.8,0,,4500000081,EKKO,20240321,S
100,1000,0000300082,001,00,KS1000REF100,2024,04,000,0000400000,COIN,003,REF100,44366.72,44366.72,44366.72,0,,4500000082,EKKO,20240322,S
100,1000,0000300083,001,00,KS1000LAB100,2024,04,000,0000400000,COIN,003,LAB100,30152.97,30152.97,30152.97,0,,4500000083,EKKO,20240323,S
100,1000,0000300084,001,00,KS1000MIN100,2024,04,000,0000400000,COIN,003,MIN100,41120.95,41120.95,41120.95,0,,4500000084,EKKO,20240324,S
100,1000,0000300085,001,00,KS1000MANT200,2024,04,000,0000400000,COIN,003,MANT200,28386.01,28386.01,28386.01,0,,4500000085,EKKO,20240325,S
100,1000,0000300086,001,00,KS1000LOG100,2024,04,000,0000400000,COIN,003,LOG100,44612.0,44612.0,44612.0,0,,4500000086,EKKO,20240326,S
100,1000,0000300087,001,00,KS1000LOG100,2024,04,000,0000400000,COIN,003,LOG100,1916.86,1916.86,1916.86,0,,4500000087,EKKO,20240327,S
100,1000,0000300088,001,00,KS1000REF100,2024,04,000,0000400000,COIN,003,REF100,42620.55,42620.55,42620.55,0,,4500000088,EKKO,20240328,S
100,1000,0000300089,001,00,KS1000LOG100,2024,04,000,0000400000,COIN,003,LOG100,9315.98,9315.98,9315.98,0,,4500000089,EKKO,20240329,S
100,1000,0000300090,001,00,KS1000LAB100,2024,04,000,0000400000,COIN,003,LAB100,6658.7,6658.7,6658.7,0,,4500000090,EKKO,20240330,S
100,1000,0000300091,001,00,KS1000MIN100,2024,04,000,0000400000,COIN,003,MIN100,8900.62,8900.62,8900.62,0,,4500000091,EKKO,20240331,S
100,1000,0000300092,001,00,KS1000REF100,2024,04,000,0000400000,COIN,004,REF100,18028.85,18028.85,18028.85,0,,4500000092,EKKO,20240401,S
100,1000,0000300093,001,00,KS1000REF100,2024,04,000,0000400000,COIN,004,REF100,33072.07,33072.07,33072.07,0,,4500000093,EKKO,20240402,S
100,1000,0000300094,001,00,KS1000REF100,2024,04,000,0000400000,COIN,004,REF100,46183.26,46183.26,46183.26,0,,4500000094,EKKO,20240403,S
100,1000,0000300095,001,00,KS1000MANT100,2024,04,000,0000400000,COIN,004,MANT100,18589.26,18589.26,18589.26,0,,4500000095,EKKO,20240404,S
100,1000,0000300096,001,00,KS1000LOG100,2024,04,000,0000400000,COIN,004,LOG100,35569.29,35569.29,35569.29,0,,4500000096,EKKO,20240405,S
100,1000,0000300097,001,00,KS1000LAB100,2024,04,000,0000400000,COIN,004,LAB100,29385.11,29385.11,29385.11,0,,4500000097,EKKO,20240406,S
100,1000,0000300098,001,00,KS1000MANT100,2024,04,000,0000400000,COIN,004,MANT100,47598.32,47598.32,47598.32,0,,4500000098,EKKO,20240407,S
100,1000,0000300099,001,00,KS1000LAB100,2024,04,000,0000400000,COIN,004,LAB100,10671.99,10671.99,10671.99,0,,4500000099,EKKO,20240408,S
100,1000,0000300100,001,00,KS1000LAB100,2024,04,000,0000400000,COIN,004,LAB100,30244.6,30244.6,30244.6,0,,4500000100,EKKO,20240409,S
100,1000,0000300101,001,00,KS1000MIN200,2024,04,000,0000400000,COIN,004,MIN200,28342.22,28342.22,28342.22,0,,4500000101,EKKO,20240410,S
100,1000,0000300102,001,00,KS1000MANT200,2024,04,000,0000400000,COIN,004,MANT200,10421.69,10421.69,10421.69,0,,4500000102,EKKO,20240411,S
100,1000,0000300103,001,00,KS1000LAB100,2024,04,000,0000400000,COIN,004,LAB100,18246.98,18246.98,18246.98,0,,4500000103,EKKO,20240412,S
100,1000,0000300104,001,00,KS1000PLAN100,2024,04,000,0000400000,COIN,004,PLAN100,34902.02,34902.02,34902.02,0,,4500000104,EKKO,20240413,S
100,1000,0000300105,001,00,KS1000MANT100,2024,04,000,0000400000,COIN,004,MANT100,29816.71,29816.71,29816.71,0,,4500000105,EKKO,20240414,S
100,1000,0000300106,001,00,KS1000MIN100,2024,04,000,0000400000,COIN,004,MIN100,12515.75,12515.75,12515.75,0,,4500000106,EKKO,20240415,S
100,1000,0000300107,001,00,KS1000PLAN100,2024,04,000,0000400000,COIN,004,PLAN100,36905.82,36905.82,36905.82,0,,4500000107,EKKO,20240416,S
100,1000,0000300108,001,00,KS1000PLAN100,2024,04,000,0000400000,COIN,004,PLAN100,25151.61,25151.61,25151.61,0,,4500000108,EKKO,20240417,S
100,1000,0000300109,001,00,KS1000REF100,2024,04,000,0000400000,COIN,004,REF100,6093.41,6093.41,6093.41,0,,4500000109,EKKO,20240418,S
100,1000,0000300110,001,00,KS1000LOG100,2024,04,000,0000400000,COIN,004,LOG100,4884.08,4884.08,4884.08,0,,4500000110,EKKO,20240419,S
100,1000,0000300111,001,00,KS1000MIN100,2024,04,000,0000400000,COIN,004,MIN100,6439.31,6439.31,6439.31,0,,4500000111,EKKO,20240420,S
100,1000,0000300112,001,00,KS1000MIN200,2024,04,000,0000400000,COIN,004,MIN200,12065.64,12065.64,12065.64,0,,4500000112,EKKO,20240421,S
100,1000,0000300113,001,00,KS1000LAB100,2024,04,000,0000400000,COIN,004,LAB100,30700.19,30700.19,30700.19,0,,4500000113,EKKO,20240422,S
100,1000,0000300114,001,00,KS1000MIN200,2024,04,000,0000400000,COIN,004,MIN200,10818.92,10818.92,10818.92,0,,4500000114,EKKO,20240423,S
100,1000,0000300115,001,00,KS1000MIN100,2024,04,000,0000400000,COIN,004,MIN100,13664.5,13664.5,13664.5,0,,4500000115,EKKO,20240424,S
100,1000,0000300116,001,00,KS1000MIN200,2024,04,000,0000400000,COIN,004,MIN200,14136.52,14136.52,14136.52,0,,4500000116,EKKO,20240425,S
100,1000,0000300117,001,00,KS1000LOG100,2024,04,000,0000400000,COIN,004,LOG100,45309.32,45309.32,45309.32,0,,4500000117,EKKO,20240426,S
100,1000,0000300118,001,00,KS1000MIN100,2024,04,000,0000400000,COIN,004,MIN100,33623.64,33623.64,33623.64,0,,4500000118,EKKO,20240427,S
100,1000,0000300119,001,00,KS1000REF100,2024,04,000,0000400000,COIN,004,REF100,7655.3,7655.3,7655.3,0,,4500000119,EKKO,20240428,S
100,1000,0000300120,001,00,KS1000LOG100,2024,04,000,0000400000,COIN,004,LOG100,24515.43,24515.43,24515.43,0,,4500000120,EKKO,20240429,S
100,1000,0000300121,001,00,KS1000PLAN100,2024,04,000,0000400000,COIN,004,PLAN100,21104.86,21104.86,21104.86,0,,4500000121,EKKO,20240430,S
100,1000,0000300122,001,00,KS1000REF100,2024,04,000,0000400000,COIN,005,REF100,37411.12,37411.12,37411.12,0,,4500000122,EKKO,20240501,S
100,1000,0000300123,001,00,KS1000LAB100,2024,04,000,0000400000,COIN,005,LAB100,38093.4,38093.4,38093.4,0,,4500000123,EKKO,20240502,S
100,1000,0000300124,001,00,KS1000PLAN100,2024,04,000,0000400000,COIN,005,PLAN100,32471.12,32471.12,32471.12,0,,4500000124,EKKO,20240503,S
100,1000,0000300125,001,00,KS1000PLAN100,2024,04,000,0000400000,COIN,005,PLAN100,36370.42,36370.42,36370.42,0,,4500000125,EKKO,20240504,S
100,1000,0000300126,001,00,KS1000REF100,2024,04,000,0000400000,COIN,005,REF100,33915.76,33915.76,33915.76,0,,4500000126,EKKO,20240505,S
100,1000,0000300127,001,00,KS1000REF100,2024,04,000,0000400000,COIN,005,REF100,9047.51,9047.51,9047.51,0,,4500000127,EKKO,20240506,S
100,1000,0000300128,001,00,KS1000REF100,2024,04,000,0000400000,COIN,005,REF100,41611.58,41611.58,41611.58,0,,4500000128,EKKO,20240507,S
100,1000,0000300129,001,00,KS1000REF100,2024,04,000,0000400000,COIN,005,REF100,9461.94,9461.94,9461.94,0,,4500000129,EKKO,20240508,S
100,1000,0000300130,001,00,KS1000REF100,2024,04,000,0000400000,COIN,005,REF100,15609.23,15609.23,15609.23,0,,4500000130,EKKO,20240509,S
100,1000,0000300131,001,00,KS1000PLAN100,2024,04,000,0000400000,COIN,005,PLAN100,15040.14,15040.14,15040.14,0,,4500000131,EKKO,20240510,S
100,1000,0000300132,001,00,KS1000LOG100,2024,04,000,0000400000,COIN,005,LOG100,12341.52,12341.52,12341.52,0,,4500000132,EKKO,20240511,S
100,1000,0000300133,001,00,KS1000LAB100,2024,04,000,0000400000,COIN,005,LAB100,6054.66,6054.66,6054.66,0,,4500000133,EKKO,20240512,S
100,1000,0000300134,001,00,KS1000LAB100,2024,04,000,0000400000,COIN,005,LAB100,25987.91,25987.91,25987.91,0,,4500000134,EKKO,20240513,S
100,1000,0000300135,001,00,KS1000LOG100,2024,04,000,0000400000,COIN,005,LOG100,5355.64,5355.64,5355.64,0,,4500000135,EKKO,20240514,S
100,1000,0000300136,001,00,KS1000LAB100,2024,04,000,0000400000,COIN,005,LAB100,29513.39,29513.39,29513.39,0,,4500000136,EKKO,20240515,S
100,1000,0000300137,001,00,KS1000LAB100,2024,04,000,0000400000,COIN,005,LAB100,6014.76,6014.76,6014.76,0,,4500000137,EKKO,20240516,S
100,1000,0000300138,001,00,KS1000MIN100,2024,04,000,0000400000,COIN,005,MIN100,40160.14,40160.14,40160.14,0,,4500000138,EKKO,20240517,S
100,1000,0000300139,001,00,KS1000MIN200,2024,04,000,0000400000,COIN,005,MIN200,33596.49,33596.49,33596.49,0,,4500000139,EKKO,20240518,S
100,1000,0000300140,001,00,KS1000LAB100,2024,04,000,0000400000,COIN,005,LAB100,49585.61,49585.61,49585.61,0,,4500000140,EKKO,20240519,S
100,1000,0000300141,001,00,KS1000LOG100,2024,04,000,0000400000,COIN,005,LOG100,1344.34,1344.34,1344.34,0,,4500000141,EKKO,20240520,S
100,1000,0000300142,001,00,KS1000LOG100,2024,04,000,0000400000,COIN,005,LOG100,39196.14,39196.14,39196.14,0,,4500000142,EKKO,20240521,S
100,1000,0000300143,001,00,KS1000LOG100,2024,04,000,0000400000,COIN,005,LOG100,9725.7,9725.7,9725.7,0,,4500000143,EKKO,20240522,S
100,1000,0000300144,001,00,KS1000LAB100,2024,04,000,0000400000,COIN,005,LAB100,8621.09,8621.09,8621.09,0,,4500000144,EKKO,20240523,S
100,1000,0000300145,001,00,KS1000LAB100,2024,04,000,0000400000,COIN,005,LAB100,38360.72,38360.72,38360.72,0,,4500000145,EKKO,20240524,S
100,1000,0000300146,001,00,KS1000LAB100,2024,04,000,0000400000,COIN,005,LAB100,2663.76,2663.76,2663.76,0,,4500000146,EKKO,20240525,S
100,1000,0000300147,001,00,KS1000REF100,2024,04,000,0000400000,COIN,005,REF100,27189.17,27189.17,27189.17,0,,4500000147,EKKO,20240526,S
100,1000,0000300148,001,00,KS1000MIN200,2024,04,000,0000400000,COIN,005,MIN200,42666.54,42666.54,42666.54,0,,4500000148,EKKO,20240527,S
100,1000,0000300149,001,00,KS1000REF100,2024,04,000,0000400000,COIN,005,REF100,12308.64,12308.64,12308.64,0,,4500000149,EKKO,20240528,S
100,1000,0000300150,001,00,KS1000MANT200,2024,04,000,0000400000,COIN,005,MANT200,33960.25,33960.25,33960.25,0,,4500000150,EKKO,20240529,S
100,1000,0000300151,001,00,KS1000REF100,2024,04,000,0000400000,COIN,005,REF100,13243.51,13243.51,13243.51,0,,4500000151,EKKO,20240530,S
100,1000,0000300152,001,00,KS1000REF100,2024,04,000,0000400000,COIN,005,REF100,49354.62,49354.62,49354.62,0,,4500000152,EKKO,20240531,S
100,1000,0000300153,001,00,KS1000REF100,2024,04,000,0000400000,COIN,006,REF100,42061.56,42061.56,42061.56,0,,4500000153,EKKO,20240601,S
100,1000,0000300154,001,00,KS1000LOG100,2024,04,000,0000400000,COIN,006,LOG100,33544.68,33544.68,33544.68,0,,4500000154,EKKO,20240602,S
100,1000,0000300155,001,00,KS1000PLAN100,2024,04,000,0000400000,COIN,006,PLAN100,8943.05,8943.05,8943.05,0,,4500000155,EKKO,20240603,S
100,1000,0000300156,001,00,KS1000LOG100,2024,04,000,0000400000,COIN,006,LOG100,40438.91,40438.91,40438.91,0,,4500000156,EKKO,20240604,S
100,1000,0000300157,001,00,KS1000REF100,2024,04,000,0000400000,COIN,006,REF100,25151.75,25151.75,25151.75,0,,4500000157,EKKO,20240605,S
100,1000,0000300158,001,00,KS1000REF100,2024,04,000,0000400000,COIN,006,REF100,12673.49,12673.49,12673.49,0,,4500000158,EKKO,20240606,S
100,1000,0000300159,001,00,KS1000MANT100,2024,04,000,0000400000,COIN,006,MANT100,26267.51,26267.51,26267.51,0,,4500000159,EKKO,20240607,S
100,1000,0000300160,001,00,KS1000REF100,2024,04,000,0000400000,COIN,006,REF100,20721.04,20721.04,20721.04,0,,4500000160,EKKO,20240608,S
100,1000,0000300161,001,00,KS1000MIN200,2024,04,000,0000400000,COIN,006,MIN200,38122.9,38122.9,38122.9,0,,4500000161,EKKO,20240609,S
100,1000,0000300162,001,00,KS1000MIN100,2024,04,000,0000400000,COIN,006,MIN100,4544.03,4544.03,4544.03,0,,4500000162,EKKO,20240610,S
100,1000,0000300163,001,00,KS1000LAB100,2024,04,000,0000400000,COIN,006,LAB100,42905.15,42905.15,42905.15,0,,4500000163,EKKO,20240611,S
100,1000,0000300164,001,00,KS1000PLAN100,2024,04,000,0000400000,COIN,006,PLAN100,47820.93,47820.93,47820.93,0,,4500000164,EKKO,20240612,S
100,1000,0000300165,001,00,KS1000LOG100,2024,04,000,0000400000,COIN,006,LOG100,24582.16,24582.16,24582.16,0,,4500000165,EKKO,20240613,S
100,1000,0000300166,001,00,KS1000MANT200,2024,04,000,0000400000,COIN,006,MANT200,27875.26,27875.26,27875.26,0,,4500000166,EKKO,20240614,S
100,1000,0000300167,001,00,KS1000LAB100,2024,04,000,0000400000,COIN,006,LAB100,20500.21,20500.21,20500.21,0,,4500000167,EKKO,20240615,S
100,1000,0000300168,001,00,KS1000MIN100,2024,04,000,0000400000,COIN,006,MIN100,5074.47,5074.47,5074.47,0,,4500000168,EKKO,20240616,S
100,1000,0000300169,001,00,KS1000LAB100,2024,04,000,0000400000,COIN,006,LAB100,930.23,930.23,930.23,0,,4500000169,EKKO,20240617,S
100,1000,0000300170,001,00,KS1000REF100,2024,04,000,0000400000,COIN,006,REF100,21144.57,21144.57,21144.57,0,,4500000170,EKKO,20240618,S
100,1000,0000300171,001,00,KS1000MIN100,2024,04,000,0000400000,COIN,006,MIN100,25950.75,25950.75,25950.75,0,,4500000171,EKKO,20240619,S
100,1000,0000300172,001,00,KS1000MIN100,2024,04,000,0000400000,COIN,006,MIN100,41260.61,41260.61,41260.61,0,,4500000172,EKKO,20240620,S
100,1000,0000300173,001,00,KS1000LAB100,2024,04,000,0000400000,COIN,006,LAB100,987.96,987.96,987.96,0,,4500000173,EKKO,20240621,S
100,1000,0000300174,001,00,KS1000MANT200,2024,04,000,0000400000,COIN,006,MANT200,21919.03,21919.03,21919.03,0,,4500000174,EKKO,20240622,S
100,1000,0000300175,001,00,KS1000MANT100,2024,04,000,0000400000,COIN,006,MANT100,33557.01,33557.01,33557.01,0,,4500000175,EKKO,20240623,S
100,1000,0000300176,001,00,KS1000MIN200,2024,04,000,0000400000,COIN,006,MIN200,19749.24,19749.24,19749.24,0,,4500000176,EKKO,20240624,S
100,1000,0000300177,001,00,KS1000LOG100,2024,04,000,0000400000,COIN,006,LOG100,6829.53,6829.53,6829.53,0,,4500000177,EKKO,20240625,S
100,1000,0000300178,001,00,KS1000MIN200,2024,04,000,0000400000,COIN,006,MIN200,44487.46,44487.46,44487.46,0,,4500000178,EKKO,20240626,S
100,1000,0000300179,001,00,KS1000LAB100,2024,04,000,0000400000,COIN,006,LAB100,2669.45,2669.45,2669.45,0,,4500000179,EKKO,20240627,S
100,1000,0000300180,001,00,KS1000REF100,2024,04,000,0000400000,COIN,006,REF100,5691.2,5691.2,5691.2,0,,4500000180,EKKO,20240628,S
100,1000,0000300181,001,00,KS1000LAB100,2024,04,000,0000400000,COIN,006,LAB100,13186.19,13186.19,13186.19,0,,4500000181,EKKO,20240629,S
100,1000,0000300182,001,00,KS1000PLAN100,2024,04,000,0000400000,COIN,006,PLAN100,19160.33,19160.33,19160.33,0,,4500000182,EKKO,20240630,S
100,1000,0000300183,001,00,KS1000LOG100,2024,04,000,0000400000,COIN,007,LOG100,48951.48,48951.48,48951.48,0,,4500000183,EKKO,20240701,S
100,1000,0000300184,001,00,KS1000PLAN100,2024,04,000,0000400000,COIN,007,PLAN100,16648.06,16648.06,16648.06,0,,4500000184,EKKO,20240702,S
100,1000,0000300185,001,00,KS1000LOG100,2024,04,000,0000400000,COIN,007,LOG100,7062.94,7062.94,7062.94,0,,4500000185,EKKO,20240703,S
100,1000,0000300186,001,00,KS1000PLAN100,2024,04,000,0000400000,COIN,007,PLAN100,4589.67,4589.67,4589.67,0,,4500000186,EKKO,20240704,S
100,1000,0000300187,001,00,KS1000PLAN100,2024,04,000,0000400000,COIN,007,PLAN100,14622.43,14622.43,14622.43,0,,4500000187,EKKO,20240705,S
100,1000,0000300188,001,00,KS1000PLAN100,2024,04,000,0000400000,COIN,007,PLAN100,46554.69,46554.69,46554.69,0,,4500000188,EKKO,20240706,S
100,1000,0000300189,001,00,KS1000MANT100,2024,04,000,0000400000,COIN,007,MANT100,18120.59,18120.59,18120.59,0,,4500000189,EKKO,20240707,S
100,1000,0000300190,001,00,KS1000LOG100,2024,04,000,0000400000,COIN,007,LOG100,45616.65,45616.65,45616.65,0,,4500000190,EKKO,20240708,S
100,1000,0000300191,001,00,KS1000LOG100,2024,04,000,0000400000,COIN,007,LOG100,14261.28,14261.28,14261.28,0,,4500000191,EKKO,20240709,S
100,1000,0000300192,001,00,KS1000PLAN100,2024,04,000,0000400000,COIN,007,PLAN100,22239.31,22239.31,22239.31,0,,4500000192,EKKO,20240710,S
100,1000,0000300193,001,00,KS1000MANT100,2024,04,000,0000400000,COIN,007,MANT100,15089.78,15089.78,15089.78,0,,4500000193,EKKO,20240711,S
100,1000,0000300194,001,00,KS1000REF100,2024,04,000,0000400000,COIN,007,REF100,33106.31,33106.31,33106.31,0,,4500000194,EKKO,20240712,S
100,1000,0000300195,001,00,KS1000MIN100,2024,04,000,0000400000,COIN,007,MIN100,14797.8,14797.8,14797.8,0,,4500000195,EKKO,20240713,S
100,1000,0000300196,001,00,KS1000MANT100,2024,04,000,0000400000,COIN,007,MANT100,39450.75,39450.75,39450.75,0,,4500000196,EKKO,20240714,S
100,1000,0000300197,001,00,KS1000LAB100,2024,04,000,0000400000,COIN,007,LAB100,49585.69,49585.69,49585.69,0,,4500000197,EKKO,20240715,S
100,1000,0000300198,001,00,KS1000LOG100,2024,04,000,0000400000,COIN,007,LOG100,5834.15,5834.15,5834.15,0,,4500000198,EKKO,20240716,S
100,1000,0000300199,001,00,KS1000MANT100,2024,04,000,0000400000,COIN,007,MANT100,20890.33,20890.33,20890.33,0,,4500000199,EKKO,20240717,S
100,1000,0000300200,001,00,KS1000LOG100,2024,04,000,0000400000,COIN,007,LOG100,13227.97,13227.97,13227.97,0,,4500000200,EKKO,20240718,S
100,1000,0000300201,001,00,KS1000MIN100,2024,04,000,0000400000,COIN,007,MIN100,47095.33,47095.33,47095.33,0,,4500000201,EKKO,20240719,S
100,1000,0000300202,001,00,KS1000MANT200,2024,04,000,0000400000,COIN,007,MANT200,16615.34,16615.34,16615.34,0,,4500000202,EKKO,20240720,S
100,1000,0000300203,001,00,KS1000MANT100,2024,04,000,0000400000,COIN,007,MANT100,15402.31,15402.31,15402.31,0,,4500000203,EKKO,20240721,S
100,1000,0000300204,001,00,KS1000MANT100,2024,04,000,0000400000,COIN,007,MANT100,21321.9,21321.9,21321.9,0,,4500000204,EKKO,20240722,S
100,1000,0000300205,001,00,KS1000MANT100,2024,04,000,0000400000,COIN,007,MANT100,24507.04,24507.04,24507.04,0,,4500000205,EKKO,20240723,S
100,1000,0000300206,001,00,KS1000PLAN100,2024,04,000,0000400000,COIN,007,PLAN100,3876.93,3876.93,3876.93,0,,4500000206,EKKO,20240724,S
100,1000,0000300207,001,00,KS1000LAB100,2024,04,000,0000400000,COIN,007,LAB100,37092.52,37092.52,37092.52,0,,4500000207,EKKO,20240725,S
100,1000,0000300208,001,00,KS1000REF100,2024,04,000,0000400000,COIN,007,REF100,16195.16,16195.16,16195.16,0,,4500000208,EKKO,20240726,S
100,1000,0000300209,001,00,KS1000PLAN100,2024,04,000,0000400000,COIN,007,PLAN100,37932.25,37932.25,37932.25,0,,4500000209,EKKO,20240727,S
100,1000,0000300210,001,00,KS1000PLAN100,2024,04,000,0000400000,COIN,007,PLAN100,33483.9,33483.9,33483.9,0,,4500000210,EKKO,20240728,S
100,1000,0000300211,001,00,KS1000MANT200,2024,04,000,0000400000,COIN,007,MANT200,15250.55,15250.55,15250.55,0,,4500000211,EKKO,20240729,S
100,1000,0000300212,001,00,KS1000MANT100,2024,04,000,0000400000,COIN,007,MANT100,43297.2,43297.2,43297.2,0,,4500000212,EKKO,20240730,S
100,1000,0000300213,001,00,KS1000LOG100,2024,04,000,0000400000,COIN,007,LOG100,30713.64,30713.64,30713.64,0,,4500000213,EKKO,20240731,S
100,1000,0000300214,001,00,KS1000MIN100,2024,04,000,0000400000,COIN,008,MIN100,12875.11,12875.11,12875.11,0,,4500000214,EKKO,20240801,S
100,1000,0000300215,001,00,KS1000MIN100,2024,04,000,0000400000,COIN,008,MIN100,24045.14,24045.14,24045.14,0,,4500000215,EKKO,20240802,S
100,1000,0000300216,001,00,KS1000PLAN100,2024,04,000,0000400000,COIN,008,PLAN100,15040.43,15040.43,15040.43,0,,4500000216,EKKO,20240803,S
100,1000,0000300217,001,00,KS1000REF100,2024,04,000,0000400000,COIN,008,REF100,12260.98,12260.98,12260.98,0,,4500000217,EKKO,20240804,S
100,1000,0000300218,001,00,KS1000LOG100,2024,04,000,0000400000,COIN,008,LOG100,5346.93,5346.93,5346.93,0,,4500000218,EKKO,20240805,S
100,1000,0000300219,001,00,KS1000MANT200,2024,04,000,0000400000,COIN,008,MANT200,35293.8,35293.8,35293.8,0,,4500000219,EKKO,20240806,S
100,1000,0000300220,001,00,KS1000PLAN100,2024,04,000,0000400000,COIN,008,PLAN100,47447.27,47447.27,47447.27,0,,4500000220,EKKO,20240807,S
100,1000,0000300221,001,00,KS1000LAB100,2024,04,000,0000400000,COIN,008,LAB100,13401.31,13401.31,13401.31,0,,4500000221,EKKO,20240808,S
100,1000,0000300222,001,00,KS1000MIN200,2024,04,000,0000400000,COIN,008,MIN200,30954.71,30954.71,30954.71,0,,4500000222,EKKO,20240809,S
100,1000,0000300223,001,00,KS1000LAB100,2024,04,000,0000400000,COIN,008,LAB100,24502.24,24502.24,24502.24,0,,4500000223,EKKO,20240810,S
100,1000,0000300224,001,00,KS1000REF100,2024,04,000,0000400000,COIN,008,REF100,37545.99,37545.99,37545.99,0,,4500000224,EKKO,20240811,S
100,1000,0000300225,001,00,KS1000LAB100,2024,04,000,0000400000,COIN,008,LAB100,37021.72,37021.72,37021.72,0,,4500000225,EKKO,20240812,S
100,1000,0000300226,001,00,KS1000LAB100,2024,04,000,0000400000,COIN,008,LAB100,12942.28,12942.28,12942.28,0,,4500000226,EKKO,20240813,S
100,1000,0000300227,001,00,KS1000REF100,2024,04,000,0000400000,COIN,008,REF100,8579.86,8579.86,8579.86,0,,4500000227,EKKO,20240814,S
100,1000,0000300228,001,00,KS1000MIN100,2024,04,000,0000400000,COIN,008,MIN100,8626.32,8626.32,8626.32,0,,4500000228,EKKO,20240815,S
100,1000,0000300229,001,00,KS1000LAB100,2024,04,000,0000400000,COIN,008,LAB100,48549.14,48549.14,48549.14,0,,4500000229,EKKO,20240816,S
100,1000,0000300230,001,00,KS1000REF100,2024,04,000,0000400000,COIN,008,REF100,35970.62,35970.62,35970.62,0,,4500000230,EKKO,20240817,S
100,1000,0000300231,001,00,KS1000PLAN100,2024,04,000,0000400000,COIN,008,PLAN100,34031.29,34031.29,34031.29,0,,4500000231,EKKO,20240818,S
100,1000,0000300232,001,00,KS1000LAB100,2024,04,000,0000400000,COIN,008,LAB100,37984.88,37984.88,37984.88,0,,4500000232,EKKO,20240819,S
100,1000,0000300233,001,00,KS1000MIN200,2024,04,000,0000400000,COIN,008,MIN200,14754.61,14754.61,14754.61,0,,4500000233,EKKO,20240820,S
100,1000,0000300234,001,00,KS1000MIN200,2024,04,000,0000400000,COIN,008,MIN200,9431.17,9431.17,9431.17,0,,4500000234,EKKO,20240821,S
100,1000,0000300235,001,00,KS1000MANT200,2024,04,000,0000400000,COIN,008,MANT200,45730.87,45730.87,45730.87,0,,4500000235,EKKO,20240822,S
100,1000,0000300236,001,00,KS1000REF100,2024,04,000,0000400000,COIN,008,REF100,22505.1,22505.1,22505.1,0,,4500000236,EKKO,20240823,S
100,1000,0000300237,001,00,KS1000REF100,2024,04,000,0000400000,COIN,008,REF100,30160.35,30160.35,30160.35,0,,4500000237,EKKO,20240824,S
100,1000,0000300238,001,00,KS1000LAB100,2024,04,000,0000400000,COIN,008,LAB100,11218.47,11218.47,11218.47,0,,4500000238,EKKO,20240825,S
100,1000,0000300239,001,00,KS1000MANT200,2024,04,000,0000400000,COIN,008,MANT200,2940.2,2940.2,2940.2,0,,4500000239,EKKO,20240826,S
100,1000,0000300240,001,00,KS1000LOG100,2024,04,000,0000400000,COIN,008,LOG100,3071.91,3071.91,3071.91,0,,4500000240,EKKO,20240827,S
100,1000,0000300241,001,00,KS1000LAB100,2024,04,000,0000400000,COIN,008,LAB100,12192.3,12192.3,12192.3,0,,4500000241,EKKO,20240828,S
100,1000,0000300242,001,00,KS1000REF100,2024,04,000,0000400000,COIN,008,REF100,29990.16,29990.16,29990.16,0,,4500000242,EKKO,20240829,S
100,1000,0000300243,001,00,KS1000LOG100,2024,04,000,0000400000,COIN,008,LOG100,28073.78,28073.78,28073.78,0,,4500000243,EKKO,20240830,S
100,1000,0000300244,001,00,KS1000PLAN100,2024,04,000,0000400000,COIN,008,PLAN100,45181.73,45181.73,45181.73,0,,4500000244,EKKO,20240831,S
100,1000,0000300245,001,00,KS1000MANT200,2024,04,000,0000400000,COIN,009,MANT200,10881.99,10881.99,10881.99,0,,4500000245,EKKO,20240901,S
100,1000,0000300246,001,00,KS1000MANT100,2024,04,000,0000400000,COIN,009,MANT100,8385.33,8385.33,8385.33,0,,4500000246,EKKO,20240902,S
100,1000,0000300247,001,00,KS1000MIN100,2024,04,000,0000400000,COIN,009,MIN100,26783.41,26783.41,26783.41,0,,4500000247,EKKO,20240903,S
100,1000,0000300248,001,00,KS1000LOG100,2024,04,000,0000400000,COIN,009,LOG100,9864.89,9864.89,9864.89,0,,4500000248,EKKO,20240904,S
100,1000,0000300249,001,00,KS1000MANT200,2024,04,000,0000400000,COIN,009,MANT200,18602.46,18602.46,18602.46,0,,4500000249,EKKO,20240905,S
100,1000,0000300250,001,00,KS1000PLAN100,2024,04,000,0000400000,COIN,009,PLAN100,44680.97,44680.97,44680.97,0,,4500000250,EKKO,20240906,S
100,1000,0000300251,001,00,KS1000MIN200,2024,04,000,0000400000,COIN,009,MIN200,48482.46,48482.46,48482.46,0,,4500000251,EKKO,20240907,S
100,1000,0000300252,001,00,KS1000REF100,2024,04,000,0000400000,COIN,009,REF100,8376.3,8376.3,8376.3,0,,4500000252,EKKO,20240908,S
100,1000,0000300253,001,00,KS1000REF100,2024,04,000,0000400000,COIN,009,REF100,26608.67,26608.67,26608.67,0,,4500000253,EKKO,20240909,S
100,1000,0000300254,001,00,KS1000LAB100,2024,04,000,0000400000,COIN,009,LAB100,40104.85,40104.85,40104.85,0,,4500000254,EKKO,20240910,S
100,1000,0000300255,001,00,KS1000MANT100,2024,04,000,0000400000,COIN,009,MANT100,44011.48,44011.48,44011.48,0,,4500000255,EKKO,20240911,S
100,1000,0000300256,001,00,KS1000LOG100,2024,04,000,0000400000,COIN,009,LOG100,3516.42,3516.42,3516.42,0,,4500000256,EKKO,20240912,S
100,1000,0000300257,001,00,KS1000PLAN100,2024,04,000,0000400000,COIN,009,PLAN100,17659.94,17659.94,17659.94,0,,4500000257,EKKO,20240913,S
100,1000,0000300258,001,00,KS1000LOG100,2024,04,000,0000400000,COIN,009,LOG100,28414.12,28414.12,28414.12,0,,4500000258,EKKO,20240914,S
100,1000,0000300259,001,00,KS1000PLAN100,2024,04,000,0000400000,COIN,009,PLAN100,26036.72,26036.72,26036.72,0,,4500000259,EKKO,20240915,S
100,1000,0000300260,001,00,KS1000MIN100,2024,04,000,0000400000,COIN,009,MIN100,26624.59,26624.59,26624.59,0,,4500000260,EKKO,20240916,S
100,1000,0000300261,001,00,KS1000MIN100,2024,04,000,0000400000,COIN,009,MIN100,40050.9,40050.9,40050.9,0,,4500000261,EKKO,20240917,S
100,1000,0000300262,001,00,KS1000LOG100,2024,04,000,0000400000,COIN,009,LOG100,31207.56,31207.56,31207.56,0,,4500000262,EKKO,20240918,S
100,1000,0000300263,001,00,KS1000MIN200,2024,04,000,0000400000,COIN,009,MIN200,28287.41,28287.41,28287.41,0,,4500000263,EKKO,20240919,S
100,1000,0000300264,001,00,KS1000MANT200,2024,04,000,0000400000,COIN,009,MANT200,40986.2,40986.2,40986.2,0,,4500000264,EKKO,20240920,S
100,1000,0000300265,001,00,KS1000LOG100,2024,04,000,0000400000,COIN,009,LOG100,28234.16,28234.16,28234.16,0,,4500000265,EKKO,20240921,S
100,1000,0000300266,001,00,KS1000LAB100,2024,04,000,0000400000,COIN,009,LAB100,7177.7,7177.7,7177.7,0,,4500000266,EKKO,20240922,S
100,1000,0000300267,001,00,KS1000LOG100,2024,04,000,0000400000,COIN,009,LOG100,602.46,602.46,602.46,0,,4500000267,EKKO,20240923,S
100,1000,0000300268,001,00,KS1000MANT100,2024,04,000,0000400000,COIN,009,MANT100,9890.14,9890.14,9890.14,0,,4500000268,EKKO,20240924,S
100,1000,0000300269,001,00,KS1000LOG100,2024,04,000,0000400000,COIN,009,LOG100,45952.69,45952.69,45952.69,0,,4500000269,EKKO,20240925,S
100,1000,0000300270,001,00,KS1000MANT100,2024,04,000,0000400000,COIN,009,MANT100,17300.4,17300.4,17300.4,0,,4500000270,EKKO,20240926,S
100,1000,0000300271,001,00,KS1000MANT100,2024,04,000,0000400000,COIN,009,MANT100,10175.59,10175.59,10175.59,0,,4500000271,EKKO,20240927,S
100,1000,0000300272,001,00,KS1000LAB100,2024,04,000,0000400000,COIN,009,LAB100,28409.99,28409.99,28409.99,0,,4500000272,EKKO,20240928,S
100,1000,0000300273,001,00,KS1000MANT200,2024,04,000,0000400000,COIN,009,MANT200,35758.21,35758.21,35758.21,0,,4500000273,EKKO,20240929,S
100,1000,0000300274,001,00,KS1000LOG100,2024,04,000,0000400000,COIN,009,LOG100,22518.17,22518.17,22518.17,0,,4500000274,EKKO,20240930,S
100,1000,0000300275,001,00,KS1000LOG100,2024,04,000,0000400000,COIN,010,LOG100,1122.78,1122.78,1122.78,0,,4500000275,EKKO,20241001,S
100,1000,0000300276,001,00,KS1000REF100,2024,04,000,0000400000,COIN,010,REF100,41518.18,41518.18,41518.18,0,,4500000276,EKKO,20241002,S
100,1000,0000300277,001,00,KS1000LOG100,2024,04,000,0000400000,COIN,010,LOG100,33911.52,33911.52,33911.52,0,,4500000277,EKKO,20241003,S
100,1000,0000300278,001,00,KS1000MIN200,2024,04,000,0000400000,COIN,010,MIN200,9669.57,9669.57,9669.57,0,,4500000278,EKKO,20241004,S
100,1000,0000300279,001,00,KS1000REF100,2024,04,000,0000400000,COIN,010,REF100,14213.01,14213.01,14213.01,0,,4500000279,EKKO,20241005,S
100,1000,0000300280,001,00,KS1000REF100,2024,04,000,0000400000,COIN,010,REF100,41483.78,41483.78,41483.78,0,,4500000280,EKKO,20241006,S
100,1000,0000300281,001,00,KS1000MIN100,2024,04,000,0000400000,COIN,010,MIN100,43362.39,43362.39,43362.39,0,,4500000281,EKKO,20241007,S
100,1000,0000300282,001,00,KS1000LOG100,2024,04,000,0000400000,COIN,010,LOG100,32438.04,32438.04,32438.04,0,,4500000282,EKKO,20241008,S
100,1000,0000300283,001,00,KS1000LOG100,2024,04,000,0000400000,COIN,010,LOG100,37153.03,37153.03,37153.03,0,,4500000283,EKKO,20241009,S
100,1000,0000300284,001,00,KS1000LAB100,2024,04,000,0000400000,COIN,010,LAB100,11636.1,11636.1,11636.1,0,,4500000284,EKKO,20241010,S
100,1000,0000300285,001,00,KS1000LAB100,2024,04,000,0000400000,COIN,010,LAB100,10039.41,10039.41,10039.41,0,,4500000285,EKKO,20241011,S
100,1000,0000300286,001,00,KS1000REF100,2024,04,000,0000400000,COIN,010,REF100,15022.81,15022.81,15022.81,0,,4500000286,EKKO,20241012,S
100,1000,0000300287,001,00,KS1000MIN200,2024,04,000,0000400000,COIN,010,MIN200,688.08,688.08,688.08,0,,4500000287,EKKO,20241013,S
100,1000,0000300288,001,00,KS1000PLAN100,2024,04,000,0000400000,COIN,010,PLAN100,32939.02,32939.02,32939.02,0,,4500000288,EKKO,20241014,S
100,1000,0000300289,001,00,KS1000MANT200,2024,04,000,0000400000,COIN,010,MANT200,38362.63,38362.63,38362.63,0,,4500000289,EKKO,20241015,S
100,1000,0000300290,001,00,KS1000MIN200,2024,04,000,0000400000,COIN,010,MIN200,15636.18,15636.18,15636.18,0,,4500000290,EKKO,20241016,S
100,1000,0000300291,001,00,KS1000MANT200,2024,04,000,0000400000,COIN,010,MANT200,25384.96,25384.96,25384.96,0,,4500000291,EKKO,20241017,S
100,1000,0000300292,001,00,KS1000LOG100,2024,04,000,0000400000,COIN,010,LOG100,36968.6,36968.6,36968.6,0,,4500000292,EKKO,20241018,S
100,1000,0000300293,001,00,KS1000MANT200,2024,04,000,0000400000,COIN,010,MANT200,6382.15,6382.15,6382.15,0,,4500000293,EKKO,20241019,S
100,1000,0000300294,001,00,KS1000MIN200,2024,04,000,0000400000,COIN,010,MIN200,4636.26,4636.26,4636.26,0,,4500000294,EKKO,20241020,S
100,1000,0000300295,001,00,KS1000MIN200,2024,04,000,0000400000,COIN,010,MIN200,18607.31,18607.31,18607.31,0,,4500000295,EKKO,20241021,S
100,1000,0000300296,001,00,KS1000PLAN100,2024,04,000,0000400000,COIN,010,PLAN100,40653.38,40653.38,40653.38,0,,4500000296,EKKO,20241022,S
100,1000,0000300297,001,00,KS1000LOG100,2024,04,000,0000400000,COIN,010,LOG100,21867.88,21867.88,21867.88,0,,4500000297,EKKO,20241023,S
100,1000,0000300298,001,00,KS1000PLAN100,2024,04,000,0000400000,COIN,010,PLAN100,49241.12,49241.12,49241.12,0,,4500000298,EKKO,20241024,S
100,1000,0000300299,001,00,KS1000REF100,2024,04,000,0000400000,COIN,010,REF100,7751.21,7751.21,7751.21,0,,4500000299,EKKO,20241025,S
100,1000,0000300300,001,00,KS1000MIN100,2024,04,000,0000400000,COIN,010,MIN100,28660.63,28660.63,28660.63,0,,4500000300,EKKO,20241026,S
100,1000,0000300301,001,00,KS1000LOG100,2024,04,000,0000400000,COIN,010,LOG100,41884.75,41884.75,41884.75,0,,4500000301,EKKO,20241027,S
100,1000,0000300302,001,00,KS1000LOG100,2024,04,000,0000400000,COIN,010,LOG100,9368.43,9368.43,9368.43,0,,4500000302,EKKO,20241028,S
100,1000,0000300303,001,00,KS1000MIN200,2024,04,000,0000400000,COIN,010,MIN200,49821.41,49821.41,49821.41,0,,4500000303,EKKO,20241029,S
100,1000,0000300304,001,00,KS1000LAB100,2024,04,000,0000400000,COIN,010,LAB100,32746.83,32746.83,32746.83,0,,4500000304,EKKO,20241030,S
100,1000,0000300305,001,00,KS1000MANT100,2024,04,000,0000400000,COIN,010,MANT100,9235.86,9235.86,9235.86,0,,4500000305,EKKO,20241031,S
100,1000,0000300306,001,00,KS1000REF100,2024,04,000,0000400000,COIN,011,REF100,22312.33,22312.33,22312.33,0,,4500000306,EKKO,20241101,S
100,1000,0000300307,001,00,KS1000PLAN100,2024,04,000,0000400000,COIN,011,PLAN100,29353.9,29353.9,29353.9,0,,4500000307,EKKO,20241102,S
100,1000,0000300308,001,00,KS1000REF100,2024,04,000,0000400000,COIN,011,REF100,18105.29,18105.29,18105.29,0,,4500000308,EKKO,20241103,S
100,1000,0000300309,001,00,KS1000LOG100,2024,04,000,0000400000,COIN,011,LOG100,10919.93,10919.93,10919.93,0,,4500000309,EKKO,20241104,S
100,1000,0000300310,001,00,KS1000MIN100,2024,04,000,0000400000,COIN,011,MIN100,46732.34,46732.34,46732.34,0,,4500000310,EKKO,20241105,S
100,1000,0000300311,001,00,KS1000LOG100,2024,04,000,0000400000,COIN,011,LOG100,23443.85,23443.85,23443.85,0,,4500000311,EKKO,20241106,S
100,1000,0000300312,001,00,KS1000LOG100,2024,04,000,0000400000,COIN,011,LOG100,29025.01,29025.01,29025.01,0,,4500000312,EKKO,20241107,S
100,1000,0000300313,001,00,KS1000MIN100,2024,04,000,0000400000,COIN,011,MIN100,21598.3,21598.3,21598.3,0,,4500000313,EKKO,20241108,S
100,1000,0000300314,001,00,KS1000LAB100,2024,04,000,0000400000,COIN,011,LAB100,42796.28,42796.28,42796.28,0,,4500000314,EKKO,20241109,S
100,1000,0000300315,001,00,KS1000MIN100,2024,04,000,0000400000,COIN,011,MIN100,46595.53,46595.53,46595.53,0,,4500000315,EKKO,20241110,S
100,1000,0000300316,001,00,KS1000PLAN100,2024,04,000,0000400000,COIN,011,PLAN100,2891.67,2891.67,2891.67,0,,4500000316,EKKO,20241111,S
100,1000,0000300317,001,00,KS1000LAB100,2024,04,000,0000400000,COIN,011,LAB100,14164.23,14164.23,14164.23,0,,4500000317,EKKO,20241112,S
100,1000,0000300318,001,00,KS1000MIN100,2024,04,000,0000400000,COIN,011,MIN100,37695.68,37695.68,37695.68,0,,4500000318,EKKO,20241113,S
100,1000,0000300319,001,00,KS1000LAB100,2024,04,000,0000400000,COIN,011,LAB100,22160.07,22160.07,22160.07,0,,4500000319,EKKO,20241114,S
100,1000,0000300320,001,00,KS1000REF100,2024,04,000,0000400000,COIN,011,REF100,6298.15,6298.15,6298.15,0,,4500000320,EKKO,20241115,S
100,1000,0000300321,001,00,KS1000REF100,2024,04,000,0000400000,COIN,011,REF100,11502.46,11502.46,11502.46,0,,4500000321,EKKO,20241116,S
100,1000,0000300322,001,00,KS1000LAB100,2024,04,000,0000400000,COIN,011,LAB100,7311.98,7311.98,7311.98,0,,4500000322,EKKO,20241117,S
100,1000,0000300323,001,00,KS1000LAB100,2024,04,000,0000400000,COIN,011,LAB100,18710.66,18710.66,18710.66,0,,4500000323,EKKO,20241118,S
100,1000,0000300324,001,00,KS1000MIN100,2024,04,000,0000400000,COIN,011,MIN100,49154.31,49154.31,49154.31,0,,4500000324,EKKO,20241119,S
100,1000,0000300325,001,00,KS1000MIN100,2024,04,000,0000400000,COIN,011,MIN100,11172.53,11172.53,11172.53,0,,4500000325,EKKO,20241120,S
100,1000,0000300326,001,00,KS1000MANT200,2024,04,000,0000400000,COIN,011,MANT200,37644.85,37644.85,37644.85,0,,4500000326,EKKO,20241121,S
100,1000,0000300327,001,00,KS1000LAB100,2024,04,000,0000400000,COIN,011,LAB100,23838.08,23838.08,23838.08,0,,4500000327,EKKO,20241122,S
100,1000,0000300328,001,00,KS1000MANT100,2024,04,000,0000400000,COIN,011,MANT100,12338.18,12338.18,12338.18,0,,4500000328,EKKO,20241123,S
100,1000,0000300329,001,00,KS1000LAB100,2024,04,000,0000400000,COIN,011,LAB100,49689.5,49689.5,49689.5,0,,4500000329,EKKO,20241124,S
100,1000,0000300330,001,00,KS1000MIN200,2024,04,000,0000400000,COIN,011,MIN200,27660.18,27660.18,27660.18,0,,4500000330,EKKO,20241125,S
100,1000,0000300331,001,00,KS1000LAB100,2024,04,000,0000400000,COIN,011,LAB100,48590.86,48590.86,48590.86,0,,4500000331,EKKO,20241126,S
100,1000,0000300332,001,00,KS1000REF100,2024,04,000,0000400000,COIN,011,REF100,37381.79,37381.79,37381.79,0,,4500000332,EKKO,20241127,S
100,1000,0000300333,001,00,KS1000LOG100,2024,04,000,0000400000,COIN,011,LOG100,13839.42,13839.42,13839.42,0,,4500000333,EKKO,20241128,S
100,1000,0000300334,001,00,KS1000LAB100,2024,04,000,0000400000,COIN,011,LAB100,25394.54,25394.54,25394.54,0,,4500000334,EKKO,20241129,S
100,1000,0000300335,001,00,KS1000MANT200,2024,04,000,0000400000,COIN,011,MANT200,11730.14,11730.14,11730.14,0,,4500000335,EKKO,20241130,S
100,1000,0000300336,001,00,KS1000REF100,2024,04,000,0000400000,COIN,012,REF100,5804.17,5804.17,5804.17,0,,4500000336,EKKO,20241201,S
100,1000,0000300337,001,00,KS1000PLAN100,2024,04,000,0000400000,COIN,012,PLAN100,27029.75,27029.75,27029.75,0,,4500000337,EKKO,20241202,S
100,1000,0000300338,001,00,KS1000MIN200,2024,04,000,0000400000,COIN,012,MIN200,49125.27,49125.27,49125.27,0,,4500000338,EKKO,20241203,S
100,1000,0000300339,001,00,KS1000MANT200,2024,04,000,0000400000,COIN,012,MANT200,16845.06,16845.06,16845.06,0,,4500000339,EKKO,20241204,S
100,1000,0000300340,001,00,KS1000ADM100,2024,04,000,0000420000,COIN,012,ADM100,29989.81,29989.81,29989.81,0,,4500000340,EKKO,20241205,S
100,1000,0000300341,001,00,KS1000PLAN100,2024,04,000,0000400000,COIN,012,PLAN100,37324.85,37324.85,37324.85,0,,4500000341,EKKO,20241206,S
100,1000,0000300342,001,00,KS1000REF100,2024,04,000,0000400000,COIN,012,REF100,36144.23,36144.23,36144.23,0,,4500000342,EKKO,20241207,S
100,1000,0000300343,001,00,KS1000ADM100,2024,04,000,0000420000,COIN,012,ADM100,8067.82,8067.82,8067.82,0,,4500000343,EKKO,20241208,S
100,1000,0000300344,001,00,KS1000ADM100,2024,04,000,0000420000,COIN,012,ADM100,2334.34,2334.34,2334.34,0,,4500000344,EKKO,20241209,S
100,1000,0000300345,001,00,KS1000LAB100,2024,04,000,0000400000,COIN,012,LAB100,28071.19,28071.19,28071.19,0,,4500000345,EKKO,20241210,S
100,1000,0000300346,001,00,KS1000MIN200,2024,04,000,0000400000,COIN,012,MIN200,8423.42,8423.42,8423.42,0,,4500000346,EKKO,20241211,S
100,1000,0000300347,001,00,KS1000MIN200,2024,04,000,0000400000,COIN,012,MIN200,16637.41,16637.41,16637.41,0,,4500000347,EKKO,20241212,S
100,1000,0000300348,001,00,KS1000MANT200,2024,04,000,0000400000,COIN,012,MANT200,40934.06,40934.06,40934.06,0,,4500000348,EKKO,20241213,S
100,1000,0000300349,001,00,KS1000LOG100,2024,04,000,0000400000,COIN,012,LOG100,24968.45,24968.45,24968.45,0,,4500000349,EKKO,20241214,S
100,1000,0000300350,001,00,KS1000REF100,2024,04,000,0000400000,COIN,012,REF100,21908.59,21908.59,21908.59,0,,4500000350,EKKO,20241215,S
100,1000,0000300351,001,00,KS1000ADM100,2024,04,000,0000420000,COIN,012,ADM100,18018.08,18018.08,18018.08,0,,4500000351,EKKO,20241216,S
100,1000,0000300352,001,00,KS1000LOG100,2024,04,000,0000400000,COIN,012,LOG100,3151.1,3151.1,3151.1,0,,4500000352,EKKO,20241217,S
100,1000,0000300353,001,00,KS1000MANT200,2024,04,000,0000400000,COIN,012,MANT200,18072.48,18072.48,18072.48,0,,4500000353,EKKO,20241218,S
100,1000,0000300354,001,00,KS1000ADM100,2024,04,000,0000420000,COIN,012,ADM100,46599.47,46599.47,46599.47,0,,4500000354,EKKO,20241219,S
100,1000,0000300355,001,00,KS1000ADM100,2024,04,000,0000420000,COIN,012,ADM100,48886.57,48886.57,48886.57,0,,4500000355,EKKO,20241220,S
100,1000,0000300356,001,00,KS1000MANT200,2024,04,000,0000400000,COIN,012,MANT200,43412.7,43412.7,43412.7,0,,4500000356,EKKO,20241221,S
100,1000,0000300357,001,00,KS1000LOG100,2024,04,000,0000400000,COIN,012,LOG100,8784.5,8784.5,8784.5,0,,4500000357,EKKO,20241222,S
100,1000,0000300358,001,00,KS1000MANT200,2024,04,000,0000400000,COIN,012,MANT200,24904.03,24904.03,24904.03,0,,4500000358,EKKO,20241223,S
100,1000,0000300359,001,00,KS1000LOG100,2024,04,000,0000400000,COIN,012,LOG100,1087.45,1087.45,1087.45,0,,4500000359,EKKO,20241224,S
100,1000,0000300360,001,00,KS1000MANT100,2024,04,000,0000400000,COIN,012,MANT100,17099.06,17099.06,17099.06,0,,4500000360,EKKO,20241225,S
100,1000,0000300361,001,00,KS1000REF100,2024,04,000,0000400000,COIN,012,REF100,15065.15,15065.15,15065.15,0,,4500000361,EKKO,20241226,S
100,1000,0000300362,001,00,KS1000MIN200,2024,04,000,0000400000,COIN,012,MIN200,18321.07,18321.07,18321.07,0,,4500000362,EKKO,20241227,S
100,1000,0000300363,001,00,KS1000ADM100,2024,04,000,0000420000,COIN,012,ADM100,49384.83,49384.83,49384.83,0,,4500000363,EKKO,20241228,S
100,1000,0000300364,001,00,KS1000ADM100,2024,04,000,0000420000,COIN,012,ADM100,22769.8,22769.8,22769.8,0,,4500000364,EKKO,20241229,S
100,1000,0000300365,001,00,KS1000MIN100,2024,04,000,0000400000,COIN,012,MIN100,11855.87,11855.87,11855.87,0,,4500000365,EKKO,20241230,S
100,1000,0000300366,001,00,KS1000REF100,2024,04,000,0000400000,COIN,012,REF100,47162.55,47162.55,47162.55,0,,4500000366,EKKO,20241231,S
100,1000,0000300367,001,00,KS1000MANT200,2025,04,000,0000400000,COIN,001,MANT200,2480.08,2480.08,2480.08,0,,4500000367,EKKO,20250101,S
100,1000,0000300368,001,00,KS1000LOG100,2025,04,000,0000400000,COIN,001,LOG100,9857.69,9857.69,9857.69,0,,4500000368,EKKO,20250102,S
100,1000,0000300369,001,00,KS1000PLAN100,2025,04,000,0000400000,COIN,001,PLAN100,31307.14,31307.14,31307.14,0,,4500000369,EKKO,20250103,S
100,1000,0000300370,001,00,KS1000MIN200,2025,04,000,0000400000,COIN,001,MIN200,3920.19,3920.19,3920.19,0,,4500000370,EKKO,20250104,S
100,1000,0000300371,001,00,KS1000LAB100,2025,04,000,0000400000,COIN,001,LAB100,2796.18,2796.18,2796.18,0,,4500000371,EKKO,20250105,S
100,1000,0000300372,001,00,KS1000MANT100,2025,04,000,0000400000,COIN,001,MANT100,19313.75,19313.75,19313.75,0,,4500000372,EKKO,20250106,S
100,1000,0000300373,001,00,KS1000LAB100,2025,04,000,0000400000,COIN,001,LAB100,12110.31,12110.31,12110.31,0,,4500000373,EKKO,20250107,S
100,1000,0000300374,001,00,KS1000PLAN100,2025,04,000,0000400000,COIN,001,PLAN100,30347.61,30347.61,30347.61,0,,4500000374,EKKO,20250108,S
100,1000,0000300375,001,00,KS1000MIN200,2025,04,000,0000400000,COIN,001,MIN200,46385.58,46385.58,46385.58,0,,4500000375,EKKO,20250109,S
100,1000,0000300376,001,00,KS1000MIN100,2025,04,000,0000400000,COIN,001,MIN100,38725.84,38725.84,38725.84,0,,4500000376,EKKO,20250110,S
100,1000,0000300377,001,00,KS1000LOG100,2025,04,000,0000400000,COIN,001,LOG100,36686.58,36686.58,36686.58,0,,4500000377,EKKO,20250111,S
100,1000,0000300378,001,00,KS1000LOG100,2025,04,000,0000400000,COIN,001,LOG100,16238.47,16238.47,16238.47,0,,4500000378,EKKO,20250112,S
100,1000,0000300379,001,00,KS1000REF100,2025,04,000,0000400000,COIN,001,REF100,13125.85,13125.85,13125.85,0,,4500000379,EKKO,20250113,S
100,1000,0000300380,001,00,KS1000MIN100,2025,04,000,0000400000,COIN,001,MIN100,17690.93,17690.93,17690.93,0,,4500000380,EKKO,20250114,S
100,1000,0000300381,001,00,KS1000LOG100,2025,04,000,0000400000,COIN,001,LOG100,37195.8,37195.8,37195.8,0,,4500000381,EKKO,20250115,S
100,1000,0000300382,001,00,KS1000REF100,2025,04,000,0000400000,COIN,001,REF100,42110.61,42110.61,42110.61,0,,4500000382,EKKO,20250116,S
100,1000,0000300383,001,00,KS1000LAB100,2025,04,000,0000400000,COIN,001,LAB100,30747.75,30747.75,30747.75,0,,4500000383,EKKO,20250117,S
100,1000,0000300384,001,00,KS1000REF100,2025,04,000,0000400000,COIN,001,REF100,35335.51,35335.51,35335.51,0,,4500000384,EKKO,20250118,S
100,1000,0000300385,001,00,KS1000LAB100,2025,04,000,0000400000,COIN,001,LAB100,41968.2,41968.2,41968.2,0,,4500000385,EKKO,20250119,S
100,1000,0000300386,001,00,KS1000MIN100,2025,04,000,0000400000,COIN,001,MIN100,26795.58,26795.58,26795.58,0,,4500000386,EKKO,20250120,S
100,1000,0000300387,001,00,KS1000LOG100,2025,04,000,0000400000,COIN,001,LOG100,12427.59,12427.59,12427.59,0,,4500000387,EKKO,20250121,S
100,1000,0000300388,001,00,KS1000PLAN100,2025,04,000,0000400000,COIN,001,PLAN100,36054.53,36054.53,36054.53,0,,4500000388,EKKO,20250122,S
100,1000,0000300389,001,00,KS1000MANT100,2025,04,000,0000400000,COIN,001,MANT100,44674.45,44674.45,44674.45,0,,4500000389,EKKO,20250123,S
100,1000,0000300390,001,00,KS1000LOG100,2025,04,000,0000400000,COIN,001,LOG100,32422.18,32422.18,32422.18,0,,4500000390,EKKO,20250124,S
100,1000,0000300391,001,00,KS1000MIN200,2025,04,000,0000400000,COIN,001,MIN200,21644.35,21644.35,21644.35,0,,4500000391,EKKO,20250125,S
100,1000,0000300392,001,00,KS1000MANT100,2025,04,000,0000400000,COIN,001,MANT100,13514.08,13514.08,13514.08,0,,4500000392,EKKO,20250126,S
100,1000,0000300393,001,00,KS1000LOG100,2025,04,000,0000400000,COIN,001,LOG100,22692.49,22692.49,22692.49,0,,4500000393,EKKO,20250127,S
100,1000,0000300394,001,00,KS1000PLAN100,2025,04,000,0000400000,COIN,001,PLAN100,22723.08,22723.08,22723.08,0,,4500000394,EKKO,20250128,S
100,1000,0000300395,001,00,KS1000PLAN100,2025,04,000,0000400000,COIN,001,PLAN100,38711.35,38711.35,38711.35,0,,4500000395,EKKO,20250129,S
100,1000,0000300396,001,00,KS1000MANT200,2025,04,000,0000400000,COIN,001,MANT200,13367.09,13367.09,13367.09,0,,4500000396,EKKO,20250130,S
100,1000,0000300397,001,00,KS1000LAB100,2025,04,000,0000400000,COIN,001,LAB100,36815.71,36815.71,36815.71,0,,4500000397,EKKO,20250131,S
100,1000,0000300398,001,00,KS1000MIN200,2025,04,000,0000400000,COIN,002,MIN200,31786.33,31786.33,31786.33,0,,4500000398,EKKO,20250201,S
100,1000,0000300399,001,00,KS1000MIN100,2025,04,000,0000400000,COIN,002,MIN100,36695.28,36695.28,36695.28,0,,4500000399,EKKO,20250202,S
100,1000,0000300400,001,00,KS1000MANT100,2025,04,000,0000400000,COIN,002,MANT100,11043.31,11043.31,11043.31,0,,4500000400,EKKO,20250203,S
100,1000,0000300401,001,00,KS1000PLAN100,2025,04,000,0000400000,COIN,002,PLAN100,8795.03,8795.03,8795.03,0,,4500000401,EKKO,20250204,S
100,1000,0000300402,001,00,KS1000LAB100,2025,04,000,0000400000,COIN,002,LAB100,16667.52,16667.52,16667.52,0,,4500000402,EKKO,20250205,S
100,1000,0000300403,001,00,KS1000LOG100,2025,04,000,0000400000,COIN,002,LOG100,13162.95,13162.95,13162.95,0,,4500000403,EKKO,20250206,S
100,1000,0000300404,001,00,KS1000LAB100,2025,04,000,0000400000,COIN,002,LAB100,44367.07,44367.07,44367.07,0,,4500000404,EKKO,20250207,S
100,1000,0000300405,001,00,KS1000LOG100,2025,04,000,0000400000,COIN,002,LOG100,16726.24,16726.24,16726.24,0,,4500000405,EKKO,20250208,S
100,1000,0000300406,001,00,KS1000MANT200,2025,04,000,0000400000,COIN,002,MANT200,26363.58,26363.58,26363.58,0,,4500000406,EKKO,20250209,S
100,1000,0000300407,001,00,KS1000MANT200,2025,04,000,0000400000,COIN,002,MANT200,45416.39,45416.39,45416.39,0,,4500000407,EKKO,20250210,S
100,1000,0000300408,001,00,KS1000LAB100,2025,04,000,0000400000,COIN,002,LAB100,46357.18,46357.18,46357.18,0,,4500000408,EKKO,20250211,S
100,1000,0000300409,001,00,KS1000LAB100,2025,04,000,0000400000,COIN,002,LAB100,12012.17,12012.17,12012.17,0,,4500000409,EKKO,20250212,S
100,1000,0000300410,001,00,KS1000PLAN100,2025,04,000,0000400000,COIN,002,PLAN100,5796.12,5796.12,5796.12,0,,4500000410,EKKO,20250213,S
100,1000,0000300411,001,00,KS1000PLAN100,2025,04,000,0000400000,COIN,002,PLAN100,782.37,782.37,782.37,0,,4500000411,EKKO,20250214,S
100,1000,0000300412,001,00,KS1000LAB100,2025,04,000,0000400000,COIN,002,LAB100,48189.06,48189.06,48189.06,0,,4500000412,EKKO,20250215,S
100,1000,0000300413,001,00,KS1000PLAN100,2025,04,000,0000400000,COIN,002,PLAN100,33895.84,33895.84,33895.84,0,,4500000413,EKKO,20250216,S
100,1000,0000300414,001,00,KS1000LOG100,2025,04,000,0000400000,COIN,002,LOG100,13446.19,13446.19,13446.19,0,,4500000414,EKKO,20250217,S
100,1000,0000300415,001,00,KS1000REF100,2025,04,000,0000400000,COIN,002,REF100,5822.25,5822.25,5822.25,0,,4500000415,EKKO,20250218,S
100,1000,0000300416,001,00,KS1000PLAN100,2025,04,000,0000400000,COIN,002,PLAN100,45198.14,45198.14,45198.14,0,,4500000416,EKKO,20250219,S
100,1000,0000300417,001,00,KS1000MIN200,2025,04,000,0000400000,COIN,002,MIN200,40271.28,40271.28,40271.28,0,,4500000417,EKKO,20250220,S
100,1000,0000300418,001,00,KS1000LAB100,2025,04,000,0000400000,COIN,002,LAB100,24375.64,24375.64,24375.64,0,,4500000418,EKKO,20250221,S
100,1000,0000300419,001,00,KS1000LOG100,2025,04,000,0000400000,COIN,002,LOG100,35837.56,35837.56,35837.56,0,,4500000419,EKKO,20250222,S
100,1000,0000300420,001,00,KS1000LOG100,2025,04,000,0000400000,COIN,002,LOG100,31037.02,31037.02,31037.02,0,,4500000420,EKKO,20250223,S
100,1000,0000300421,001,00,KS1000MIN200,2025,04,000,0000400000,COIN,002,MIN200,23475.95,23475.95,23475.95,0,,4500000421,EKKO,20250224,S
100,1000,0000300422,001,00,KS1000MIN200,2025,04,000,0000400000,COIN,002,MIN200,11209.91,11209.91,11209.91,0,,4500000422,EKKO,20250225,S
100,1000,0000300423,001,00,KS1000MIN100,2025,04,000,0000400000,COIN,002,MIN100,1503.48,1503.48,1503.48,0,,4500000423,EKKO,20250226,S
100,1000,0000300424,001,00,KS1000REF100,2025,04,000,0000400000,COIN,002,REF100,36330.92,36330.92,36330.92,0,,4500000424,EKKO,20250227,S
100,1000,0000300425,001,00,KS1000LOG100,2025,04,000,0000400000,COIN,002,LOG100,39941.37,39941.37,39941.37,0,,4500000425,EKKO,20250228,S
100,1000,0000300426,001,00,KS1000MANT100,2025,04,000,0000400000,COIN,003,MANT100,43488.82,43488.82,43488.82,0,,4500000426,EKKO,20250301,S
100,1000,0000300427,001,00,KS1000LOG100,2025,04,000,0000400000,COIN,003,LOG100,19589.75,19589.75,19589.75,0,,4500000427,EKKO,20250302,S
100,1000,0000300428,001,00,KS1000MANT100,2025,04,000,0000400000,COIN,003,MANT100,4150.08,4150.08,4150.08,0,,4500000428,EKKO,20250303,S
100,1000,0000300429,001,00,KS1000LOG100,2025,04,000,0000400000,COIN,003,LOG100,42439.3,42439.3,42439.3,0,,4500000429,EKKO,20250304,S
100,1000,0000300430,001,00,KS1000LAB100,2025,04,000,0000400000,COIN,003,LAB100,22893.62,22893.62,22893.62,0,,4500000430,EKKO,20250305,S
100,1000,0000300431,001,00,KS1000MANT100,2025,04,000,0000400000,COIN,003,MANT100,10593.54,10593.54,10593.54,0,,4500000431,EKKO,20250306,S
100,1000,0000300432,001,00,KS1000REF100,2025,04,000,0000400000,COIN,003,REF100,2557.22,2557.22,2557.22,0,,4500000432,EKKO,20250307,S
100,1000,0000300433,001,00,KS1000LOG100,2025,04,000,0000400000,COIN,003,LOG100,12661.42,12661.42,12661.42,0,,4500000433,EKKO,20250308,S
100,1000,0000300434,001,00,KS1000REF100,2025,04,000,0000400000,COIN,003,REF100,11452.34,11452.34,11452.34,0,,4500000434,EKKO,20250309,S
100,1000,0000300435,001,00,KS1000MIN100,2025,04,000,0000400000,COIN,003,MIN100,3722.52,3722.52,3722.52,0,,4500000435,EKKO,20250310,S
100,1000,0000300436,001,00,KS1000LAB100,2025,04,000,0000400000,COIN,003,LAB100,40446.41,40446.41,40446.41,0,,4500000436,EKKO,20250311,S
100,1000,0000300437,001,00,KS1000MANT100,2025,04,000,0000400000,COIN,003,MANT100,39624.34,39624.34,39624.34,0,,4500000437,EKKO,20250312,S
100,1000,0000300438,001,00,KS1000MIN100,2025,04,000,0000400000,COIN,003,MIN100,31278.02,31278.02,31278.02,0,,4500000438,EKKO,20250313,S
100,1000,0000300439,001,00,KS1000LAB100,2025,04,000,0000400000,COIN,003,LAB100,8306.87,8306.87,8306.87,0,,4500000439,EKKO,20250314,S
100,1000,0000300440,001,00,KS1000LOG100,2025,04,000,0000400000,COIN,003,LOG100,41647.76,41647.76,41647.76,0,,4500000440,EKKO,20250315,S
100,1000,0000300441,001,00,KS1000MANT100,2025,04,000,0000400000,COIN,003,MANT100,4013.56,4013.56,4013.56,0,,4500000441,EKKO,20250316,S
100,1000,0000300442,001,00,KS1000REF100,2025,04,000,0000400000,COIN,003,REF100,10960.71,10960.71,10960.71,0,,4500000442,EKKO,20250317,S
100,1000,0000300443,001,00,KS1000LAB100,2025,04,000,0000400000,COIN,003,LAB100,16741.32,16741.32,16741.32,0,,4500000443,EKKO,20250318,S
100,1000,0000300444,001,00,KS1000MIN100,2025,04,000,0000400000,COIN,003,MIN100,19686.45,19686.45,19686.45,0,,4500000444,EKKO,20250319,S
100,1000,0000300445,001,00,KS1000MIN200,2025,04,000,0000400000,COIN,003,MIN200,8107.84,8107.84,8107.84,0,,4500000445,EKKO,20250320,S
100,1000,0000300446,001,00,KS1000PLAN100,2025,04,000,0000400000,COIN,003,PLAN100,44676.72,44676.72,44676.72,0,,4500000446,EKKO,20250321,S
100,1000,0000300447,001,00,KS1000MANT100,2025,04,000,0000400000,COIN,003,MANT100,2470.23,2470.23,2470.23,0,,4500000447,EKKO,20250322,S
100,1000,0000300448,001,00,KS1000REF100,2025,04,000,0000400000,COIN,003,REF100,23075.04,23075.04,23075.04,0,,4500000448,EKKO,20250323,S
100,1000,0000300449,001,00,KS1000REF100,2025,04,000,0000400000,COIN,003,REF100,44290.17,44290.17,44290.17,0,,4500000449,EKKO,20250324,S
100,1000,0000300450,001,00,KS1000REF100,2025,04,000,0000400000,COIN,003,REF100,47505.58,47505.58,47505.58,0,,4500000450,EKKO,20250325,S
100,1000,0000300451,001,00,KS1000MANT200,2025,04,000,0000400000,COIN,003,MANT200,1883.89,1883.89,1883.89,0,,4500000451,EKKO,20250326,S
100,1000,0000300452,001,00,KS1000LAB100,2025,04,000,0000400000,COIN,003,LAB100,5516.4,5516.4,5516.4,0,,4500000452,EKKO,20250327,S
100,1000,0000300453,001,00,KS1000MANT100,2025,04,000,0000400000,COIN,003,MANT100,20899.36,20899.36,20899.36,0,,4500000453,EKKO,20250328,S
100,1000,0000300454,001,00,KS1000LAB100,2025,04,000,0000400000,COIN,003,LAB100,29757.45,29757.45,29757.45,0,,4500000454,EKKO,20250329,S
100,1000,0000300455,001,00,KS1000PLAN100,2025,04,000,0000400000,COIN,003,PLAN100,23530.41,23530.41,23530.41,0,,4500000455,EKKO,20250330,S
100,1000,0000300456,001,00,KS1000LOG100,2025,04,000,0000400000,COIN,003,LOG100,12089.34,12089.34,12089.34,0,,4500000456,EKKO,20250331,S
100,1000,0000300457,001,00,KS1000REF100,2025,04,000,0000400000,COIN,004,REF100,48569.4,48569.4,48569.4,0,,4500000457,EKKO,20250401,S
100,1000,0000300458,001,00,KS1000MIN100,2025,04,000,0000400000,COIN,004,MIN100,48747.76,48747.76,48747.76,0,,4500000458,EKKO,20250402,S
100,1000,0000300459,001,00,KS1000LOG100,2025,04,000,0000400000,COIN,004,LOG100,39835.4,39835.4,39835.4,0,,4500000459,EKKO,20250403,S
100,1000,0000300460,001,00,KS1000MANT200,2025,04,000,0000400000,COIN,004,MANT200,17579.3,17579.3,17579.3,0,,4500000460,EKKO,20250404,S
100,1000,0000300461,001,00,KS1000REF100,2025,04,000,0000400000,COIN,004,REF100,24771.75,24771.75,24771.75,0,,4500000461,EKKO,20250405,S
100,1000,0000300462,001,00,KS1000LAB100,2025,04,000,0000400000,COIN,004,LAB100,46360.59,46360.59,46360.59,0,,4500000462,EKKO,20250406,S
100,1000,0000300463,001,00,KS1000REF100,2025,04,000,0000400000,COIN,004,REF100,2635.16,2635.16,2635.16,0,,4500000463,EKKO,20250407,S
100,1000,0000300464,001,00,KS1000MANT200,2025,04,000,0000400000,COIN,004,MANT200,32044.67,32044.67,32044.67,0,,4500000464,EKKO,20250408,S
100,1000,0000300465,001,00,KS1000LOG100,2025,04,000,0000400000,COIN,004,LOG100,40837.24,40837.24,40837.24,0,,4500000465,EKKO,20250409,S
100,1000,0000300466,001,00,KS1000MANT200,2025,04,000,0000400000,COIN,004,MANT200,14956.8,14956.8,14956.8,0,,4500000466,EKKO,20250410,S
100,1000,0000300467,001,00,KS1000MIN100,2025,04,000,0000400000,COIN,004,MIN100,29922.99,29922.99,29922.99,0,,4500000467,EKKO,20250411,S
100,1000,0000300468,001,00,KS1000MANT200,2025,04,000,0000400000,COIN,004,MANT200,3224.79,3224.79,3224.79,0,,4500000468,EKKO,20250412,S
100,1000,0000300469,001,00,KS1000LOG100,2025,04,000,0000400000,COIN,004,LOG100,11162.92,11162.92,11162.92,0,,4500000469,EKKO,20250413,S
100,1000,0000300470,001,00,KS1000MANT100,2025,04,000,0000400000,COIN,004,MANT100,31671.12,31671.12,31671.12,0,,4500000470,EKKO,20250414,S
100,1000,0000300471,001,00,KS1000MANT200,2025,04,000,0000400000,COIN,004,MANT200,19373.22,19373.22,19373.22,0,,4500000471,EKKO,20250415,S
100,1000,0000300472,001,00,KS1000MIN100,2025,04,000,0000400000,COIN,004,MIN100,27436.84,27436.84,27436.84,0,,4500000472,EKKO,20250416,S
100,1000,0000300473,001,00,KS1000LAB100,2025,04,000,0000400000,COIN,004,LAB100,5140.69,5140.69,5140.69,0,,4500000473,EKKO,20250417,S
100,1000,0000300474,001,00,KS1000LOG100,2025,04,000,0000400000,COIN,004,LOG100,45565.19,45565.19,45565.19,0,,4500000474,EKKO,20250418,S
100,1000,0000300475,001,00,KS1000MIN200,2025,04,000,0000400000,COIN,004,MIN200,40633.25,40633.25,40633.25,0,,4500000475,EKKO,20250419,S
100,1000,0000300476,001,00,KS1000MIN100,2025,04,000,0000400000,COIN,004,MIN100,820.42,820.42,820.42,0,,4500000476,EKKO,20250420,S
100,1000,0000300477,001,00,KS1000MIN100,2025,04,000,0000400000,COIN,004,MIN100,41552.67,41552.67,41552.67,0,,4500000477,EKKO,20250421,S
100,1000,0000300478,001,00,KS1000MIN100,2025,04,000,0000400000,COIN,004,MIN100,805.47,805.47,805.47,0,,4500000478,EKKO,20250422,S
100,1000,0000300479,001,00,KS1000REF100,2025,04,000,0000400000,COIN,004,REF100,37639.6,37639.6,37639.6,0,,4500000479,EKKO,20250423,S
100,1000,0000300480,001,00,KS1000MIN200,2025,04,000,0000400000,COIN,004,MIN200,36382.63,36382.63,36382.63,0,,4500000480,EKKO,20250424,S
100,1000,0000300481,001,00,KS1000MIN200,2025,04,000,0000400000,COIN,004,MIN200,35260.65,35260.65,35260.65,0,,4500000481,EKKO,20250425,S
100,1000,0000300482,001,00,KS1000PLAN100,2025,04,000,0000400000,COIN,004,PLAN100,41523.93,41523.93,41523.93,0,,4500000482,EKKO,20250426,S
100,1000,0000300483,001,00,KS1000PLAN100,2025,04,000,0000400000,COIN,004,PLAN100,2570.96,2570.96,2570.96,0,,4500000483,EKKO,20250427,S
100,1000,0000300484,001,00,KS1000MIN100,2025,04,000,0000400000,COIN,004,MIN100,42320.99,42320.99,42320.99,0,,4500000484,EKKO,20250428,S
100,1000,0000300485,001,00,KS1000REF100,2025,04,000,0000400000,COIN,004,REF100,6533.79,6533.79,6533.79,0,,4500000485,EKKO,20250429,S
100,1000,0000300486,001,00,KS1000REF100,2025,04,000,0000400000,COIN,004,REF100,38187.79,38187.79,38187.79,0,,4500000486,EKKO,20250430,S
100,1000,0000300487,001,00,KS1000LOG100,2025,04,000,0000400000,COIN,005,LOG100,45478.9,45478.9,45478.9,0,,4500000487,EKKO,20250501,S
100,1000,0000300488,001,00,KS1000LOG100,2025,04,000,0000400000,COIN,005,LOG100,19250.76,19250.76,19250.76,0,,4500000488,EKKO,20250502,S
100,1000,0000300489,001,00,KS1000REF100,2025,04,000,0000400000,COIN,005,REF100,39590.48,39590.48,39590.48,0,,4500000489,EKKO,20250503,S
100,1000,0000300490,001,00,KS1000LOG100,2025,04,000,0000400000,COIN,005,LOG100,29607.09,29607.09,29607.09,0,,4500000490,EKKO,20250504,S
100,1000,0000300491,001,00,KS1000MIN100,2025,04,000,0000400000,COIN,005,MIN100,39253.49,39253.49,39253.49,0,,4500000491,EKKO,20250505,S
100,1000,0000300492,001,00,KS1000MANT200,2025,04,000,0000400000,COIN,005,MANT200,22100.32,22100.32,22100.32,0,,4500000492,EKKO,20250506,S
100,1000,0000300493,001,00,KS1000PLAN100,2025,04,000,0000400000,COIN,005,PLAN100,45099.34,45099.34,45099.34,0,,4500000493,EKKO,20250507,S
100,1000,0000300494,001,00,KS1000REF100,2025,04,000,0000400000,COIN,005,REF100,2463.47,2463.47,2463.47,0,,4500000494,EKKO,20250508,S
100,1000,0000300495,001,00,KS1000REF100,2025,04,000,0000400000,COIN,005,REF100,14439.82,14439.82,14439.82,0,,4500000495,EKKO,20250509,S
100,1000,0000300496,001,00,KS1000LAB100,2025,04,000,0000400000,COIN,005,LAB100,4428.16,4428.16,4428.16,0,,4500000496,EKKO,20250510,S
100,1000,0000300497,001,00,KS1000LAB100,2025,04,000,0000400000,COIN,005,LAB100,11853.92,11853.92,11853.92,0,,4500000497,EKKO,20250511,S
100,1000,0000300498,001,00,KS1000MIN200,2025,04,000,0000400000,COIN,005,MIN200,28152.82,28152.82,28152.82,0,,4500000498,EKKO,20250512,S
100,1000,0000300499,001,00,KS1000MIN200,2025,04,000,0000400000,COIN,005,MIN200,18458.68,18458.68,18458.68,0,,4500000499,EKKO,20250513,S
100,1000,0000300500,001,00,KS1000PLAN100,2025,04,000,0000400000,COIN,005,PLAN100,19366.14,19366.14,19366.14,0,,4500000500,EKKO,20250514,S
100,1000,0000300501,001,00,KS1000MIN200,2025,04,000,0000400000,COIN,005,MIN200,45649.14,45649.14,45649.14,0,,4500000501,EKKO,20250515,S
100,1000,0000300502,001,00,KS1000PLAN100,2025,04,000,0000400000,COIN,005,PLAN100,46876.29,46876.29,46876.29,0,,4500000502,EKKO,20250516,S
100,1000,0000300503,001,00,KS1000PLAN100,2025,04,000,0000400000,COIN,005,PLAN100,31740.55,31740.55,31740.55,0,,4500000503,EKKO,20250517,S
100,1000,0000300504,001,00,KS1000REF100,2025,04,000,0000400000,COIN,005,REF100,21915.5,21915.5,21915.5,0,,4500000504,EKKO,20250518,S
100,1000,0000300505,001,00,KS1000MIN200,2025,04,000,0000400000,COIN,005,MIN200,5873.11,5873.11,5873.11,0,,4500000505,EKKO,20250519,S
100,1000,0000300506,001,00,KS1000MANT200,2025,04,000,0000400000,COIN,005,MANT200,1478.15,1478.15,1478.15,0,,4500000506,EKKO,20250520,S
100,1000,0000300507,001,00,KS1000MIN200,2025,04,000,0000400000,COIN,005,MIN200,40730.77,40730.77,40730.77,0,,4500000507,EKKO,20250521,S
100,1000,0000300508,001,00,KS1000LAB100,2025,04,000,0000400000,COIN,005,LAB100,42763.02,42763.02,42763.02,0,,4500000508,EKKO,20250522,S
100,1000,0000300509,001,00,KS1000LOG100,2025,04,000,0000400000,COIN,005,LOG100,19828.52,19828.52,19828.52,0,,4500000509,EKKO,20250523,S
100,1000,0000300510,001,00,KS1000LAB100,2025,04,000,0000400000,COIN,005,LAB100,2283.66,2283.66,2283.66,0,,4500000510,EKKO,20250524,S
100,1000,0000300511,001,00,KS1000REF100,2025,04,000,0000400000,COIN,005,REF100,35452.41,35452.41,35452.41,0,,4500000511,EKKO,20250525,S
100,1000,0000300512,001,00,KS1000LOG100,2025,04,000,0000400000,COIN,005,LOG100,8255.73,8255.73,8255.73,0,,4500000512,EKKO,20250526,S
100,1000,0000300513,001,00,KS1000MIN100,2025,04,000,0000400000,COIN,005,MIN100,42302.18,42302.18,42302.18,0,,4500000513,EKKO,20250527,S
100,1000,0000300514,001,00,KS1000LOG100,2025,04,000,0000400000,COIN,005,LOG100,48238.29,48238.29,48238.29,0,,4500000514,EKKO,20250528,S
100,1000,0000300515,001,00,KS1000REF100,2025,04,000,0000400000,COIN,005,REF100,45838.74,45838.74,45838.74,0,,4500000515,EKKO,20250529,S
100,1000,0000300516,001,00,KS1000MANT100,2025,04,000,0000400000,COIN,005,MANT100,32007.43,32007.43,32007.43,0,,4500000516,EKKO,20250530,S
100,1000,0000300517,001,00,KS1000MIN100,2025,04,000,0000400000,COIN,005,MIN100,16901.07,16901.07,16901.07,0,,4500000517,EKKO,20250531,S
100,1000,0000300518,001,00,KS1000LAB100,2025,04,000,0000400000,COIN,006,LAB100,47402.73,47402.73,47402.73,0,,4500000518,EKKO,20250601,S
100,1000,0000300519,001,00,KS1000PLAN100,2025,04,000,0000400000,COIN,006,PLAN100,41937.69,41937.69,41937.69,0,,4500000519,EKKO,20250602,S
100,1000,0000300520,001,00,KS1000MANT100,2025,04,000,0000400000,COIN,006,MANT100,597.7,597.7,597.7,0,,4500000520,EKKO,20250603,S
100,1000,0000300521,001,00,KS1000REF100,2025,04,000,0000400000,COIN,006,REF100,15072.76,15072.76,15072.76,0,,4500000521,EKKO,20250604,S
100,1000,0000300522,001,00,KS1000MANT100,2025,04,000,0000400000,COIN,006,MANT100,32716.99,32716.99,32716.99,0,,4500000522,EKKO,20250605,S
100,1000,0000300523,001,00,KS1000REF100,2025,04,000,0000400000,COIN,006,REF100,21237.05,21237.05,21237.05,0,,4500000523,EKKO,20250606,S
100,1000,0000300524,001,00,KS1000REF100,2025,04,000,0000400000,COIN,006,REF100,48260.23,48260.23,48260.23,0,,4500000524,EKKO,20250607,S
100,1000,0000300525,001,00,KS1000MIN200,2025,04,000,0000400000,COIN,006,MIN200,11743.69,11743.69,11743.69,0,,4500000525,EKKO,20250608,S
100,1000,0000300526,001,00,KS1000LOG100,2025,04,000,0000400000,COIN,006,LOG100,23415.82,23415.82,23415.82,0,,4500000526,EKKO,20250609,S
100,1000,0000300527,001,00,KS1000LAB100,2025,04,000,0000400000,COIN,006,LAB100,14730.39,14730.39,14730.39,0,,4500000527,EKKO,20250610,S
100,1000,0000300528,001,00,KS1000MANT200,2025,04,000,0000400000,COIN,006,MANT200,25138.0,25138.0,25138.0,0,,4500000528,EKKO,20250611,S
100,1000,0000300529,001,00,KS1000REF100,2025,04,000,0000400000,COIN,006,REF100,42271.28,42271.28,42271.28,0,,4500000529,EKKO,20250612,S
100,1000,0000300530,001,00,KS1000MIN200,2025,04,000,0000400000,COIN,006,MIN200,8104.85,8104.85,8104.85,0,,4500000530,EKKO,20250613,S
100,1000,0000300531,001,00,KS1000MIN200,2025,04,000,0000400000,COIN,006,MIN200,1323.31,1323.31,1323.31,0,,4500000531,EKKO,20250614,S
100,1000,0000300532,001,00,KS1000MIN100,2025,04,000,0000400000,COIN,006,MIN100,34665.16,34665.16,34665.16,0,,4500000532,EKKO,20250615,S
100,1000,0000300533,001,00,KS1000PLAN100,2025,04,000,0000400000,COIN,006,PLAN100,40198.14,40198.14,40198.14,0,,4500000533,EKKO,20250616,S
100,1000,0000300534,001,00,KS1000MIN200,2025,04,000,0000400000,COIN,006,MIN200,1210.15,1210.15,1210.15,0,,4500000534,EKKO,20250617,S
100,1000,0000300535,001,00,KS1000MIN100,2025,04,000,0000400000,COIN,006,MIN100,39018.28,39018.28,39018.28,0,,4500000535,EKKO,20250618,S
100,1000,0000300536,001,00,KS1000MANT200,2025,04,000,0000400000,COIN,006,MANT200,22755.82,22755.82,22755.82,0,,4500000536,EKKO,20250619,S
100,1000,0000300537,001,00,KS1000LOG100,2025,04,000,0000400000,COIN,006,LOG100,39399.37,39399.37,39399.37,0,,4500000537,EKKO,20250620,S
100,1000,0000300538,001,00,KS1000LAB100,2025,04,000,0000400000,COIN,006,LAB100,14363.69,14363.69,14363.69,0,,4500000538,EKKO,20250621,S
100,1000,0000300539,001,00,KS1000PLAN100,2025,04,000,0000400000,COIN,006,PLAN100,44278.62,44278.62,44278.62,0,,4500000539,EKKO,20250622,S
100,1000,0000300540,001,00,KS1000REF100,2025,04,000,0000400000,COIN,006,REF100,25758.88,25758.88,25758.88,0,,4500000540,EKKO,20250623,S
100,1000,0000300541,001,00,KS1000MANT200,2025,04,000,0000400000,COIN,006,MANT200,27954.65,27954.65,27954.65,0,,4500000541,EKKO,20250624,S
100,1000,0000300542,001,00,KS1000LAB100,2025,04,000,0000400000,COIN,006,LAB100,45644.97,45644.97,45644.97,0,,4500000542,EKKO,20250625,S
100,1000,0000300543,001,00,KS1000PLAN100,2025,04,000,0000400000,COIN,006,PLAN100,3558.16,3558.16,3558.16,0,,4500000543,EKKO,20250626,S
100,1000,0000300544,001,00,KS1000LAB100,2025,04,000,0000400000,COIN,006,LAB100,30800.89,30800.89,30800.89,0,,4500000544,EKKO,20250627,S
100,1000,0000300545,001,00,KS1000REF100,2025,04,000,0000400000,COIN,006,REF100,2048.84,2048.84,2048.84,0,,4500000545,EKKO,20250628,S
100,1000,0000300546,001,00,KS1000LOG100,2025,04,000,0000400000,COIN,006,LOG100,45767.86,45767.86,45767.86,0,,4500000546,EKKO,20250629,S
100,1000,0000300547,001,00,KS1000LAB100,2025,04,000,0000400000,COIN,006,LAB100,19874.68,19874.68,19874.68,0,,4500000547,EKKO,20250630,S
100,1000,0000300548,001,00,KS1000LAB100,2025,04,000,0000400000,COIN,007,LAB100,38003.35,38003.35,38003.35,0,,4500000548,EKKO,20250701,S
100,1000,0000300549,001,00,KS1000LAB100,2025,04,000,0000400000,COIN,007,LAB100,9144.42,9144.42,9144.42,0,,4500000549,EKKO,20250702,S
100,1000,0000300550,001,00,KS1000LAB100,2025,04,000,0000400000,COIN,007,LAB100,2066.5,2066.5,2066.5,0,,4500000550,EKKO,20250703,S
100,1000,0000300551,001,00,KS1000REF100,2025,04,000,0000400000,COIN,007,REF100,47392.41,47392.41,47392.41,0,,4500000551,EKKO,20250704,S
100,1000,0000300552,001,00,KS1000PLAN100,2025,04,000,0000400000,COIN,007,PLAN100,42525.43,42525.43,42525.43,0,,4500000552,EKKO,20250705,S
100,1000,0000300553,001,00,KS1000MANT100,2025,04,000,0000400000,COIN,007,MANT100,42294.95,42294.95,42294.95,0,,4500000553,EKKO,20250706,S
100,1000,0000300554,001,00,KS1000PLAN100,2025,04,000,0000400000,COIN,007,PLAN100,3968.47,3968.47,3968.47,0,,4500000554,EKKO,20250707,S
100,1000,0000300555,001,00,KS1000MIN100,2025,04,000,0000400000,COIN,007,MIN100,13222.41,13222.41,13222.41,0,,4500000555,EKKO,20250708,S
100,1000,0000300556,001,00,KS1000MANT200,2025,04,000,0000400000,COIN,007,MANT200,6588.94,6588.94,6588.94,0,,4500000556,EKKO,20250709,S
100,1000,0000300557,001,00,KS1000LAB100,2025,04,000,0000400000,COIN,007,LAB100,15241.36,15241.36,15241.36,0,,4500000557,EKKO,20250710,S
100,1000,0000300558,001,00,KS1000LOG100,2025,04,000,0000400000,COIN,007,LOG100,16718.44,16718.44,16718.44,0,,4500000558,EKKO,20250711,S
100,1000,0000300559,001,00,KS1000MANT100,2025,04,000,0000400000,COIN,007,MANT100,49377.67,49377.67,49377.67,0,,4500000559,EKKO,20250712,S
100,1000,0000300560,001,00,KS1000LAB100,2025,04,000,0000400000,COIN,007,LAB100,32078.53,32078.53,32078.53,0,,4500000560,EKKO,20250713,S
100,1000,0000300561,001,00,KS1000LAB100,2025,04,000,0000400000,COIN,007,LAB100,36778.98,36778.98,36778.98,0,,4500000561,EKKO,20250714,S
100,1000,0000300562,001,00,KS1000LAB100,2025,04,000,0000400000,COIN,007,LAB100,17536.53,17536.53,17536.53,0,,4500000562,EKKO,20250715,S
100,1000,0000300563,001,00,KS1000LAB100,2025,04,000,0000400000,COIN,007,LAB100,35989.84,35989.84,35989.84,0,,4500000563,EKKO,20250716,S
100,1000,0000300564,001,00,KS1000MIN100,2025,04,000,0000400000,COIN,007,MIN100,12633.31,12633.31,12633.31,0,,4500000564,EKKO,20250717,S
100,1000,0000300565,001,00,KS1000MANT200,2025,04,000,0000400000,COIN,007,MANT200,6007.4,6007.4,6007.4,0,,4500000565,EKKO,20250718,S
100,1000,0000300566,001,00,KS1000REF100,2025,04,000,0000400000,COIN,007,REF100,13105.99,13105.99,13105.99,0,,4500000566,EKKO,20250719,S
100,1000,0000300567,001,00,KS1000LAB100,2025,04,000,0000400000,COIN,007,LAB100,25348.27,25348.27,25348.27,0,,4500000567,EKKO,20250720,S
100,1000,0000300568,001,00,KS1000LOG100,2025,04,000,0000400000,COIN,007,LOG100,10988.99,10988.99,10988.99,0,,4500000568,EKKO,20250721,S
100,1000,0000300569,001,00,KS1000REF100,2025,04,000,0000400000,COIN,007,REF100,26295.67,26295.67,26295.67,0,,4500000569,EKKO,20250722,S
100,1000,0000300570,001,00,KS1000MANT200,2025,04,000,0000400000,COIN,007,MANT200,38602.78,38602.78,38602.78,0,,4500000570,EKKO,20250723,S
100,1000,0000300571,001,00,KS1000MIN200,2025,04,000,0000400000,COIN,007,MIN200,46895.54,46895.54,46895.54,0,,4500000571,EKKO,20250724,S
100,1000,0000300572,001,00,KS1000MIN200,2025,04,000,0000400000,COIN,007,MIN200,40388.27,40388.27,40388.27,0,,4500000572,EKKO,20250725,S
100,1000,0000300573,001,00,KS1000LAB100,2025,04,000,0000400000,COIN,007,LAB100,21599.37,21599.37,21599.37,0,,4500000573,EKKO,20250726,S
100,1000,0000300574,001,00,KS1000MANT100,2025,04,000,0000400000,COIN,007,MANT100,13224.4,13224.4,13224.4,0,,4500000574,EKKO,20250727,S
100,1000,0000300575,001,00,KS1000LOG100,2025,04,000,0000400000,COIN,007,LOG100,26947.6,26947.6,26947.6,0,,4500000575,EKKO,20250728,S
100,1000,0000300576,001,00,KS1000MANT100,2025,04,000,0000400000,COIN,007,MANT100,6840.45,6840.45,6840.45,0,,4500000576,EKKO,20250729,S
100,1000,0000300577,001,00,KS1000LAB100,2025,04,000,0000400000,COIN,007,LAB100,38539.73,38539.73,38539.73,0,,4500000577,EKKO,20250730,S
100,1000,0000300578,001,00,KS1000MANT100,2025,04,000,0000400000,COIN,007,MANT100,49048.58,49048.58,49048.58,0,,4500000578,EKKO,20250731,S
100,1000,0000300579,001,00,KS1000LOG100,2025,04,000,0000400000,COIN,008,LOG100,15615.02,15615.02,15615.02,0,,4500000579,EKKO,20250801,S
100,1000,0000300580,001,00,KS1000LOG100,2025,04,000,0000400000,COIN,008,LOG100,14119.29,14119.29,14119.29,0,,4500000580,EKKO,20250802,S
100,1000,0000300581,001,00,KS1000REF100,2025,04,000,0000400000,COIN,008,REF100,9860.68,9860.68,9860.68,0,,4500000581,EKKO,20250803,S
100,1000,0000300582,001,00,KS1000LOG100,2025,04,000,0000400000,COIN,008,LOG100,1988.38,1988.38,1988.38,0,,4500000582,EKKO,20250804,S
100,1000,0000300583,001,00,KS1000MIN100,2025,04,000,0000400000,COIN,008,MIN100,8188.51,8188.51,8188.51,0,,4500000583,EKKO,20250805,S
100,1000,0000300584,001,00,KS1000REF100,2025,04,000,0000400000,COIN,008,REF100,42564.6,42564.6,42564.6,0,,4500000584,EKKO,20250806,S
100,1000,0000300585,001,00,KS1000REF100,2025,04,000,0000400000,COIN,008,REF100,19544.95,19544.95,19544.95,0,,4500000585,EKKO,20250807,S
100,1000,0000300586,001,00,KS1000MANT100,2025,04,000,0000400000,COIN,008,MANT100,37961.9,37961.9,37961.9,0,,4500000586,EKKO,20250808,S
100,1000,0000300587,001,00,KS1000PLAN100,2025,04,000,0000400000,COIN,008,PLAN100,15047.33,15047.33,15047.33,0,,4500000587,EKKO,20250809,S
100,1000,0000300588,001,00,KS1000REF100,2025,04,000,0000400000,COIN,008,REF100,27929.34,27929.34,27929.34,0,,4500000588,EKKO,20250810,S
100,1000,0000300589,001,00,KS1000LOG100,2025,04,000,0000400000,COIN,008,LOG100,9023.95,9023.95,9023.95,0,,4500000589,EKKO,20250811,S
100,1000,0000300590,001,00,KS1000MIN200,2025,04,000,0000400000,COIN,008,MIN200,7254.29,7254.29,7254.29,0,,4500000590,EKKO,20250812,S
100,1000,0000300591,001,00,KS1000MIN200,2025,04,000,0000400000,COIN,008,MIN200,15630.05,15630.05,15630.05,0,,4500000591,EKKO,20250813,S
100,1000,0000300592,001,00,KS1000LAB100,2025,04,000,0000400000,COIN,008,LAB100,36300.58,36300.58,36300.58,0,,4500000592,EKKO,20250814,S
100,1000,0000300593,001,00,KS1000REF100,2025,04,000,0000400000,COIN,008,REF100,17780.89,17780.89,17780.89,0,,4500000593,EKKO,20250815,S
100,1000,0000300594,001,00,KS1000LAB100,2025,04,000,0000400000,COIN,008,LAB100,25977.41,25977.41,25977.41,0,,4500000594,EKKO,20250816,S
100,1000,0000300595,001,00,KS1000REF100,2025,04,000,0000400000,COIN,008,REF100,49299.42,49299.42,49299.42,0,,4500000595,EKKO,20250817,S
100,1000,0000300596,001,00,KS1000LOG100,2025,04,000,0000400000,COIN,008,LOG100,30134.19,30134.19,30134.19,0,,4500000596,EKKO,20250818,S
100,1000,0000300597,001,00,KS1000MANT200,2025,04,000,0000400000,COIN,008,MANT200,40890.41,40890.41,40890.41,0,,4500000597,EKKO,20250819,S
100,1000,0000300598,001,00,KS1000LAB100,2025,04,000,0000400000,COIN,008,LAB100,33706.82,33706.82,33706.82,0,,4500000598,EKKO,20250820,S
100,1000,0000300599,001,00,KS1000MANT100,2025,04,000,0000400000,COIN,008,MANT100,30437.2,30437.2,30437.2,0,,4500000599,EKKO,20250821,S
100,1000,0000300600,001,00,KS1000MIN200,2025,04,000,0000400000,COIN,008,MIN200,33394.68,33394.68,33394.68,0,,4500000600,EKKO,20250822,S
100,1000,0000300601,001,00,KS1000MIN200,2025,04,000,0000400000,COIN,008,MIN200,42143.14,42143.14,42143.14,0,,4500000601,EKKO,20250823,S
100,1000,0000300602,001,00,KS1000LOG100,2025,04,000,0000400000,COIN,008,LOG100,27585.35,27585.35,27585.35,0,,4500000602,EKKO,20250824,S
100,1000,0000300603,001,00,KS1000REF100,2025,04,000,0000400000,COIN,008,REF100,10490.81,10490.81,10490.81,0,,4500000603,EKKO,20250825,S
100,1000,0000300604,001,00,KS1000MANT200,2025,04,000,0000400000,COIN,008,MANT200,32122.06,32122.06,32122.06,0,,4500000604,EKKO,20250826,S
100,1000,0000300605,001,00,KS1000MIN100,2025,04,000,0000400000,COIN,008,MIN100,39720.72,39720.72,39720.72,0,,4500000605,EKKO,20250827,S
100,1000,0000300606,001,00,KS1000REF100,2025,04,000,0000400000,COIN,008,REF100,45059.72,45059.72,45059.72,0,,4500000606,EKKO,20250828,S
100,1000,0000300607,001,00,KS1000LOG100,2025,04,000,0000400000,COIN,008,LOG100,23118.16,23118.16,23118.16,0,,4500000607,EKKO,20250829,S
100,1000,0000300608,001,00,KS1000REF100,2025,04,000,0000400000,COIN,008,REF100,5415.28,5415.28,5415.28,0,,4500000608,EKKO,20250830,S
100,1000,0000300609,001,00,KS1000MANT100,2025,04,000,0000400000,COIN,008,MANT100,43894.09,43894.09,43894.09,0,,4500000609,EKKO,20250831,S
100,1000,0000300610,001,00,KS1000REF100,2025,04,000,0000400000,COIN,009,REF100,46305.34,46305.34,46305.34,0,,4500000610,EKKO,20250901,S
100,1000,0000300611,001,00,KS1000MANT100,2025,04,000,0000400000,COIN,009,MANT100,37560.4,37560.4,37560.4,0,,4500000611,EKKO,20250902,S
100,1000,0000300612,001,00,KS1000LOG100,2025,04,000,0000400000,COIN,009,LOG100,5843.79,5843.79,5843.79,0,,4500000612,EKKO,20250903,S
100,1000,0000300613,001,00,KS1000LAB100,2025,04,000,0000400000,COIN,009,LAB100,41967.56,41967.56,41967.56,0,,4500000613,EKKO,20250904,S
100,1000,0000300614,001,00,KS1000MIN200,2025,04,000,0000400000,COIN,009,MIN200,3922.11,3922.11,3922.11,0,,4500000614,EKKO,20250905,S
100,1000,0000300615,001,00,KS1000REF100,2025,04,000,0000400000,COIN,009,REF100,30672.93,30672.93,30672.93,0,,4500000615,EKKO,20250906,S
100,1000,0000300616,001,00,KS1000REF100,2025,04,000,0000400000,COIN,009,REF100,27666.28,27666.28,27666.28,0,,4500000616,EKKO,20250907,S
100,1000,0000300617,001,00,KS1000MIN100,2025,04,000,0000400000,COIN,009,MIN100,18230.38,18230.38,18230.38,0,,4500000617,EKKO,20250908,S
100,1000,0000300618,001,00,KS1000LAB100,2025,04,000,0000400000,COIN,009,LAB100,43827.57,43827.57,43827.57,0,,4500000618,EKKO,20250909,S
100,1000,0000300619,001,00,KS1000MANT200,2025,04,000,0000400000,COIN,009,MANT200,17224.97,17224.97,17224.97,0,,4500000619,EKKO,20250910,S
100,1000,0000300620,001,00,KS1000LOG100,2025,04,000,0000400000,COIN,009,LOG100,38901.21,38901.21,38901.21,0,,4500000620,EKKO,20250911,S
100,1000,0000300621,001,00,KS1000LAB100,2025,04,000,0000400000,COIN,009,LAB100,10498.64,10498.64,10498.64,0,,4500000621,EKKO,20250912,S
100,1000,0000300622,001,00,KS1000LOG100,2025,04,000,0000400000,COIN,009,LOG100,22700.19,22700.19,22700.19,0,,4500000622,EKKO,20250913,S
100,1000,0000300623,001,00,KS1000MANT100,2025,04,000,0000400000,COIN,009,MANT100,1622.66,1622.66,1622.66,0,,4500000623,EKKO,20250914,S
100,1000,0000300624,001,00,KS1000LAB100,2025,04,000,0000400000,COIN,009,LAB100,41103.5,41103.5,41103.5,0,,4500000624,EKKO,20250915,S
100,1000,0000300625,001,00,KS1000PLAN100,2025,04,000,0000400000,COIN,009,PLAN100,37783.65,37783.65,37783.65,0,,4500000625,EKKO,20250916,S
100,1000,0000300626,001,00,KS1000REF100,2025,04,000,0000400000,COIN,009,REF100,6477.96,6477.96,6477.96,0,,4500000626,EKKO,20250917,S
100,1000,0000300627,001,00,KS1000LAB100,2025,04,000,0000400000,COIN,009,LAB100,3685.53,3685.53,3685.53,0,,4500000627,EKKO,20250918,S
100,1000,0000300628,001,00,KS1000PLAN100,2025,04,000,0000400000,COIN,009,PLAN100,28054.79,28054.79,28054.79,0,,4500000628,EKKO,20250919,S
100,1000,0000300629,001,00,KS1000REF100,2025,04,000,0000400000,COIN,009,REF100,3574.97,3574.97,3574.97,0,,4500000629,EKKO,20250920,S
100,1000,0000300630,001,00,KS1000PLAN100,2025,04,000,0000400000,COIN,009,PLAN100,42820.47,42820.47,42820.47,0,,4500000630,EKKO,20250921,S
100,1000,0000300631,001,00,KS1000LAB100,2025,04,000,0000400000,COIN,009,LAB100,11437.51,11437.51,11437.51,0,,4500000631,EKKO,20250922,S
100,1000,0000300632,001,00,KS1000MIN100,2025,04,000,0000400000,COIN,009,MIN100,7387.49,7387.49,7387.49,0,,4500000632,EKKO,20250923,S
100,1000,0000300633,001,00,KS1000MANT200,2025,04,000,0000400000,COIN,009,MANT200,11651.72,11651.72,11651.72,0,,4500000633,EKKO,20250924,S
100,1000,0000300634,001,00,KS1000MIN100,2025,04,000,0000400000,COIN,009,MIN100,34028.08,34028.08,34028.08,0,,4500000634,EKKO,20250925,S
100,1000,0000300635,001,00,KS1000MANT100,2025,04,000,0000400000,COIN,009,MANT100,20150.51,20150.51,20150.51,0,,4500000635,EKKO,20250926,S
100,1000,0000300636,001,00,KS1000MANT100,2025,04,000,0000400000,COIN,009,MANT100,7728.78,7728.78,7728.78,0,,4500000636,EKKO,20250927,S
100,1000,0000300637,001,00,KS1000LOG100,2025,04,000,0000400000,COIN,009,LOG100,20946.71,20946.71,20946.71,0,,4500000637,EKKO,20250928,S
100,1000,0000300638,001,00,KS1000REF100,2025,04,000,0000400000,COIN,009,REF100,27903.64,27903.64,27903.64,0,,4500000638,EKKO,20250929,S
100,1000,0000300639,001,00,KS1000LOG100,2025,04,000,0000400000,COIN,009,LOG100,26544.12,26544.12,26544.12,0,,4500000639,EKKO,20250930,S
100,1000,0000300640,001,00,KS1000MANT200,2025,04,000,0000400000,COIN,010,MANT200,43243.58,43243.58,43243.58,0,,4500000640,EKKO,20251001,S
100,1000,0000300641,001,00,KS1000REF100,2025,04,000,0000400000,COIN,010,REF100,43631.09,43631.09,43631.09,0,,4500000641,EKKO,20251002,S
100,1000,0000300642,001,00,KS1000LAB100,2025,04,000,0000400000,COIN,010,LAB100,21150.48,21150.48,21150.48,0,,4500000642,EKKO,20251003,S
100,1000,0000300643,001,00,KS1000REF100,2025,04,000,0000400000,COIN,010,REF100,34901.32,34901.32,34901.32,0,,4500000643,EKKO,20251004,S
100,1000,0000300644,001,00,KS1000MIN100,2025,04,000,0000400000,COIN,010,MIN100,4842.04,4842.04,4842.04,0,,4500000644,EKKO,20251005,S
100,1000,0000300645,001,00,KS1000MIN200,2025,04,000,0000400000,COIN,010,MIN200,4418.46,4418.46,4418.46,0,,4500000645,EKKO,20251006,S
100,1000,0000300646,001,00,KS1000REF100,2025,04,000,0000400000,COIN,010,REF100,23210.27,23210.27,23210.27,0,,4500000646,EKKO,20251007,S
100,1000,0000300647,001,00,KS1000REF100,2025,04,000,0000400000,COIN,010,REF100,43047.54,43047.54,43047.54,0,,4500000647,EKKO,20251008,S
100,1000,0000300648,001,00,KS1000LOG100,2025,04,000,0000400000,COIN,010,LOG100,43297.24,43297.24,43297.24,0,,4500000648,EKKO,20251009,S
100,1000,0000300649,001,00,KS1000MANT200,2025,04,000,0000400000,COIN,010,MANT200,49628.84,49628.84,49628.84,0,,4500000649,EKKO,20251010,S
100,1000,0000300650,001,00,KS1000MANT100,2025,04,000,0000400000,COIN,010,MANT100,5884.53,5884.53,5884.53,0,,4500000650,EKKO,20251011,S
100,1000,0000300651,001,00,KS1000REF100,2025,04,000,0000400000,COIN,010,REF100,21877.76,21877.76,21877.76,0,,4500000651,EKKO,20251012,S
100,1000,0000300652,001,00,KS1000LAB100,2025,04,000,0000400000,COIN,010,LAB100,7134.39,7134.39,7134.39,0,,4500000652,EKKO,20251013,S
100,1000,0000300653,001,00,KS1000REF100,2025,04,000,0000400000,COIN,010,REF100,2021.51,2021.51,2021.51,0,,4500000653,EKKO,20251014,S
100,1000,0000300654,001,00,KS1000LAB100,2025,04,000,0000400000,COIN,010,LAB100,33678.01,33678.01,33678.01,0,,4500000654,EKKO,20251015,S
100,1000,0000300655,001,00,KS1000LAB100,2025,04,000,0000400000,COIN,010,LAB100,36661.56,36661.56,36661.56,0,,4500000655,EKKO,20251016,S
100,1000,0000300656,001,00,KS1000MIN100,2025,04,000,0000400000,COIN,010,MIN100,14423.74,14423.74,14423.74,0,,4500000656,EKKO,20251017,S
100,1000,0000300657,001,00,KS1000MIN200,2025,04,000,0000400000,COIN,010,MIN200,25557.5,25557.5,25557.5,0,,4500000657,EKKO,20251018,S
100,1000,0000300658,001,00,KS1000REF100,2025,04,000,0000400000,COIN,010,REF100,41769.58,41769.58,41769.58,0,,4500000658,EKKO,20251019,S
100,1000,0000300659,001,00,KS1000PLAN100,2025,04,000,0000400000,COIN,010,PLAN100,43667.99,43667.99,43667.99,0,,4500000659,EKKO,20251020,S
100,1000,0000300660,001,00,KS1000REF100,2025,04,000,0000400000,COIN,010,REF100,20944.98,20944.98,20944.98,0,,4500000660,EKKO,20251021,S
100,1000,0000300661,001,00,KS1000LAB100,2025,04,000,0000400000,COIN,010,LAB100,35579.54,35579.54,35579.54,0,,4500000661,EKKO,20251022,S
100,1000,0000300662,001,00,KS1000REF100,2025,04,000,0000400000,COIN,010,REF100,34681.08,34681.08,34681.08,0,,4500000662,EKKO,20251023,S
100,1000,0000300663,001,00,KS1000PLAN100,2025,04,000,0000400000,COIN,010,PLAN100,41738.82,41738.82,41738.82,0,,4500000663,EKKO,20251024,S
100,1000,0000300664,001,00,KS1000MANT100,2025,04,000,0000400000,COIN,010,MANT100,43667.59,43667.59,43667.59,0,,4500000664,EKKO,20251025,S
100,1000,0000300665,001,00,KS1000LAB100,2025,04,000,0000400000,COIN,010,LAB100,26848.95,26848.95,26848.95,0,,4500000665,EKKO,20251026,S
100,1000,0000300666,001,00,KS1000MANT200,2025,04,000,0000400000,COIN,010,MANT200,13348.46,13348.46,13348.46,0,,4500000666,EKKO,20251027,S
100,1000,0000300667,001,00,KS1000PLAN100,2025,04,000,0000400000,COIN,010,PLAN100,39629.41,39629.41,39629.41,0,,4500000667,EKKO,20251028,S
100,1000,0000300668,001,00,KS1000LAB100,2025,04,000,0000400000,COIN,010,LAB100,24684.18,24684.18,24684.18,0,,4500000668,EKKO,20251029,S
100,1000,0000300669,001,00,KS1000MANT100,2025,04,000,0000400000,COIN,010,MANT100,7112.35,7112.35,7112.35,0,,4500000669,EKKO,20251030,S
100,1000,0000300670,001,00,KS1000PLAN100,2025,04,000,0000400000,COIN,010,PLAN100,47457.9,47457.9,47457.9,0,,4500000670,EKKO,20251031,S
100,1000,0000300671,001,00,KS1000LAB100,2025,04,000,0000400000,COIN,011,LAB100,40155.8,40155.8,40155.8,0,,4500000671,EKKO,20251101,S
100,1000,0000300672,001,00,KS1000REF100,2025,04,000,0000400000,COIN,011,REF100,32758.68,32758.68,32758.68,0,,4500000672,EKKO,20251102,S
100,1000,0000300673,001,00,KS1000LAB100,2025,04,000,0000400000,COIN,011,LAB100,40933.67,40933.67,40933.67,0,,4500000673,EKKO,20251103,S
100,1000,0000300674,001,00,KS1000MANT200,2025,04,000,0000400000,COIN,011,MANT200,45668.44,45668.44,45668.44,0,,4500000674,EKKO,20251104,S
100,1000,0000300675,001,00,KS1000PLAN100,2025,04,000,0000400000,COIN,011,PLAN100,47159.05,47159.05,47159.05,0,,4500000675,EKKO,20251105,S
100,1000,0000300676,001,00,KS1000PLAN100,2025,04,000,0000400000,COIN,011,PLAN100,9336.14,9336.14,9336.14,0,,4500000676,EKKO,20251106,S
100,1000,0000300677,001,00,KS1000MANT100,2025,04,000,0000400000,COIN,011,MANT100,17323.41,17323.41,17323.41,0,,4500000677,EKKO,20251107,S
100,1000,0000300678,001,00,KS1000MANT100,2025,04,000,0000400000,COIN,011,MANT100,1805.83,1805.83,1805.83,0,,4500000678,EKKO,20251108,S
100,1000,0000300679,001,00,KS1000MANT100,2025,04,000,0000400000,COIN,011,MANT100,7993.23,7993.23,7993.23,0,,4500000679,EKKO,20251109,S
100,1000,0000300680,001,00,KS1000MIN100,2025,04,000,0000400000,COIN,011,MIN100,966.49,966.49,966.49,0,,4500000680,EKKO,20251110,S
100,1000,0000300681,001,00,KS1000LAB100,2025,04,000,0000400000,COIN,011,LAB100,31990.82,31990.82,31990.82,0,,4500000681,EKKO,20251111,S
100,1000,0000300682,001,00,KS1000PLAN100,2025,04,000,0000400000,COIN,011,PLAN100,20273.01,20273.01,20273.01,0,,4500000682,EKKO,20251112,S
100,1000,0000300683,001,00,KS1000MIN100,2025,04,000,0000400000,COIN,011,MIN100,38172.85,38172.85,38172.85,0,,4500000683,EKKO,20251113,S
100,1000,0000300684,001,00,KS1000LAB100,2025,04,000,0000400000,COIN,011,LAB100,22553.4,22553.4,22553.4,0,,4500000684,EKKO,20251114,S
100,1000,0000300685,001,00,KS1000LAB100,2025,04,000,0000400000,COIN,011,LAB100,40110.37,40110.37,40110.37,0,,4500000685,EKKO,20251115,S
100,1000,0000300686,001,00,KS1000MANT100,2025,04,000,0000400000,COIN,011,MANT100,10832.77,10832.77,10832.77,0,,4500000686,EKKO,20251116,S
100,1000,0000300687,001,00,KS1000LOG100,2025,04,000,0000400000,COIN,011,LOG100,41892.77,41892.77,41892.77,0,,4500000687,EKKO,20251117,S
100,1000,0000300688,001,00,KS1000MIN100,2025,04,000,0000400000,COIN,011,MIN100,36204.32,36204.32,36204.32,0,,4500000688,EKKO,20251118,S
100,1000,0000300689,001,00,KS1000MANT200,2025,04,000,0000400000,COIN,011,MANT200,35321.47,35321.47,35321.47,0,,4500000689,EKKO,20251119,S
100,1000,0000300690,001,00,KS1000LOG100,2025,04,000,0000400000,COIN,011,LOG100,19323.69,19323.69,19323.69,0,,4500000690,EKKO,20251120,S
100,1000,0000300691,001,00,KS1000MIN200,2025,04,000,0000400000,COIN,011,MIN200,48835.26,48835.26,48835.26,0,,4500000691,EKKO,20251121,S
100,1000,0000300692,001,00,KS1000LAB100,2025,04,000,0000400000,COIN,011,LAB100,29930.49,29930.49,29930.49,0,,4500000692,EKKO,20251122,S
100,1000,0000300693,001,00,KS1000MIN200,2025,04,000,0000400000,COIN,011,MIN200,12227.27,12227.27,12227.27,0,,4500000693,EKKO,20251123,S
100,1000,0000300694,001,00,KS1000MANT100,2025,04,000,0000400000,COIN,011,MANT100,40159.69,40159.69,40159.69,0,,4500000694,EKKO,20251124,S
100,1000,0000300695,001,00,KS1000LOG100,2025,04,000,0000400000,COIN,011,LOG100,41834.47,41834.47,41834.47,0,,4500000695,EKKO,20251125,S
100,1000,0000300696,001,00,KS1000REF100,2025,04,000,0000400000,COIN,011,REF100,37429.8,37429.8,37429.8,0,,4500000696,EKKO,20251126,S
100,1000,0000300697,001,00,KS1000MIN200,2025,04,000,0000400000,COIN,011,MIN200,32890.53,32890.53,32890.53,0,,4500000697,EKKO,20251127,S
100,1000,0000300698,001,00,KS1000LOG100,2025,04,000,0000400000,COIN,011,LOG100,17886.73,17886.73,17886.73,0,,4500000698,EKKO,20251128,S
100,1000,0000300699,001,00,KS1000REF100,2025,04,000,0000400000,COIN,011,REF100,29944.89,29944.89,29944.89,0,,4500000699,EKKO,20251129,S
100,1000,0000300700,001,00,KS1000MIN200,2025,04,000,0000400000,COIN,011,MIN200,43384.6,43384.6,43384.6,0,,4500000700,EKKO,20251130,S
100,1000,0000300701,001,00,KS1000LAB100,2025,04,000,0000400000,COIN,012,LAB100,10704.18,10704.18,10704.18,0,,4500000701,EKKO,20251201,S
100,1000,0000300702,001,00,KS1000MANT200,2025,04,000,0000400000,COIN,012,MANT200,11300.71,11300.71,11300.71,0,,4500000702,EKKO,20251202,S
100,1000,0000300703,001,00,KS1000REF100,2025,04,000,0000400000,COIN,012,REF100,8326.85,8326.85,8326.85,0,,4500000703,EKKO,20251203,S
100,1000,0000300704,001,00,KS1000LAB100,2025,04,000,0000400000,COIN,012,LAB100,42093.44,42093.44,42093.44,0,,4500000704,EKKO,20251204,S
100,1000,0000300705,001,00,KS1000ADM100,2025,04,000,0000420000,COIN,012,ADM100,49990.75,49990.75,49990.75,0,,4500000705,EKKO,20251205,S
100,1000,0000300706,001,00,KS1000ADM100,2025,04,000,0000420000,COIN,012,ADM100,17877.25,17877.25,17877.25,0,,4500000706,EKKO,20251206,S
100,1000,0000300707,001,00,KS1000ADM100,2025,04,000,0000420000,COIN,012,ADM100,10708.83,10708.83,10708.83,0,,4500000707,EKKO,20251207,S
100,1000,0000300708,001,00,KS1000ADM100,2025,04,000,0000420000,COIN,012,ADM100,7532.43,7532.43,7532.43,0,,4500000708,EKKO,20251208,S
100,1000,0000300709,001,00,KS1000LAB100,2025,04,000,0000400000,COIN,012,LAB100,31782.93,31782.93,31782.93,0,,4500000709,EKKO,20251209,S
100,1000,0000300710,001,00,KS1000MIN100,2025,04,000,0000400000,COIN,012,MIN100,17319.77,17319.77,17319.77,0,,4500000710,EKKO,20251210,S
100,1000,0000300711,001,00,KS1000LOG100,2025,04,000,0000400000,COIN,012,LOG100,11403.78,11403.78,11403.78,0,,4500000711,EKKO,20251211,S
100,1000,0000300712,001,00,KS1000LAB100,2025,04,000,0000400000,COIN,012,LAB100,24042.05,24042.05,24042.05,0,,4500000712,EKKO,20251212,S
100,1000,0000300713,001,00,KS1000LAB100,2025,04,000,0000400000,COIN,012,LAB100,11933.52,11933.52,11933.52,0,,4500000713,EKKO,20251213,S
100,1000,0000300714,001,00,KS1000LOG100,2025,04,000,0000400000,COIN,012,LOG100,11179.7,11179.7,11179.7,0,,4500000714,EKKO,20251214,S
100,1000,0000300715,001,00,KS1000LOG100,2025,04,000,0000400000,COIN,012,LOG100,34202.38,34202.38,34202.38,0,,4500000715,EKKO,20251215,S
100,1000,0000300716,001,00,KS1000REF100,2025,04,000,0000400000,COIN,012,REF100,45742.13,45742.13,45742.13,0,,4500000716,EKKO,20251216,S
100,1000,0000300717,001,00,KS1000MANT100,2025,04,000,0000400000,COIN,012,MANT100,38677.81,38677.81,38677.81,0,,4500000717,EKKO,20251217,S
100,1000,0000300718,001,00,KS1000REF100,2025,04,000,0000400000,COIN,012,REF100,8372.94,8372.94,8372.94,0,,4500000718,EKKO,20251218,S
100,1000,0000300719,001,00,KS1000ADM100,2025,04,000,0000420000,COIN,012,ADM100,21514.25,21514.25,21514.25,0,,4500000719,EKKO,20251219,S
100,1000,0000300720,001,00,KS1000ADM100,2025,04,000,0000420000,COIN,012,ADM100,39047.87,39047.87,39047.87,0,,4500000720,EKKO,20251220,S
100,1000,0000300721,001,00,KS1000REF100,2025,04,000,0000400000,COIN,012,REF100,38478.62,38478.62,38478.62,0,,4500000721,EKKO,20251221,S
100,1000,0000300722,001,00,KS1000MIN100,2025,04,000,0000400000,COIN,012,MIN100,31011.11,31011.11,31011.11,0,,4500000722,EKKO,20251222,S
100,1000,0000300723,001,00,KS1000LOG100,2025,04,000,0000400000,COIN,012,LOG100,26909.88,26909.88,26909.88,0,,4500000723,EKKO,20251223,S
100,1000,0000300724,001,00,KS1000MANT200,2025,04,000,0000400000,COIN,012,MANT200,8081.92,8081.92,8081.92,0,,4500000724,EKKO,20251224,S
100,1000,0000300725,001,00,KS1000LOG100,2025,04,000,0000400000,COIN,012,LOG100,16860.46,16860.46,16860.46,0,,4500000725,EKKO,20251225,S
100,1000,0000300726,001,00,KS1000ADM100,2025,04,000,0000420000,COIN,012,ADM100,33036.83,33036.83,33036.83,0,,4500000726,EKKO,20251226,S
100,1000,0000300727,001,00,KS1000ADM100,2025,04,000,0000420000,COIN,012,ADM100,29701.18,29701.18,29701.18,0,,4500000727,EKKO,20251227,S
100,1000,0000300728,001,00,KS1000LOG100,2025,04,000,0000400000,COIN,012,LOG100,2288.42,2288.42,2288.42,0,,4500000728,EKKO,20251228,S
100,1000,0000300729,001,00,KS1000MANT200,2025,04,000,0000400000,COIN,012,MANT200,29842.79,29842.79,29842.79,0,,4500000729,EKKO,20251229,S
100,1000,0000300730,001,00,KS1000MIN200,2025,04,000,0000400000,COIN,012,MIN200,27552.87,27552.87,27552.87,0,,4500000730,EKKO,20251230,S
100,1000,0000300731,001,00,KS1000LOG100,2025,04,000,0000400000,COIN,012,LOG100,16816.69,16816.69,16816.69,0,,4500000731,EKKO,20251231,S
